word,frequency
the,14904
of,8141
a,7692
and,7207
to,4954
he,4271
i,2989
s,2818
it,2807
that,2776
with,2515
wa,2131
on,2115
you,2012
for,1933
her,1783
him,1524
is,1432
all,1319
at,1288
by,1267
said,1208
she,1188
from,1087
they,1049
bloom,1000
what,972
or,956
me,946
mr,920
not,891
be,878
my,832
had,814
there,814
one,757
like,748
their,719
have,694
but,692
no,682
them,672
t,668
an,656
so,615
o,590
stephen,579
then,577
when,550
if,539
about,534
are,533
who,518
which,518
were,511
old,488
your,487
we,464
hand,460
time,457
eye,447
this,445
see,444
too,442
do,440
now,438
after,428
did,404
know,399
two,392
would,385
off,370
back,365
yes,358
will,353
day,337
woman,334
good,331
where,330
into,330
come,330
other,320
those,316
some,315
more,315
could,311
thing,308
street,306
ha,306
way,297
here,296
m,296
little,290
our,290
how,284
go,279
first,278
get,278
u,271
face,268
can,267
god,261
only,253
head,252
never,252
just,249
through,248
right,248
night,245
round,244
again,244
name,243
long,240
look,237
word,230
very,226
under,224
ll,223
put,223
himself,221
life,221
sir,220
because,219
make,218
before,218
let,208
j,206
been,205
voice,204
don,204
year,202
give,198
house,197
came,197
john,196
still,195
hat,193
young,192
any,191
love,191
why,190
asked,187
poor,185
last,185
made,182
went,182
got,182
take,180
being,180
tell,179
something,178
might,176
three,174
always,174
dedalus,174
though,173
fellow,171
think,170
than,169
same,168
am,163
much,163
place,163
white,163
mulligan,163
ever,161
foot,161
bit,160
world,159
lord,157
water,157
men,155
call,155
own,153
new,153
wife,151
most,150
mother,150
door,147
black,146
d,146
behind,145
told,144
girl,144
arm,141
took,141
every,141
heart,140
thought,139
without,138
joe,137
high,135
till,134
turned,134
son,133
between,133
light,132
boy,132
best,131
side,131
upon,131
such,130
while,129
against,128
hair,128
hear,128
lady,127
dark,127
great,127
child,127
dublin,127
heard,127
once,127
another,126
half,125
gave,124
gentleman,124
wait,124
dead,123
coming,122
big,122
air,120
towards,120
morning,119
point,119
letter,118
home,118
along,116
having,116
kind,116
near,115
open,115
sea,115
feel,115
suppose,114
red,113
bed,113
re,113
irish,112
paper,111
looked,110
mean,109
knew,107
martin,107
lenehan,107
money,106
second,106
both,105
zoe,105
far,103
citizen,103
book,103
full,102
past,101
these,101
wonder,100
green,100
power,100
friend,100
turn,100
watch,100
nothing,100
sure,99
c,99
p,98
mind,98
four,97
passed,97
end,96
window,95
moment,95
each,95
lip,95
may,93
soul,93
five,93
gold,93
death,92
keep,91
bad,90
body,89
gone,89
master,89
ear,89
stood,89
land,88
called,88
anything,88
also,87
lost,87
king,87
hour,87
show,86
ah,85
walk,85
quite,85
ireland,85
brother,84
table,83
dear,83
form,83
hold,83
yet,83
blue,82
sun,82
dignam,82
ten,82
should,82
brought,82
horse,81
line,81
perhaps,81
cried,81
part,81
many,80
done,80
henry,79
rose,79
professor,78
people,78
didn,77
walked,77
cunningham,77
ben,77
work,77
lovely,77
few,76
seen,76
music,76
saint,76
cry,76
used,76
remember,75
de,75
believe,74
lay,73
tea,73
today,73
run,72
matter,72
boylan,72
leopold,72
conmee,72
molly,71
slowly,71
myself,71
boot,70
enough,70
drink,70
hope,70
lynch,70
nature,69
glass,69
earth,68
next,68
shilling,68
won,68
nose,68
bob,68
grey,68
wall,67
order,67
ned,67
wind,67
number,67
evening,66
haines,66
rock,66
cissy,66
shall,66
answered,66
idea,66
fact,66
fine,66
leg,65
set,65
shoulder,65
stone,65
gerty,64
across,64
figure,64
hard,64
cold,63
daughter,63
talking,63
room,63
true,62
getting,62
age,62
rest,62
law,62
breath,62
ought,62
wouldn,61
held,61
fire,61
others,61
alf,61
waiting,61
whole,60
person,60
rather,60
holy,60
play,60
laugh,59
laughing,59
nor,59
smell,59
step,59
stand,59
dollard,59
met,59
human,59
free,59
write,58
together,58
around,58
answer,58
saying,58
tap,58
church,58
priest,58
six,58
smile,58
large,57
soft,57
city,57
simply,57
kiss,57
change,57
blind,57
country,57
road,57
jew,57
among,57
art,57
pound,56
speak,56
often,56
married,56
doing,56
found,56
walking,56
beauty,56
trouser,56
mary,56
office,56
female,56
queen,55
le,55
question,55
fall,55
thou,55
lie,55
lot,55
page,55
ask,55
cup,55
penny,55
try,55
stop,54
somewhere,54
e,54
live,54
followed,54
quickly,54
fell,53
quick,53
lambert,53
present,53
ay,53
b,53
neck,53
passing,52
themselves,52
husband,52
milk,52
cut,52
language,52
month,52
bridge,52
simon,52
warm,52
blood,52
eh,52
laid,52
sitting,52
forth,51
sister,51
hot,51
tongue,51
company,51
since,51
molloy,51
couldn,51
mine,51
cap,51
bread,51
court,50
im,50
yellow,50
pay,50
began,50
touch,50
hell,50
car,50
ago,50
alone,50
job,49
fat,49
really,49
pas,49
sleep,49
stick,49
skin,49
douce,49
mirror,48
kelleher,48
itself,48
card,48
short,48
general,48
corny,48
pair,48
whom,47
care,47
caffrey,47
shakespeare,47
low,47
act,47
different,47
bring,47
silent,47
sign,46
tree,46
field,46
family,46
paddy,46
account,46
bell,46
devil,46
royal,46
bronze,46
blessed,46
bright,46
blaze,46
tear,46
silk,46
teeth,46
talk,46
knee,46
whose,46
secret,45
sailor,45
heavy,45
making,45
nine,45
race,45
smiled,45
thinking,45
hundred,45
someone,45
beside,45
however,45
meet,45
please,45
tom,45
trouble,45
lane,45
bar,44
hall,44
milly,44
public,44
sad,44
week,44
leave,44
least,44
inside,44
reason,44
gaze,44
none,44
crawford,44
small,44
cowley,44
song,44
memory,44
standing,44
per,44
deasy,44
thanks,44
la,44
sort,44
sin,43
heaven,43
thousand,43
prince,43
trying,43
dress,43
natural,43
given,43
breen,43
above,43
eat,43
richie,43
late,43
herself,43
ad,43
virag,43
colour,42
fear,42
return,42
hotel,42
flynn,42
clean,42
male,42
whore,42
forget,42
possible,42
wrote,42
florry,42
twice,42
moon,42
square,42
drew,41
ball,41
key,41
coy,41
bello,41
died,41
kitty,41
rich,41
gate,41
carriage,41
within,41
sat,41
business,41
eglinton,41
running,41
seven,41
george,40
hed,40
taken,40
flesh,40
note,40
myles,40
row,40
instant,40
cat,40
sent,40
cheek,40
heel,39
kernan,39
l,39
north,39
suddenly,39
catch,39
sing,39
william,39
wear,39
else,39
poet,39
laughed,39
edy,39
throw,39
gently,38
smiling,38
start,38
eleven,38
moved,38
added,38
use,38
ground,38
spirit,38
kennedy,38
help,38
h,38
south,38
feeling,38
yourself,38
tommy,38
everything,38
ring,38
beyond,38
wave,38
beautiful,38
id,38
pleasure,37
bottle,37
whether,37
die,37
didnt,37
stopped,37
fresh,37
top,37
sand,37
outside,37
lifted,37
funeral,37
slow,37
scene,37
wouldnt,37
garden,37
baby,36
wild,36
grave,36
singing,36
bella,36
animal,36
wyse,36
dying,36
sit,36
thats,36
clock,36
suit,36
halted,36
reverend,36
either,36
amid,36
deep,36
stuck,36
manner,36
shirt,36
sight,36
summer,36
during,36
jesus,36
reading,35
known,35
theyre,35
raised,35
wish,35
sometimes,35
wine,35
picture,35
probably,35
marion,35
lower,35
burke,35
laughter,35
breast,35
moses,35
silence,35
understand,35
pray,35
character,34
whatever,34
birth,34
quay,34
bone,34
hynes,34
certainly,34
french,34
cross,34
ancient,34
pretty,34
sang,34
cause,34
rain,34
egg,34
james,34
w,34
story,34
various,34
bull,34
handkerchief,33
floor,33
hate,33
hee,33
tail,33
hello,33
living,33
fish,33
softly,33
real,33
thank,33
draw,33
goulding,33
quietly,33
lamp,33
paid,33
attention,33
aside,32
knife,32
fool,32
chair,32
strong,32
speech,32
ghost,32
lift,32
wet,32
host,32
usual,32
object,32
sheet,32
doctor,32
ran,32
bird,32
seems,32
youth,32
widow,32
middle,32
nosey,32
ship,32
written,32
davy,32
soon,32
dr,31
beard,31
glance,31
mark,31
happy,31
subject,31
tram,31
simple,31
dont,31
almost,31
mass,31
space,31
rise,31
common,31
indeed,31
brow,31
shut,31
liked,31
patrick,31
coffin,31
seeing,31
worse,31
island,30
carr,30
christ,30
loudly,30
worth,30
tight,30
doesn,30
meat,30
kitchen,30
fashion,30
coat,30
drunk,30
park,30
ward,30
clothes,30
paris,30
rising,30
luck,30
grand,30
london,30
meeting,30
kinch,30
candle,30
several,30
bank,30
quarter,29
twenty,29
press,29
phenomenon,29
doorway,29
bend,29
knock,29
begat,29
town,29
dance,29
easy,29
f,29
played,29
bought,29
loved,29
handed,29
seemed,29
war,29
shake,28
greek,28
closed,28
pure,28
bay,28
shoe,28
sense,28
watched,28
butter,28
dream,28
history,28
dame,28
piano,28
malachi,28
afraid,28
brain,28
guest,28
editor,28
tomorrow,28
honourable,28
isn,28
cigarette,28
english,28
kidney,28
gob,28
mountain,28
instance,28
position,28
moustache,28
envelope,28
putting,28
honour,28
shell,28
railway,27
listen,27
byrne,27
example,27
couldnt,27
soap,27
belly,27
pin,27
match,27
kick,27
horn,27
bottom,27
fly,27
bearing,27
false,27
lived,27
shout,27
tall,27
drank,27
view,27
truth,27
food,27
faith,27
spanish,27
tiny,27
need,27
menton,27
bear,26
pace,26
appears,26
twin,26
ashplant,26
bow,26
straight,26
cream,26
sigh,26
seat,26
spot,26
strange,26
potato,26
bald,26
rolled,26
rev,26
opened,26
giving,26
begin,26
boardman,26
plain,26
crowd,26
stay,26
tweedy,26
hill,26
reflection,26
crossed,26
circle,26
million,26
college,26
wasn,26
straw,26
medical,26
statue,26
easily,26
mourning,26
blow,26
bill,26
drawer,26
pain,26
pick,26
somebody,25
remembered,25
besides,25
twelve,25
dillon,25
touched,25
petticoat,25
stocking,25
michael,25
imagine,25
collar,25
notice,25
wide,25
bucket,25
roman,25
gazed,25
justice,25
lightly,25
umbrella,25
learn,25
taste,25
perfume,25
waistcoat,25
dinner,25
sacred,25
society,25
thomas,25
empty,25
influence,25
soldier,25
kissed,25
threw,25
gentle,25
received,25
writing,25
shape,24
slip,24
mount,24
glove,24
joseph,24
possibly,24
murder,24
smoke,24
tried,24
playing,24
excuse,24
joy,24
heat,24
occasion,24
curve,24
organ,24
nymph,24
habit,24
stuff,24
poldy,24
dressed,24
address,24
cow,24
glad,24
pull,24
dirty,24
fruit,24
pint,24
drinking,24
castle,24
flow,24
noise,24
wearing,24
martha,24
ate,24
peter,24
wore,24
loud,24
student,24
dry,23
drawn,23
pillar,23
clear,23
trinity,23
evidence,23
send,23
tonight,23
harry,23
quid,23
sake,23
counter,23
lyon,23
gibraltar,23
smart,23
watching,23
drop,23
forgot,23
salt,23
burst,23
drove,23
sideways,23
concert,23
darling,23
terrible,23
desire,23
chord,23
movement,22
shook,22
plate,22
box,22
wonderful,22
mile,22
mercy,22
neither,22
meant,22
palm,22
awfully,22
library,22
caught,22
wood,22
jingle,22
broken,22
fit,22
board,22
breakfast,22
lidwell,22
doran,22
weak,22
break,22
carry,22
tide,22
lover,22
follow,22
problem,22
study,22
existence,22
shop,22
period,22
effect,22
chief,22
shot,22
peace,22
chance,22
bound,22
sky,22
term,22
pig,22
noble,22
parnell,22
nobody,22
eating,22
hero,22
poetry,22
machugh,22
highly,22
nail,22
spring,22
g,22
article,22
prayer,22
staring,22
mad,22
hang,22
yard,21
remark,21
waited,21
already,21
member,21
interesting,21
golden,21
glanced,21
carried,21
holles,21
famous,21
cover,21
cheap,21
jacky,21
entered,21
naked,21
tired,21
containing,21
nation,21
et,21
listening,21
terry,21
west,21
philip,21
state,21
england,21
purpose,21
pointing,21
moving,21
except,21
leaf,21
struck,21
plump,21
handsome,21
italian,21
move,21
servant,21
dilly,21
event,21
rush,21
wheel,21
mina,21
hurry,20
rudolph,20
cant,20
post,20
shining,20
aunt,20
nun,20
fro,20
ve,20
cast,20
beginning,20
curse,20
creature,20
sudden,20
everyone,20
killed,20
greatest,20
bantam,20
visit,20
gay,20
odour,20
farther,20
action,20
officer,20
hospital,20
rule,20
yesterday,20
dixon,20
purefoy,20
covered,20
kept,20
especially,20
pleasant,20
future,20
station,20
stranger,20
river,20
veil,20
upper,20
interest,20
cake,20
proud,20
nurse,20
perfect,20
k,20
train,20
showed,20
happened,20
distant,20
dancing,20
slightly,20
whisper,20
skull,20
vast,20
stage,20
throat,20
chamber,20
offer,19
union,19
wise,19
connell,19
captain,19
coffee,19
garter,19
sick,19
marriage,19
proper,19
force,19
evil,19
thigh,19
boat,19
sorry,19
rapidly,19
noticed,19
prayed,19
wit,19
fast,19
liver,19
silly,19
pa,19
placed,19
direction,19
consequence,19
sharp,19
christian,19
brief,19
oil,19
opening,19
ash,19
charles,19
stiff,19
angel,19
photo,19
march,19
paw,19
whispered,19
beast,19
odd,19
harm,19
printed,19
howth,19
yours,19
newspaper,19
wash,19
alive,19
wasnt,19
beat,19
health,19
stamp,18
reached,18
nostril,18
stared,18
list,18
brass,18
eight,18
strike,18
nolan,18
theatre,18
pulled,18
fight,18
hurt,18
edward,18
papa,18
offered,18
personal,18
letting,18
keyes,18
path,18
wisdom,18
cattle,18
lifting,18
mixed,18
inner,18
mayor,18
delight,18
later,18
leaving,18
merry,18
tooraloom,18
shes,18
tie,18
steel,18
whistle,18
fork,18
welcome,18
monday,18
price,18
flash,18
lead,18
flung,18
sugar,18
tribe,18
lock,18
gift,18
uncle,18
trick,18
pale,18
r,18
cloth,18
service,18
compton,18
pot,18
messrs,18
nearer,18
barrel,18
design,18
premise,18
weather,18
thrust,18
strength,18
soup,18
couple,17
clap,17
june,17
expression,17
bishop,17
garment,17
removed,17
elijah,17
bringing,17
saved,17
british,17
raise,17
oyster,17
orange,17
infant,17
presence,17
huge,17
value,17
purple,17
hose,17
jarvey,17
repeated,17
smoking,17
fifteen,17
sock,17
stepped,17
intelligence,17
opinion,17
cousin,17
cough,17
leather,17
lean,17
early,17
mention,17
staircase,17
breaking,17
silently,17
appeared,17
roll,17
rag,17
marked,17
unless,17
erin,17
anybody,17
nodded,17
ma,17
ormond,17
hung,17
properly,17
goodbye,17
otherwise,17
filled,17
leonard,17
drawing,17
clay,17
sell,17
surprise,17
raw,17
maid,17
poured,17
edge,17
result,17
tale,17
hadn,17
scheme,17
duck,17
neighbour,17
forehead,17
onion,17
mentioned,17
sleeve,17
tip,16
chest,16
non,16
win,16
jacket,16
butcher,16
splendid,16
possibility,16
lose,16
disease,16
below,16
pretending,16
fifty,16
curious,16
ticket,16
elbow,16
mistake,16
bleeding,16
companion,16
heigho,16
joke,16
residence,16
doubt,16
spectacle,16
nought,16
keeper,16
hearing,16
bite,16
approach,16
listener,16
saluted,16
touching,16
broad,16
feed,16
stomach,16
goose,16
fox,16
macdowell,16
altar,16
bet,16
shelter,16
egypt,16
moral,16
lent,16
fan,16
madam,16
feature,16
bench,16
exactly,16
limb,16
ink,16
judge,16
womb,16
ye,16
witness,16
degree,16
leap,16
served,16
brings,16
bride,16
news,16
sex,16
stream,16
traveller,16
crack,16
washing,16
produced,16
funny,16
denis,16
spain,16
anyone,16
ti,16
rochford,16
monk,16
favour,16
drunken,16
duty,16
burning,16
gesture,16
capital,16
pointed,16
nerve,16
costello,16
favourite,16
belief,16
awhile,16
similar,16
rope,16
bowed,16
pleased,15
ruin,15
firm,15
follows,15
fun,15
lace,15
apart,15
thursday,15
jaw,15
merchant,15
cuckoo,15
sheep,15
according,15
property,15
twilight,15
goat,15
van,15
passage,15
wandering,15
wont,15
constable,15
horne,15
listened,15
nelson,15
flood,15
navvy,15
vincent,15
county,15
sold,15
admired,15
sandymount,15
diamond,15
blowing,15
suggestion,15
fallen,15
picked,15
instead,15
literature,15
murmuring,15
volume,15
acquaintance,15
richard,15
darkness,15
former,15
rolling,15
bawd,15
understood,15
evidently,15
meaning,15
anyway,15
beef,15
glory,15
symbol,15
concerning,15
pulling,15
nay,15
satisfaction,15
afternoon,15
grass,15
deed,15
corporation,15
latter,15
leader,15
tour,15
meal,15
legal,15
narrator,15
costume,15
charming,15
dust,15
tissue,15
grief,15
brush,15
needle,15
addressed,15
solicitor,15
constellation,15
crooked,15
sail,15
flying,15
stretched,15
becomes,15
toe,15
sunday,14
size,14
railing,14
grow,14
sofa,14
olive,14
experience,14
sensation,14
sport,14
bending,14
picking,14
wake,14
bold,14
battle,14
europe,14
agendath,14
hers,14
tender,14
built,14
started,14
regard,14
curbstone,14
clever,14
farmer,14
rat,14
bard,14
region,14
flame,14
lamb,14
guinness,14
policeman,14
sending,14
cure,14
bachelor,14
lydia,14
knelt,14
gas,14
shed,14
advertisement,14
virtue,14
catholic,14
begob,14
shore,14
museum,14
dozen,14
eve,14
lonely,14
bitch,14
conroy,14
nod,14
gaily,14
talbot,14
leaned,14
coincidence,14
trade,14
embrace,14
sober,14
sorrow,14
replied,14
area,14
friday,14
government,14
aid,14
moore,14
beaufoy,14
twas,14
height,14
sunlight,14
apple,14
coal,14
lemon,14
mystery,14
visible,14
rate,14
awful,14
particularly,14
slight,14
kildare,14
beg,14
nodding,14
bass,14
storm,14
absence,14
nearly,14
dressing,14
inch,14
verse,14
deeply,14
corpse,14
plant,14
eyed,14
breech,14
level,14
david,14
leading,14
hollow,14
religion,14
everybody,14
reuben,14
curtain,14
purchase,14
opera,14
blouse,14
calf,14
agent,14
rendered,14
bang,14
alexander,14
motion,14
lit,14
mutual,14
wire,14
tin,14
punch,14
appearance,13
hath,13
link,13
bennett,13
base,13
pianola,13
musical,13
protestant,13
type,13
nannetti,13
amount,13
clerk,13
foreign,13
blame,13
whereas,13
haven,13
reply,13
wreath,13
cannot,13
swiftly,13
inclined,13
previously,13
bat,13
practice,13
peak,13
lightning,13
balance,13
stock,13
blew,13
dolphin,13
deceased,13
avenue,13
subsequently,13
reflected,13
knight,13
worst,13
venus,13
glorious,13
scarcely,13
heir,13
measure,13
discussion,13
sceptre,13
working,13
sighing,13
excellent,13
weary,13
asleep,13
respect,13
raising,13
blond,13
genius,13
necessary,13
fanning,13
shift,13
empire,13
science,13
newsboy,13
peep,13
connor,13
creaking,13
loaf,13
murphy,13
choice,13
perfectly,13
final,13
howard,13
wagging,13
rank,13
swaying,13
pass,13
councillor,13
mental,13
lodge,13
shaking,13
sleeping,13
invisible,13
university,13
barney,13
ceased,13
wing,13
remind,13
store,13
goodwin,13
literary,13
bernard,13
seem,13
cabbage,13
sixteen,13
abbey,13
proceeded,13
leaping,13
lo,13
robert,13
produce,13
system,13
poulaphouca,13
lunch,13
co,13
n,13
eccles,13
commercial,13
market,13
gown,13
kevin,13
si,13
sighed,13
altogether,13
parcel,13
issue,13
peer,13
file,13
murray,13
quaker,13
lieutenant,13
perceived,13
class,12
mighty,12
spread,12
vision,12
interval,12
delivery,12
tapping,12
hue,12
doyle,12
fist,12
divine,12
eaten,12
temple,12
mistress,12
enjoy,12
citron,12
hast,12
machine,12
decent,12
schoolboy,12
dare,12
kiernan,12
expect,12
quantity,12
calm,12
glancing,12
klook,12
bargain,12
blushing,12
chewing,12
copy,12
solution,12
modern,12
able,12
stripling,12
blessing,12
count,12
carefully,12
sings,12
gerald,12
charge,12
policy,12
pier,12
bazaar,12
possessed,12
supposed,12
drowning,12
initial,12
sank,12
waiter,12
throne,12
sinned,12
murderer,12
bitter,12
faded,12
smelling,12
east,12
postcard,12
porch,12
custom,12
lombard,12
wellknown,12
slender,12
delicate,12
soiled,12
gallon,12
russell,12
draught,12
terrace,12
librarian,12
washed,12
peered,12
prove,12
dropping,12
hely,12
sweetheart,12
giant,12
flew,12
choir,12
canal,12
vein,12
blade,12
striking,12
mullingar,12
allow,12
title,12
conscious,12
accompanied,12
x,12
mauve,12
slid,12
canon,12
mild,12
club,12
rare,12
main,12
cigar,12
slice,12
difference,12
planet,12
possession,12
taught,12
cook,12
rourke,12
latin,12
bicycle,12
chin,12
split,12
search,12
remain,12
self,12
viceregal,12
unknown,12
arrangement,12
dan,12
hanged,12
cane,12
accordingly,11
track,11
grandfather,11
swift,11
scent,11
flushed,11
wished,11
gaiety,11
gent,11
elder,11
adam,11
drive,11
accepted,11
affair,11
dreadful,11
tankard,11
seizes,11
rum,11
cutting,11
circular,11
corley,11
basket,11
friendly,11
invention,11
danger,11
warmth,11
halt,11
lily,11
slim,11
liquid,11
rang,11
uniform,11
edmund,11
throwing,11
jacob,11
lion,11
strode,11
idiot,11
seed,11
waste,11
ann,11
believed,11
surface,11
hid,11
surely,11
pub,11
twisted,11
sustained,11
bark,11
shoot,11
parlour,11
malahide,11
rip,11
cruel,11
biscuit,11
heavily,11
potted,11
pour,11
lawn,11
become,11
wound,11
somehow,11
bugger,11
supposing,11
error,11
hit,11
plan,11
hanlon,11
eyelid,11
farewell,11
wiped,11
er,11
bushe,11
helped,11
shock,11
te,11
revealed,11
rib,11
breathing,11
whoever,11
presented,11
neat,11
pope,11
merely,11
proved,11
departure,11
sale,11
jingling,11
floating,11
strain,11
torn,11
tossed,11
greeted,11
murmured,11
smooth,11
leaning,11
monsieur,11
scotch,11
sprang,11
beer,11
saturday,11
sum,11
stare,11
harbour,11
gallant,11
larry,11
centre,11
stupid,11
turf,11
fee,11
report,11
keeping,11
faithful,11
nervous,11
success,11
vessel,11
coloured,11
paul,11
remained,11
grew,11
cheese,11
boody,11
rome,11
peasant,11
cocked,11
tray,11
criminal,11
palace,11
signal,11
series,11
army,11
pillow,11
somewhat,11
enter,11
closing,11
panting,11
oath,11
jerk,11
shouted,11
elderly,11
preceding,11
younger,11
ray,11
thin,11
kid,11
respectable,11
ocean,11
fate,11
trust,11
bacon,11
enemy,11
date,11
fare,11
fragment,11
maginni,11
bless,11
discharge,11
supper,11
cabman,11
forty,11
finished,11
ride,11
knocking,11
rotten,11
hughes,11
est,11
brian,11
kneel,11
pump,11
sticking,11
declare,11
lust,10
aged,10
desk,10
likely,10
goddess,10
lick,10
blinking,10
licensed,10
burn,10
extreme,10
column,10
bearded,10
rent,10
trunk,10
copper,10
request,10
midnight,10
attraction,10
shove,10
powerful,10
bury,10
scratch,10
photograph,10
badly,10
bastard,10
political,10
generation,10
hugh,10
doll,10
netaim,10
explain,10
earl,10
tank,10
relation,10
acre,10
swollen,10
theory,10
york,10
tenor,10
drowned,10
parallel,10
brightness,10
remarked,10
accept,10
explained,10
entering,10
deaf,10
fortune,10
benefit,10
macintosh,10
selling,10
trembling,10
yorkshire,10
pan,10
lake,10
feminine,10
patron,10
appear,10
division,10
fond,10
lend,10
sausage,10
slipper,10
chapel,10
globe,10
lately,10
solemn,10
francis,10
reminiscence,10
reminded,10
pushed,10
ourselves,10
johnny,10
cracked,10
westland,10
slut,10
goodness,10
universal,10
eagerly,10
successively,10
frowning,10
whistling,10
social,10
barn,10
cashel,10
honest,10
length,10
therefore,10
longer,10
artifoni,10
familiar,10
description,10
keogh,10
egan,10
juda,10
ow,10
suck,10
higher,10
impression,10
liffey,10
twopence,10
gallaher,10
collis,10
reduced,10
hidden,10
mooney,10
frederick,10
marry,10
total,10
puff,10
lionel,10
recall,10
port,10
rattling,10
excitement,10
lucky,10
jimmy,10
fixed,10
eunuch,10
slide,10
pork,10
domestic,10
promise,10
maybe,10
sterling,10
bergan,10
loss,10
poison,10
irishman,10
cuffe,10
corporal,10
message,10
handle,10
carpet,10
immense,10
comfort,10
ahead,10
hook,10
metempsychosis,10
thoroughfare,10
pill,10
dearest,10
cheque,10
relief,10
pom,10
polished,10
creation,10
breathe,10
growled,10
accident,10
grade,10
cohen,10
establishment,10
complete,10
limited,10
admiration,10
kingdom,10
treat,10
anywhere,10
pluck,10
sits,10
freeman,10
croppy,10
brogue,10
callan,10
farrell,10
stained,10
arse,10
forgive,10
echo,10
transparent,10
scholar,10
stain,10
float,10
prey,10
passion,10
stride,10
horror,10
em,10
advantage,10
sword,10
statement,10
whenever,10
older,10
plum,10
pigeon,10
tread,10
gap,10
bible,10
dusty,10
occupied,10
castile,10
bee,10
rudy,10
angry,10
pike,10
mongrel,10
countenance,10
cost,10
opportunity,10
generally,10
frank,10
model,10
truly,10
doesnt,10
finish,10
exercise,10
jet,9
dangling,9
gravedigger,9
payment,9
mastiansky,9
moonlight,9
painted,9
spare,9
plumtree,9
generous,9
weeping,9
proof,9
greatly,9
infinite,9
lacquey,9
worship,9
writes,9
fold,9
par,9
including,9
yew,9
matrimonial,9
spite,9
slave,9
forest,9
belfast,9
fully,9
walter,9
earnestly,9
immediate,9
hungry,9
parapet,9
fried,9
knowledge,9
kate,9
thoroughly,9
hm,9
minor,9
monster,9
saith,9
sternly,9
woe,9
individual,9
encore,9
widower,9
partially,9
caretaker,9
conversation,9
offence,9
finest,9
desired,9
roar,9
provided,9
corn,9
insurance,9
happen,9
v,9
important,9
bid,9
picnic,9
huguenot,9
glow,9
troy,9
programme,9
bedroom,9
text,9
katey,9
urged,9
buzz,9
stretch,9
print,9
honey,9
linen,9
advanced,9
owner,9
pile,9
allowed,9
hadnt,9
lad,9
missus,9
galway,9
slept,9
included,9
myler,9
trace,9
navy,9
difficulty,9
twirling,9
mariner,9
higgins,9
hallway,9
alderman,9
electric,9
gradually,9
noon,9
instruction,9
gallery,9
comb,9
feast,9
mister,9
gardiner,9
oxford,9
contained,9
eagle,9
belt,9
neatly,9
heartily,9
valise,9
landed,9
join,9
push,9
annual,9
peering,9
basin,9
pole,9
shaving,9
pisser,9
cemetery,9
arthur,9
recent,9
repose,9
receive,9
kicked,9
authority,9
packet,9
suffered,9
plus,9
weekly,9
maggy,9
slipped,9
wilde,9
specimen,9
crystal,9
driscoll,9
affection,9
seymour,9
ennis,9
promptly,9
patient,9
professional,9
misery,9
dainty,9
equally,9
accused,9
rested,9
standard,9
player,9
damp,9
dudley,9
mat,9
weapon,9
cocoa,9
native,9
almidano,9
share,9
humour,9
returned,9
shower,9
daily,9
hiding,9
mantle,9
violent,9
growth,9
champion,9
independent,9
effort,9
dropped,9
gloom,9
praise,9
bade,9
ordinary,9
stepping,9
supple,9
hay,9
beverage,9
ribbon,9
local,9
knocked,9
leo,9
turkish,9
swung,9
jury,9
resident,9
instinct,9
harness,9
america,9
surprised,9
screen,9
as,9
league,9
fought,9
wealth,9
frowned,9
staggering,9
poster,9
anear,9
cease,9
pencil,9
strawberry,9
sadly,9
fog,9
settled,9
prison,9
mutton,9
patience,9
tapped,9
throwaway,9
sixpence,9
gathering,9
remote,9
pressed,9
calmly,9
artist,9
edition,9
bigger,9
beating,9
scream,9
became,9
shelf,9
atmosphere,9
blown,9
whisky,9
teach,9
rite,8
drouth,8
created,8
performance,8
bowing,8
solitary,8
lowest,8
emotion,8
usually,8
eightpence,8
liberty,8
notion,8
lever,8
dalkey,8
owen,8
sleepy,8
riordan,8
hairy,8
fein,8
answering,8
process,8
shepherd,8
nicely,8
simultaneously,8
attached,8
greater,8
phantom,8
governor,8
excited,8
rusty,8
queried,8
rere,8
aristotle,8
thus,8
metal,8
needed,8
willy,8
fever,8
careful,8
eternity,8
grogan,8
civil,8
bos,8
shine,8
tickled,8
magee,8
peeping,8
bracelet,8
announced,8
assistant,8
crushed,8
entertainment,8
smelt,8
cracking,8
beheld,8
ne,8
quart,8
ballad,8
pie,8
ere,8
recorder,8
upturned,8
regret,8
wander,8
ignatius,8
greasy,8
happiness,8
applied,8
barber,8
crime,8
envy,8
bared,8
necessity,8
hardly,8
tisdall,8
pensive,8
violently,8
eternal,8
adonai,8
albert,8
pear,8
everywhere,8
suspicion,8
hoarsely,8
substance,8
discovery,8
agony,8
consumption,8
building,8
attendance,8
vendor,8
purchased,8
goal,8
andrew,8
razor,8
whispering,8
friar,8
plume,8
liverpool,8
wipe,8
seventh,8
rudely,8
pushcar,8
antonio,8
subsheriff,8
frequently,8
firework,8
score,8
jealousy,8
fleming,8
absurd,8
painful,8
recognised,8
di,8
josie,8
fringe,8
monkey,8
repeat,8
wylie,8
coombe,8
sens,8
exchange,8
robber,8
dawson,8
proportion,8
intelligent,8
ape,8
papli,8
matthew,8
curiosity,8
nimbly,8
tune,8
flashing,8
mustard,8
arranged,8
void,8
buttered,8
contrast,8
increasingly,8
coach,8
career,8
marble,8
punish,8
glen,8
intended,8
tucked,8
caused,8
wed,8
raoul,8
intellectual,8
legend,8
prolonged,8
anchor,8
juice,8
exquisite,8
landlord,8
buttoned,8
offering,8
increase,8
un,8
jug,8
climb,8
suffer,8
rustling,8
founded,8
dignity,8
imagination,8
folk,8
cone,8
mamma,8
quality,8
cursed,8
tramp,8
griffith,8
easter,8
courage,8
floated,8
dragging,8
landing,8
daresay,8
actual,8
parliament,8
agreed,8
halldoor,8
stroke,8
blast,8
ladder,8
boyle,8
divided,8
victim,8
sung,8
consideration,8
cash,8
forgetting,8
connection,8
ute,8
telegraph,8
sufficient,8
maria,8
suggest,8
useful,8
immediately,8
twentyeight,8
alice,8
remains,8
gravy,8
brick,8
someway,8
understanding,8
reminds,8
telephone,8
etc,8
abode,8
youre,8
sunk,8
string,8
guard,8
seal,8
jump,8
keen,8
vacant,8
gumley,8
greeting,8
napkin,8
delivered,8
instrument,8
cloak,8
growling,8
fifth,8
loyal,8
settle,8
crofton,8
dun,8
spoil,8
tore,8
opulent,8
shoved,8
direct,8
sucking,8
isle,8
thirteen,8
apartment,8
cliff,8
israel,8
pyrrhus,8
pinned,8
writ,8
tara,8
poisoned,8
prepared,8
german,8
slapped,8
moist,8
whirl,8
wretch,8
clapping,8
classical,8
spend,8
victoria,8
licence,8
saviour,8
claret,8
range,8
satisfied,8
richmond,7
literally,7
plague,7
continued,7
hog,7
flapping,7
nobleman,7
cured,7
everlasting,7
hospitality,7
barry,7
disc,7
expensive,7
capel,7
setting,7
dig,7
frock,7
waist,7
il,7
elephant,7
crossblind,7
group,7
clergyman,7
spouse,7
deal,7
gaelic,7
mountjoy,7
cent,7
prudent,7
weep,7
trot,7
ulster,7
seriously,7
kingstown,7
changing,7
bothered,7
outsider,7
fighting,7
maximum,7
rid,7
gorgeous,7
scented,7
yeoman,7
believer,7
ugly,7
cape,7
rude,7
tilted,7
tramline,7
clasped,7
panther,7
correct,7
philosopher,7
nelly,7
boose,7
brandnew,7
beach,7
charley,7
percy,7
united,7
parallax,7
aught,7
curled,7
flutter,7
barefoot,7
bolt,7
channel,7
gloomy,7
choked,7
projected,7
thrown,7
twentytwo,7
ruffian,7
thread,7
depth,7
saxon,7
thumping,7
ideal,7
qui,7
visage,7
thirtytwo,7
record,7
slop,7
helen,7
tumbler,7
extended,7
sought,7
personage,7
reality,7
britain,7
shouting,7
sink,7
tourist,7
successful,7
actually,7
mirth,7
completely,7
distinct,7
counsel,7
taylor,7
medal,7
candlestick,7
chalice,7
merciful,7
hoopsa,7
add,7
retriever,7
mantelpiece,7
borne,7
sidepocket,7
dimension,7
postoffice,7
highest,7
reach,7
callinan,7
foe,7
adding,7
resting,7
attended,7
mermaid,7
ton,7
proceeding,7
gardner,7
creator,7
incipient,7
viceroy,7
badge,7
stratford,7
wandered,7
rode,7
gilt,7
begged,7
era,7
haunch,7
stark,7
gramophone,7
garryowen,7
clasp,7
saluting,7
china,7
drift,7
steak,7
waltz,7
smartly,7
jewel,7
contact,7
boer,7
slung,7
current,7
steal,7
strolled,7
mouse,7
tube,7
artistic,7
strictly,7
temporary,7
gazing,7
unfortunate,7
regarded,7
apron,7
laying,7
redcoat,7
burial,7
method,7
communion,7
sniffing,7
mulvey,7
personally,7
ivory,7
seeking,7
agenbite,7
kish,7
ee,7
kelly,7
appeal,7
moorish,7
growing,7
departed,7
ours,7
beastly,7
en,7
mervyn,7
sargent,7
uncertainly,7
fortnight,7
department,7
salmon,7
tradition,7
profit,7
clown,7
tawny,7
block,7
worked,7
visitor,7
indian,7
clothing,7
attack,7
gentile,7
incomplete,7
brien,7
sole,7
executed,7
spurned,7
peril,7
winkle,7
chicken,7
journal,7
guide,7
attractive,7
drag,7
genuine,7
louis,7
negative,7
brady,7
engine,7
stopping,7
grove,7
route,7
screaming,7
signature,7
occasionally,7
shooting,7
vicinity,7
winter,7
toast,7
effected,7
grows,7
trip,7
affirmed,7
burgundy,7
respective,7
crush,7
eager,7
useless,7
palmer,7
dy,7
deserves,7
estate,7
continue,7
scraped,7
nut,7
retrospective,7
supply,7
ended,7
invent,7
winner,7
shave,7
noisy,7
daylight,7
neill,7
applause,7
hasn,7
previous,7
shone,7
bun,7
medicine,7
sensitive,7
sandwich,7
bravo,7
secondbest,7
enjoyed,7
grandmother,7
display,7
visiting,7
consumed,7
driver,7
chris,7
american,7
until,7
nasty,7
hag,7
chew,7
pack,7
fitzgibbon,7
historic,7
bidding,7
sip,7
muscle,7
wool,7
troubled,7
contain,7
shapely,7
reluctant,7
destiny,7
absolutely,7
stool,7
canvasser,7
popped,7
attitude,7
penelope,7
phoenix,7
religious,7
hop,7
committee,7
analogy,7
satchel,7
development,7
lid,7
sauce,7
piper,7
reign,7
guilty,7
spinning,7
egyptian,7
swing,7
frankly,7
entrance,7
excellency,7
reader,7
chemist,7
warning,7
meditation,7
exclaimed,7
crotthers,7
forearm,7
upward,7
sandycove,7
passionate,7
swim,7
fade,7
messenger,7
boiling,7
conclusion,7
cranly,7
distinguished,7
brilliant,7
drug,7
posse,7
sailed,7
single,7
crossing,7
pearl,7
exhibition,7
debt,7
alpha,7
wedding,7
ringsend,7
thief,7
travelling,7
abandoned,7
respectively,7
swept,7
christmas,7
circumstance,7
delightful,7
robe,7
mock,7
rhododendron,7
curl,7
doubled,7
stooped,7
lottery,7
talboys,7
surgeon,7
pause,7
abruptly,7
kip,7
discovered,7
waving,7
birthday,7
liquor,7
dictate,7
handy,7
fourpence,7
command,7
serve,7
anniversary,7
oriental,7
tenant,7
specie,7
bellingham,7
honoured,7
provincial,7
load,7
lighting,7
polite,7
fitzmaurice,7
mob,7
dusk,7
blooming,7
frozen,7
jumped,7
vegetable,7
burying,7
hornblower,7
campbell,7
glasnevin,6
temperance,6
gland,6
tipped,6
missing,6
conifer,6
interrogation,6
chocolate,6
awry,6
bump,6
uttering,6
fluid,6
clutch,6
fleet,6
skyblue,6
jay,6
popular,6
ala,6
szombathely,6
fierce,6
brewery,6
bartell,6
impossible,6
mummer,6
relative,6
yelling,6
robinson,6
positive,6
brawn,6
developed,6
st,6
sage,6
remembering,6
similarly,6
bred,6
delighted,6
postal,6
casual,6
grunting,6
swear,6
upset,6
plucked,6
hunting,6
slumber,6
scandal,6
hearse,6
glencree,6
drooping,6
illustration,6
emperor,6
freely,6
tennis,6
mendelssohn,6
bonnet,6
rumour,6
element,6
attracted,6
season,6
scarf,6
jones,6
catastrophe,6
recipe,6
parted,6
recently,6
intellect,6
coughing,6
fitzgerald,6
glimpse,6
connemara,6
mere,6
thereby,6
yelverton,6
poplar,6
dirt,6
belongs,6
mesias,6
apjohn,6
clinging,6
cottage,6
conductor,6
pressure,6
gordon,6
artificial,6
ultimate,6
respected,6
turkey,6
tiptop,6
che,6
chairman,6
cave,6
speaker,6
smith,6
identical,6
hi,6
vampire,6
darker,6
paused,6
magnitude,6
marsh,6
perceive,6
jaunted,6
armagh,6
obliged,6
render,6
rood,6
sheehy,6
wrongfully,6
stew,6
kindness,6
increasing,6
swallowed,6
aconite,6
gospel,6
cochrane,6
eon,6
peerless,6
acid,6
collapse,6
feather,6
jest,6
bloo,6
loafer,6
keyboard,6
provost,6
swelling,6
snapped,6
frockcoat,6
florin,6
imitation,6
credit,6
wooden,6
smaller,6
loving,6
grin,6
roughly,6
dean,6
flight,6
meanwhile,6
root,6
arent,6
ajar,6
goodlooking,6
normal,6
chewed,6
sharply,6
fetched,6
crackling,6
mused,6
ineluctable,6
fitted,6
bulk,6
essence,6
collision,6
toff,6
bannon,6
rage,6
lb,6
choking,6
eldest,6
thanked,6
kock,6
circulation,6
mole,6
reggy,6
brace,6
aloysius,6
anne,6
millicent,6
daniel,6
limit,6
admirer,6
absentminded,6
crow,6
awkward,6
scratched,6
kerchief,6
merrion,6
grain,6
begging,6
hint,6
ham,6
miriam,6
radiant,6
inserted,6
terminus,6
fraction,6
significance,6
humble,6
bowel,6
witch,6
ulysses,6
fusilier,6
childhood,6
aint,6
revealing,6
filthy,6
balmy,6
screwed,6
rumbold,6
tuesday,6
severe,6
ankle,6
confession,6
superior,6
obviously,6
quest,6
tax,6
arrested,6
sheriff,6
belonging,6
sweat,6
disappeared,6
tremble,6
ruddy,6
partly,6
rogue,6
heaving,6
wicked,6
pauper,6
practically,6
bye,6
nowhere,6
pit,6
terror,6
barreltone,6
support,6
municipal,6
wicklow,6
lordship,6
kicking,6
poem,6
chose,6
obtain,6
imperial,6
antique,6
burton,6
wart,6
graceful,6
ga,6
sliding,6
seek,6
september,6
crumb,6
bumped,6
additional,6
tribute,6
project,6
lee,6
dim,6
fingertip,6
harlot,6
wreck,6
representative,6
jealous,6
kilkenny,6
franklin,6
tavern,6
softer,6
swore,6
ar,6
presumably,6
advised,6
tumble,6
clongowes,6
audience,6
anticipation,6
scarce,6
talked,6
abroad,6
origin,6
variety,6
disk,6
willing,6
varying,6
vague,6
extent,6
holiday,6
bondage,6
shirtsleeve,6
strip,6
spitting,6
bust,6
terrier,6
phial,6
shortly,6
fury,6
explaining,6
extinction,6
precious,6
profession,6
barrack,6
julius,6
darkened,6
threepence,6
clapped,6
terrestrial,6
paradise,6
warbling,6
farthing,6
approached,6
baraabum,6
curling,6
supplied,6
damage,6
rathmines,6
compared,6
aren,6
pupil,6
battered,6
peach,6
wonderworker,6
advance,6
striped,6
rattled,6
hunger,6
entirely,6
sllt,6
eats,6
lough,6
floey,6
preferred,6
directly,6
pro,6
nevertheless,6
sentiment,6
twig,6
consequent,6
braided,6
vanished,6
satin,6
attempt,6
prostitute,6
mess,6
nigh,6
exhausted,6
longing,6
collector,6
conscience,6
causeway,6
angrily,6
reclined,6
marie,6
alarm,6
dragon,6
breathed,6
composed,6
rubber,6
waved,6
ox,6
expected,6
ensued,6
profound,6
considering,6
cared,6
considered,6
yea,6
squad,6
occurrence,6
wondered,6
awake,6
wexford,6
scone,6
mead,6
president,6
youthful,6
mournful,6
circus,6
clutching,6
owe,6
redolent,6
treated,6
suicide,6
lodged,6
branded,6
nicholas,6
beam,6
comely,6
mood,6
parson,6
irishtown,6
recorded,6
expense,6
mysterious,6
placing,6
tearing,6
importance,6
spat,6
packed,6
billy,6
african,6
fix,6
valuable,6
viz,6
lazy,6
tempting,6
organism,6
mist,6
jerusalem,6
synge,6
primrose,6
healthy,6
temperature,6
moth,6
windy,6
brazen,6
ba,6
wheres,6
declared,6
grant,6
innocence,6
mug,6
speaks,6
loom,6
barrow,6
aim,6
politics,6
madame,6
eminence,6
refuse,6
spiritual,6
hackney,6
characteristic,6
copybook,6
diver,6
ci,6
invincibles,6
intosh,6
dlugacz,6
kavanagh,6
international,6
renewal,6
perched,6
thence,6
mud,6
boatman,6
youd,6
earnest,6
fowl,6
armstrong,6
versus,6
throb,6
hooper,6
cockle,6
jersey,6
entire,6
winked,6
derived,6
sticky,6
trotted,6
historical,6
titbit,6
wherever,6
swindle,6
licking,6
intercourse,6
lacerated,6
perceiving,6
rice,5
celestial,5
hurried,5
tepid,5
extremely,5
recalling,5
cleft,5
dipped,5
haw,5
snuffling,5
energy,5
dingy,5
arrah,5
cooper,5
hoisted,5
spear,5
fascination,5
soda,5
canada,5
tendered,5
circumcised,5
plea,5
suppressed,5
bully,5
commission,5
pastry,5
resumed,5
tickle,5
dresser,5
jerked,5
clumsy,5
handwriting,5
century,5
fame,5
copied,5
alleged,5
plastered,5
mortuary,5
staff,5
incertitude,5
owl,5
shear,5
extending,5
sympathetic,5
sideboard,5
havent,5
voyage,5
greene,5
michan,5
chop,5
presume,5
orangeflower,5
piled,5
information,5
uncertain,5
curly,5
bony,5
mission,5
boom,5
dowie,5
diner,5
dairy,5
jove,5
martyr,5
smothered,5
cuckold,5
perambulation,5
protest,5
december,5
administer,5
belonged,5
earthquake,5
lack,5
inspiration,5
prospectus,5
flour,5
graf,5
gasjet,5
brisk,5
micky,5
jail,5
training,5
morn,5
sable,5
punishment,5
glide,5
mattress,5
slanted,5
delegation,5
judgment,5
wale,5
official,5
geraghty,5
homely,5
quoit,5
hu,5
wren,5
secondhand,5
assuming,5
maimonides,5
gunn,5
luke,5
potent,5
tomb,5
moulded,5
consort,5
rollicking,5
derby,5
pasture,5
mature,5
panel,5
publicity,5
wept,5
ladylike,5
learning,5
whip,5
plot,5
glare,5
rocky,5
differently,5
unpleasant,5
hairpin,5
wrapped,5
arise,5
haughty,5
guitar,5
collection,5
stuffed,5
gladstone,5
greed,5
cuff,5
dawn,5
rebel,5
inn,5
mo,5
powell,5
described,5
commode,5
winking,5
counted,5
gum,5
charade,5
wow,5
sandy,5
exposed,5
ability,5
chorus,5
allowing,5
sprawled,5
strongly,5
security,5
whats,5
flute,5
production,5
crab,5
gin,5
utterly,5
camel,5
yoke,5
largely,5
stake,5
starting,5
admire,5
asia,5
fag,5
shiny,5
wallop,5
attract,5
wetted,5
rubbing,5
seemingly,5
nuisance,5
inwit,5
composition,5
sympathy,5
deny,5
bertha,5
stamped,5
grafton,5
casting,5
achilles,5
maud,5
planted,5
brunswick,5
revolution,5
apparel,5
na,5
doffed,5
vow,5
grattan,5
expressive,5
lowing,5
mien,5
tripping,5
introduce,5
item,5
consummation,5
bandmann,5
cavalcade,5
trespass,5
vital,5
rutilantium,5
insulted,5
theme,5
filling,5
accurate,5
cleared,5
smutty,5
drawingroom,5
theodore,5
sulphur,5
apparently,5
brushing,5
suspect,5
breeze,5
surgical,5
mincing,5
coiled,5
serried,5
magic,5
joined,5
dogsbody,5
turnip,5
theirs,5
coffey,5
swirling,5
beloved,5
travelled,5
pineapple,5
batch,5
entitled,5
tragedy,5
server,5
lilt,5
saving,5
notepaper,5
sash,5
probability,5
seventeen,5
constancy,5
fashionable,5
salty,5
observation,5
womanly,5
shield,5
crazy,5
locker,5
propped,5
universe,5
faculty,5
fur,5
marvellous,5
adviser,5
formed,5
automatic,5
ce,5
arrive,5
docket,5
roof,5
mocker,5
informed,5
wholesale,5
carthy,5
confessed,5
cabby,5
drenched,5
committed,5
girdle,5
dearer,5
carnal,5
thumbnail,5
shaft,5
shaven,5
orient,5
boast,5
graciously,5
wig,5
lass,5
interested,5
rotunda,5
curiously,5
occupant,5
sewage,5
shaved,5
gizzard,5
lolling,5
insect,5
furniture,5
egress,5
pea,5
ending,5
financial,5
poetical,5
statute,5
hob,5
dressy,5
florence,5
affirmation,5
belle,5
invariably,5
spunk,5
fucking,5
harmony,5
seeker,5
amiable,5
carrot,5
bother,5
ample,5
invented,5
dribbling,5
outrage,5
alteration,5
access,5
cobblestone,5
monument,5
horrible,5
label,5
athos,5
disliked,5
twinkling,5
response,5
pose,5
coronation,5
liar,5
brigade,5
upholstered,5
isnt,5
blake,5
shaky,5
killarney,5
moll,5
donnybrook,5
prescribed,5
adjacent,5
filly,5
currant,5
chuck,5
eugene,5
paradox,5
harris,5
sentry,5
mangy,5
suitable,5
section,5
speed,5
coarse,5
hen,5
greece,5
belvedere,5
happens,5
garrett,5
tangled,5
intermediate,5
scribbled,5
secretary,5
compare,5
africa,5
friendship,5
boulder,5
stalk,5
humming,5
hawker,5
clue,5
pretend,5
sardine,5
breed,5
antiquity,5
flock,5
theyd,5
avoirdupois,5
talon,5
ripe,5
association,5
lest,5
pembroke,5
regarding,5
unbuttoned,5
sting,5
helping,5
hoop,5
nervously,5
drown,5
peal,5
resulting,5
anon,5
tendency,5
pudding,5
awe,5
intently,5
thither,5
knob,5
tugged,5
weakness,5
eighty,5
solar,5
typesetter,5
jeer,5
sinister,5
treble,5
summit,5
vest,5
creaked,5
druid,5
kneeling,5
privileged,5
february,5
victory,5
prophecy,5
considerable,5
january,5
thrill,5
palpably,5
unto,5
civic,5
client,5
thereto,5
hoping,5
crisp,5
excite,5
onehandled,5
erroneously,5
sacrifice,5
spine,5
fairy,5
screw,5
northern,5
advice,5
deliver,5
gravity,5
handful,5
asks,5
strict,5
responded,5
chalk,5
starving,5
inspector,5
parish,5
declined,5
desirable,5
whatsoever,5
fireplace,5
benjamin,5
france,5
timber,5
principle,5
lantern,5
snapshot,5
pal,5
risk,5
squire,5
crubeen,5
enters,5
mushroom,5
central,5
lark,5
stooping,5
grip,5
grab,5
oak,5
vanity,5
zion,5
ointment,5
fund,5
livid,5
dreamed,5
dolly,5
downwards,5
furious,5
clip,5
rim,5
foresee,5
gullet,5
ree,5
dunsink,5
hungary,5
altercation,5
inevitable,5
breastbone,5
depicted,5
limerick,5
wholly,5
crouched,5
wrist,5
competition,5
frame,5
glossy,5
finance,5
waterfall,5
mask,5
dreaming,5
holohan,5
trained,5
crate,5
penrose,5
carlisle,5
woo,5
pomp,5
sniff,5
naturally,5
wiping,5
rump,5
trotting,5
commissioner,5
cattlemarket,5
halcyon,5
edifice,5
reported,5
backdoor,5
writer,5
grown,5
caesar,5
household,5
hungrily,5
retreat,5
accord,5
refuge,5
watchman,5
slaughter,5
livery,5
madness,5
situation,5
squint,5
safety,5
carey,5
headband,5
silken,5
coral,5
nape,5
rumpled,5
determined,5
sonnet,5
isaac,5
eventually,5
everyman,5
pushing,5
slipping,5
brazier,5
argument,5
tidings,5
gratitude,5
ra,5
georgina,5
luminous,5
evicted,5
aspect,5
stayed,5
parent,5
colleen,5
absolute,5
comrade,5
du,5
patsy,5
specially,5
bodily,5
mightn,5
vous,5
nude,5
ninth,5
teresa,5
dth,5
mason,5
vienna,5
factory,5
multicoloured,5
skeleton,5
inasmuch,5
messiah,5
downstairs,5
panama,5
powder,5
monthly,5
climbed,5
peaceful,5
tied,5
switch,5
alabaster,5
steered,5
invincible,5
notebook,5
mutely,5
ricketts,5
couch,5
uplifted,5
arrival,5
supreme,5
skill,5
hoard,5
idol,5
conduct,5
responsible,5
galloping,5
difficult,5
patrice,5
masculine,5
construction,5
testimonial,5
headache,5
exposure,5
prescott,5
examined,5
horrid,5
undoing,5
nicer,5
poker,5
wolfe,5
beck,5
sandow,5
passive,5
glowworm,5
socrates,5
sara,5
cell,5
longest,5
curate,5
dreamt,5
approval,5
nightmare,5
sly,5
lapwing,5
council,5
muttered,5
plunged,5
camden,5
mingling,5
barang,5
abraham,5
weighed,5
intention,5
active,5
guardian,5
scandalous,5
brightly,5
rocket,5
fatigue,5
flagon,5
chase,5
scared,5
von,5
gradual,5
proposed,5
vitality,5
reversed,5
penance,5
midst,5
appropriate,5
easier,5
engagement,5
classic,5
studied,5
sandal,5
chat,5
posture,5
tout,5
mansion,5
wheeled,5
poverty,5
toppling,5
cis,5
sends,5
mercer,5
killing,5
trotter,5
erotic,5
nephew,5
cavalry,5
roundtown,5
bib,5
footstep,5
faintly,5
constantly,5
donnell,5
unfolded,5
cricket,5
muttering,5
code,5
pflaap,5
urchin,5
twining,5
function,5
serious,5
bawling,5
sentrybox,5
daly,5
stag,5
miracle,5
intent,5
piss,5
firmly,5
troop,5
jingled,5
shrew,5
sweep,5
bitterness,5
bulging,5
fairly,5
matutinal,4
thoughtful,4
metropolitan,4
obey,4
flaw,4
sensible,4
thronged,4
adduce,4
settling,4
hoppy,4
spittle,4
likewise,4
ancestor,4
rothschild,4
roger,4
acquisition,4
brand,4
bray,4
sophist,4
keel,4
equine,4
princess,4
printer,4
trimmed,4
sidney,4
cursing,4
bleibtreustrasse,4
se,4
ventured,4
sixtyfive,4
savoury,4
cellar,4
swimming,4
highness,4
lure,4
pavement,4
task,4
ounce,4
healing,4
ruler,4
extends,4
clifford,4
proximity,4
withering,4
ticking,4
suffice,4
emmet,4
terence,4
gaudy,4
sunshade,4
courthouse,4
causing,4
thereabouts,4
mario,4
recovered,4
afford,4
clothed,4
moisture,4
kathleen,4
phthisis,4
askance,4
thrice,4
ed,4
anderson,4
eastern,4
clanbrassil,4
fergus,4
boomed,4
mi,4
humane,4
patiently,4
peeled,4
military,4
descended,4
hoarding,4
antisthenes,4
refusing,4
cur,4
waterway,4
wetherup,4
infamy,4
issued,4
beerpull,4
ex,4
lingering,4
transit,4
displayed,4
mail,4
plane,4
afterwards,4
slieve,4
crew,4
canary,4
stole,4
watcher,4
guffaw,4
dose,4
manufacturer,4
maccabe,4
preliminary,4
horned,4
directed,4
belong,4
confirmed,4
viewed,4
harvey,4
scanning,4
northwest,4
gan,4
girlish,4
cheaper,4
escape,4
deportment,4
splashing,4
prone,4
haunt,4
climate,4
lifetime,4
ado,4
minim,4
cheerful,4
traverse,4
epps,4
amiens,4
reel,4
dared,4
wetting,4
ignorance,4
mona,4
bounty,4
cloche,4
gained,4
yankee,4
nagle,4
required,4
journalist,4
maturity,4
quill,4
creamy,4
foxy,4
churchyard,4
tuck,4
mosque,4
unheeded,4
barton,4
obviating,4
forthcoming,4
politely,4
charity,4
flank,4
rutland,4
prudently,4
beresford,4
exception,4
nearest,4
whirred,4
margate,4
headland,4
exterior,4
encouraging,4
exemplar,4
weren,4
crusoe,4
distinctly,4
banbury,4
timehonoured,4
runner,4
colonel,4
inhaled,4
forced,4
ceremony,4
barefaced,4
garlic,4
concerned,4
puck,4
cruelty,4
lecture,4
jakes,4
mustn,4
shannon,4
scottish,4
listens,4
clare,4
vos,4
listlessly,4
corrigan,4
multiplied,4
exist,4
publicly,4
grim,4
turtle,4
gertrude,4
ome,4
johnson,4
owns,4
coleman,4
mitre,4
ross,4
unseen,4
unhappy,4
melt,4
naggin,4
proposition,4
asylum,4
dorset,4
hereby,4
wallpaper,4
arose,4
anthem,4
wondering,4
menace,4
wattle,4
fort,4
telescope,4
brooch,4
bouverist,4
cord,4
trenchant,4
dentist,4
fanny,4
dabbling,4
prisoner,4
uncovered,4
thickly,4
destination,4
sergeant,4
warrior,4
jaunty,4
mouldy,4
obscure,4
puffing,4
folly,4
nether,4
famished,4
inmate,4
illuminated,4
sonnez,4
appetite,4
stitched,4
rational,4
newcomen,4
vale,4
deux,4
instalment,4
bloomfield,4
divulged,4
excessive,4
tightly,4
clasping,4
blackwood,4
almond,4
dried,4
heathen,4
faced,4
palmerston,4
endearing,4
crest,4
peel,4
pressman,4
condemned,4
blurred,4
irritation,4
plaited,4
sloppy,4
published,4
timepiece,4
fiacre,4
cherry,4
truest,4
mercadante,4
pantomime,4
concluded,4
needn,4
arran,4
mar,4
ache,4
partial,4
muff,4
tape,4
loiterer,4
stripped,4
infantile,4
walden,4
bridgwater,4
jarvies,4
infernal,4
bush,4
solemnity,4
pucker,4
trader,4
byron,4
ruck,4
tup,4
pleading,4
wellington,4
nuncle,4
rathgar,4
ringabella,4
dub,4
gardener,4
libel,4
virginum,4
snuff,4
tinkling,4
pus,4
illness,4
identity,4
whale,4
glue,4
bailey,4
astray,4
initialled,4
ornament,4
legitimate,4
temperament,4
whereby,4
amusement,4
larder,4
aleph,4
heifer,4
gara,4
reef,4
cavalier,4
jerome,4
satan,4
gallagher,4
threshold,4
chessboard,4
tense,4
agree,4
painting,4
breathes,4
crick,4
wince,4
shrunken,4
brushed,4
teacup,4
cosy,4
biddy,4
etcetera,4
conclude,4
lather,4
rue,4
spleen,4
effusion,4
cylinder,4
outspread,4
finally,4
practised,4
shark,4
grecian,4
revelation,4
throstle,4
embracing,4
portfolio,4
swab,4
failed,4
rival,4
sermon,4
shit,4
swelled,4
sepulchre,4
sire,4
playfield,4
cameron,4
clattering,4
rejoined,4
web,4
destruction,4
twist,4
davitt,4
hatred,4
pledge,4
august,4
combing,4
worry,4
lavender,4
blottingpaper,4
donor,4
cf,4
education,4
expecting,4
notorious,4
beetle,4
alameda,4
foolish,4
safely,4
rod,4
conceived,4
prefer,4
source,4
chum,4
phone,4
lovesongs,4
hyena,4
cooked,4
heave,4
reception,4
revival,4
descends,4
ineluctably,4
kindled,4
prosperous,4
portobello,4
welt,4
reform,4
underneath,4
grog,4
sligo,4
lattice,4
ostler,4
philosophy,4
unshaven,4
tickling,4
india,4
butting,4
hey,4
splendour,4
nineteen,4
gracious,4
hercules,4
reflect,4
quote,4
imitating,4
blackguard,4
rubbed,4
waxing,4
rye,4
flap,4
premature,4
abnegation,4
effulgence,4
consult,4
proposal,4
thornton,4
nighttown,4
cotton,4
resist,4
sporting,4
manual,4
occupation,4
augmented,4
physic,4
napoleon,4
furiously,4
idolores,4
muffler,4
plunging,4
sinn,4
slain,4
sluice,4
consubstantial,4
rack,4
commit,4
iubilantium,4
udder,4
cyclist,4
wonderfully,4
candour,4
gummy,4
juicy,4
confusion,4
requested,4
hobgoblin,4
champing,4
procession,4
vigour,4
woke,4
arcy,4
ut,4
tanner,4
saucepan,4
appealing,4
bier,4
nextdoor,4
ruining,4
ponderous,4
searching,4
candidate,4
spell,4
finely,4
heavenly,4
chivalry,4
didst,4
comfit,4
dunphy,4
vibration,4
earlier,4
muscular,4
sandwichman,4
fry,4
sample,4
shite,4
gravel,4
trilling,4
carcass,4
beefsteak,4
assurance,4
occur,4
muddy,4
lookingglass,4
chosen,4
spinach,4
herzog,4
rectly,4
herr,4
giggling,4
sunshine,4
flashed,4
retorted,4
calmer,4
chaste,4
pox,4
cavity,4
indifferent,4
winning,4
chamberlain,4
claim,4
snow,4
queenstown,4
beautifully,4
frail,4
neigh,4
leering,4
rider,4
babylon,4
unseeing,4
constructed,4
dodge,4
maynooth,4
interment,4
beaming,4
toenail,4
reilly,4
chimney,4
abbot,4
porksteaks,4
whence,4
stimulation,4
divorced,4
amply,4
wrap,4
siamese,4
ellen,4
plato,4
hobbyhorse,4
turnedup,4
clacked,4
anger,4
noiseless,4
tugging,4
preservative,4
ignorant,4
giovanni,4
swine,4
tripe,4
urge,4
soubrette,4
spinoza,4
tramway,4
map,4
appealed,4
albion,4
heated,4
pitch,4
recognise,4
arithmetical,4
sunny,4
fetch,4
practical,4
purgatory,4
stylish,4
downcast,4
portly,4
colt,4
puzzle,4
wailing,4
shocked,4
scattered,4
conviction,4
describe,4
chloroform,4
armour,4
doctrine,4
thanking,4
maggot,4
knuckle,4
actress,4
combustion,4
dove,4
valentine,4
unclean,4
toothless,4
economy,4
economic,4
pendent,4
tunney,4
canter,4
constitution,4
october,4
prospect,4
praying,4
institution,4
hummed,4
rudolf,4
twittering,4
velvet,4
polish,4
counting,4
ascot,4
vainly,4
propose,4
addition,4
gouty,4
wogger,4
ignited,4
droll,4
descendant,4
scraping,4
sweating,4
charmed,4
vertical,4
contract,4
esthete,4
unrolls,4
tablet,4
barmaid,4
interrogated,4
drill,4
spectator,4
wolf,4
sherlock,4
demon,4
chart,4
aware,4
progenitor,4
increased,4
hastily,4
ingres,4
denzille,4
recollection,4
turk,4
tum,4
fart,4
glowing,4
manager,4
affirm,4
narrow,4
tyre,4
scaffold,4
gliding,4
homerule,4
trial,4
defunct,4
demise,4
becoming,4
equipped,4
learningknight,4
crone,4
understands,4
drunkard,4
stewart,4
benediction,4
internal,4
rarely,4
orthodox,4
freemason,4
tipperary,4
valley,4
crouch,4
anonymous,4
velocity,4
noah,4
li,4
obtained,4
confused,4
aforesaid,4
gunrest,4
persecution,4
plug,4
terrific,4
singular,4
giltrap,4
arrest,4
bom,4
fragrant,4
academy,4
emerged,4
physician,4
swerved,4
hardwicke,4
shrivelled,4
iago,4
maidenhair,4
suil,4
frillies,4
bluey,4
oft,4
joining,4
steadfast,4
mechanical,4
behalf,4
struggling,4
flowed,4
disturb,4
mostly,4
disappointed,4
crimmins,4
chattering,4
dauby,4
ontario,4
el,4
unveiled,4
ashamed,4
somnolent,4
inclination,4
thom,4
dost,4
yielded,4
tooth,4
tramcar,4
scanned,4
capable,4
ambition,4
featherbed,4
pawed,4
struggle,4
acquired,4
mystical,4
wildly,4
harsh,4
piped,4
pursuit,4
cameo,4
pinch,4
fern,4
witnessbox,4
grape,4
tumbling,4
failure,4
hurrying,4
scramble,4
essex,4
mineral,4
bookmark,4
scale,4
deathbed,4
lapped,4
droop,4
arbour,4
kendall,4
wallet,4
occurred,4
western,4
dumb,4
tiresome,4
noblest,4
dictionary,4
dyed,4
mnemotechnic,4
nearing,4
shifted,4
garry,4
malt,4
cassiopeia,4
salvation,4
eccentric,4
porkbutcher,4
comet,4
compassion,4
groove,4
lozenge,4
experienced,4
nick,4
clotted,4
underjaw,4
fluttering,4
politeness,4
twitch,4
product,4
withal,4
bulldog,4
protruding,4
masterpiece,4
es,4
auditor,4
tasty,4
bud,4
berlin,4
garland,4
lascivious,4
drain,4
squashed,4
irregular,4
pap,4
phlegm,4
cad,4
austria,4
moustachecup,4
misconduct,4
nipple,4
joint,4
dental,4
pilgrim,4
originally,4
spoonful,4
furrow,4
openly,4
striding,4
backache,4
reflecting,4
ceiling,4
byby,4
askew,4
plevna,4
nil,4
symptom,4
reserve,4
dayfather,4
possessing,4
crammed,4
forlorn,4
gurgling,4
ascending,4
liz,4
narrated,4
expectation,4
repent,4
lynam,4
sugarloaf,4
weighing,4
bootlace,4
liniment,4
kine,4
temporarily,4
concupiscence,4
outrider,4
freed,4
separate,4
crowned,4
rushed,4
furtive,4
honeymoon,4
orphan,4
canvassing,4
preparation,4
mirus,4
rapt,4
joking,4
contempt,4
drake,4
sparkling,4
lair,4
val,4
scribbling,4
dowd,4
winedark,4
munched,4
injury,4
ken,4
poking,4
betting,4
meath,4
wilderness,4
q,4
equanimity,4
beatitude,4
squinting,4
zrads,4
seventy,4
lukewarm,4
platter,4
moisel,4
cathedral,4
nonsense,4
decline,4
mixture,4
kilt,4
buttonhole,4
alacrity,4
sweny,4
rigid,4
customhouse,4
zinfandel,4
satiny,4
bubs,4
dandrade,4
tingling,4
fetter,4
ive,4
hark,4
fibre,4
concern,4
robbing,4
inspection,4
joust,4
lagged,4
paltry,4
odds,4
cunty,4
vocal,4
puffed,4
kismet,4
corridor,4
lurching,4
reflects,4
wheat,4
skipping,4
healy,4
staying,4
thatd,4
registered,4
bawn,4
permit,4
flirting,4
mankind,4
blunt,4
incident,4
sapphire,4
coachman,4
avoid,4
seized,4
lecher,4
gem,4
prof,4
topic,4
publichouse,4
stratton,4
bridie,4
brilliancy,4
inhaling,4
mailboat,4
faggot,4
banner,4
travel,4
interior,4
unusual,4
lagging,4
truffle,4
lewd,4
hilt,4
realised,4
vinegar,4
copulation,4
corps,4
courting,4
freddy,4
bullockbefriending,4
sweated,4
ramp,4
contingency,4
demolished,4
squatted,4
multitude,4
straining,4
poked,4
anent,4
violence,4
poised,4
fail,4
orb,4
moaning,4
vengeance,4
chemical,3
millys,3
gushed,3
deposit,3
lal,3
manhole,3
countess,3
greyish,3
ssh,3
whelan,3
couched,3
jessamine,3
vehicle,3
twentyfour,3
scouringbrush,3
lorcan,3
yumyum,3
chipped,3
lino,3
impudence,3
susy,3
pierce,3
improved,3
teatray,3
bawled,3
pleat,3
youngster,3
siren,3
eighteen,3
exponent,3
ell,3
pectoral,3
pilate,3
shuttered,3
motto,3
slime,3
dishonour,3
becalmed,3
gauntlet,3
gazelle,3
alias,3
existed,3
slapping,3
tupper,3
highpriest,3
heather,3
clanking,3
bah,3
hunter,3
cute,3
lofty,3
omnivorous,3
huuh,3
nebrakada,3
narcotic,3
brunny,3
asunder,3
maffei,3
aquinas,3
imposed,3
kay,3
rounding,3
hayes,3
toque,3
dam,3
floral,3
insolent,3
fascinated,3
grazier,3
recollected,3
reverse,3
penultimate,3
nannan,3
obsolete,3
atom,3
columbanus,3
bloomer,3
drumont,3
cinnabar,3
amn,3
draft,3
dulcimer,3
shadowed,3
gentlewoman,3
jewman,3
conducted,3
reiterated,3
patriotism,3
tipping,3
brayden,3
europa,3
chunk,3
adore,3
tuningfork,3
wanton,3
tandy,3
magnetic,3
etherial,3
dullthudding,3
chummies,3
ass,3
adulterer,3
landlady,3
gazette,3
spaniel,3
chile,3
barony,3
accordance,3
latchkey,3
untidy,3
betrayed,3
watercarrier,3
louse,3
acme,3
croup,3
jiggedy,3
attachment,3
appreciated,3
nonce,3
imperthnthn,3
chinchopper,3
impact,3
sewer,3
whatyoucallit,3
admitted,3
rumpsteak,3
flea,3
underclothes,3
admittance,3
lunacy,3
backbone,3
industrious,3
voluble,3
townclerk,3
diaphane,3
remarkably,3
cette,3
electricity,3
que,3
pranced,3
rhythm,3
sally,3
swaddles,3
postprandial,3
throbbed,3
roe,3
sipping,3
modest,3
tranquilla,3
fogey,3
apprehension,3
blithe,3
terenure,3
allimportant,3
rabaiotti,3
plumped,3
puzzled,3
bogoak,3
wideleaved,3
sauntered,3
happily,3
censed,3
herb,3
drago,3
negro,3
gabble,3
reveals,3
muslin,3
talisman,3
shanty,3
rejected,3
waif,3
yom,3
arab,3
fanned,3
closet,3
grating,3
pitched,3
calendar,3
hawthorn,3
acted,3
wend,3
allayed,3
hypothesis,3
improvement,3
unhooked,3
crape,3
inlaid,3
wobbly,3
coyly,3
lodger,3
afflicted,3
continental,3
maxwell,3
leinster,3
puce,3
puke,3
annihilation,3
jujube,3
outer,3
clipped,3
measurement,3
contrived,3
larger,3
supernumerary,3
armed,3
distinction,3
tasselled,3
lengthy,3
sexual,3
rescue,3
assembly,3
wheelbarrow,3
lusty,3
marrying,3
spoiled,3
abreast,3
medieval,3
rejuvenation,3
backing,3
commented,3
embalmed,3
plaintively,3
senior,3
jowl,3
eloquence,3
suckling,3
benben,3
cope,3
smeared,3
plait,3
reserved,3
shady,3
urinal,3
hitherto,3
wrangle,3
obeisance,3
vestal,3
werent,3
hank,3
progression,3
cum,3
inadvertently,3
babby,3
reared,3
hoose,3
fiction,3
clacking,3
challenged,3
bout,3
wrest,3
putty,3
elli,3
drab,3
apparent,3
graham,3
elizabeth,3
tympanum,3
document,3
dos,3
milkwhite,3
bullock,3
manure,3
twentyone,3
bevy,3
succession,3
educational,3
mayhap,3
dunne,3
gripe,3
luncheon,3
meantime,3
hailed,3
consummated,3
dingdong,3
cleaner,3
blasted,3
alleluia,3
calle,3
rail,3
caressed,3
corset,3
kerry,3
omnipotent,3
compound,3
wooed,3
inchicore,3
hamnet,3
signor,3
swinburne,3
pater,3
nous,3
coupled,3
sassenach,3
greaseabloom,3
parkgate,3
molesworth,3
tobacco,3
withdrew,3
windingsheet,3
analysis,3
bloodless,3
tu,3
vaguely,3
semen,3
lourdes,3
evoke,3
clumsily,3
cassock,3
innuendo,3
eyewitness,3
matcham,3
cornelius,3
unicorn,3
cannibal,3
creased,3
germany,3
imitate,3
doughty,3
cantrell,3
capture,3
starve,3
happening,3
newlaid,3
noose,3
console,3
hooked,3
sandwichbell,3
pussens,3
bailiff,3
armchair,3
lizzie,3
examine,3
mahogany,3
bygone,3
reconciliation,3
solomon,3
murk,3
conjectured,3
hazard,3
stager,3
despite,3
genial,3
fingering,3
ominous,3
protuberance,3
violator,3
amorous,3
brutal,3
regulation,3
poetic,3
letterbox,3
bawl,3
postmistress,3
obliterated,3
spout,3
octave,3
whipping,3
barbara,3
smitten,3
henceforth,3
shamrock,3
chow,3
schoolfellow,3
extensive,3
conspicuous,3
appreciation,3
spiral,3
westmoreland,3
barbacan,3
nondescript,3
kendal,3
saffron,3
customer,3
atty,3
tortoiseshell,3
revenge,3
spicy,3
stray,3
mulcahy,3
unique,3
gentry,3
industry,3
border,3
loveliness,3
whit,3
lime,3
clog,3
grasp,3
lamppost,3
pattern,3
inquired,3
goggles,3
acolyte,3
potion,3
introduced,3
drudge,3
entertained,3
spilling,3
cultured,3
nom,3
bunion,3
hired,3
rasher,3
narrative,3
solicited,3
mor,3
santa,3
sergeantmajor,3
unresisting,3
necklace,3
firmer,3
paralysed,3
fooling,3
disorder,3
gouger,3
framed,3
clan,3
streaming,3
vaughan,3
device,3
preacher,3
peake,3
toft,3
stifflegged,3
horhorn,3
dolores,3
persecuted,3
destroyed,3
dante,3
favoured,3
gout,3
spluttering,3
circumdet,3
topboots,3
highclass,3
magennis,3
squaw,3
trail,3
blinked,3
nae,3
preach,3
operation,3
comment,3
indication,3
guess,3
dieu,3
potential,3
stimulated,3
separation,3
oilskin,3
deputy,3
fizz,3
jam,3
enormous,3
morrow,3
handbell,3
meredith,3
worm,3
poop,3
roadside,3
crusted,3
remove,3
ninety,3
presbyterian,3
tripped,3
hengler,3
minding,3
fervour,3
suited,3
limitation,3
simpson,3
motionless,3
shrugged,3
bawls,3
sabbath,3
risen,3
hemisphere,3
unobtrusively,3
springer,3
lineage,3
juggling,3
deluge,3
romp,3
perceptible,3
offended,3
unit,3
quandary,3
shattering,3
gingerbread,3
weeps,3
situated,3
severely,3
summons,3
exchanged,3
leech,3
slower,3
artillery,3
dramatic,3
lui,3
auk,3
excellence,3
secured,3
mingled,3
dutch,3
skinny,3
mace,3
indistinctly,3
buckled,3
bowknot,3
onelegged,3
diddle,3
octopus,3
collins,3
itll,3
mercury,3
footstool,3
proximate,3
boyaboy,3
nickel,3
virago,3
dominant,3
preferably,3
meyerbeer,3
stating,3
involuntarily,3
flogging,3
tlee,3
lease,3
pelt,3
lubber,3
cockhorse,3
lucifer,3
implored,3
sheeny,3
illustrious,3
merriment,3
chucked,3
sufficiently,3
southward,3
chatterton,3
pregnancy,3
susan,3
cenar,3
henchman,3
pard,3
towser,3
steeple,3
permitted,3
heresiarch,3
slattery,3
cactus,3
create,3
acceded,3
reagent,3
hindquarter,3
withheld,3
noisily,3
rotto,3
jogged,3
foster,3
test,3
reservoir,3
apology,3
glided,3
hairdresser,3
tempt,3
tease,3
tempered,3
dice,3
jaunting,3
jerkily,3
sinico,3
sexton,3
somnambulism,3
massboy,3
motif,3
unrolled,3
gradation,3
begun,3
confined,3
nobly,3
eblana,3
admiralty,3
located,3
rory,3
keyless,3
convert,3
practitioner,3
jeering,3
chanter,3
ogling,3
caro,3
prepuce,3
milan,3
dundrum,3
hurrah,3
manchild,3
elsinore,3
orifice,3
curran,3
itching,3
tough,3
capped,3
wherefore,3
omelette,3
emphasis,3
gambling,3
lovey,3
controlled,3
mix,3
bulky,3
disposed,3
translation,3
grill,3
hardworking,3
escaping,3
adulterous,3
reverberation,3
cavan,3
wombfruit,3
distraction,3
quarrons,3
singer,3
windpipe,3
reincarnation,3
undoubtedly,3
elector,3
croak,3
yeats,3
notably,3
lingered,3
grumbling,3
cannon,3
disorderly,3
needful,3
banishment,3
gong,3
searched,3
renewed,3
sleek,3
prophet,3
nao,3
presto,3
nakkering,3
perchance,3
humbly,3
milky,3
navelcord,3
toper,3
arnold,3
salient,3
vermilion,3
bounding,3
maternal,3
antlered,3
stairhead,3
weltering,3
trifle,3
ascertained,3
morkan,3
yashmak,3
intimated,3
donkey,3
lieutenantcolonel,3
encouraged,3
mid,3
erected,3
lath,3
madrid,3
outdoor,3
skipper,3
evoked,3
zarathustra,3
hurray,3
sovs,3
wei,3
lain,3
greenhouse,3
wicket,3
dragged,3
hated,3
jaffa,3
sightseer,3
inspired,3
challenge,3
snotgreen,3
conversion,3
simper,3
minstrel,3
namely,3
confessionbox,3
au,3
presenting,3
chieftain,3
jib,3
doom,3
felix,3
jock,3
blend,3
nuptial,3
cooking,3
doady,3
totters,3
carelessly,3
probable,3
liege,3
exceeding,3
fawn,3
provoking,3
dustcoat,3
indigo,3
check,3
clyde,3
quaffed,3
bough,3
inadequate,3
reproachful,3
pursued,3
matron,3
richer,3
preserved,3
recumbent,3
reveal,3
wheedling,3
burden,3
psha,3
dowden,3
snoring,3
goldberg,3
moor,3
civilisation,3
boil,3
femininum,3
briefly,3
facilitate,3
dutchman,3
comparative,3
mananaun,3
waddle,3
lout,3
manage,3
gastric,3
mairy,3
lifeboat,3
affected,3
unheeding,3
darned,3
quivering,3
tinkle,3
excess,3
percentage,3
comer,3
tome,3
scruff,3
shortsighted,3
ruttledge,3
comyn,3
eamus,3
masterstroke,3
gaunt,3
dealing,3
medial,3
loincloth,3
foghorn,3
heaped,3
complicated,3
washstand,3
yielding,3
stinking,3
anticipating,3
groaning,3
lard,3
bullet,3
parasitic,3
european,3
discourse,3
evenly,3
rhodes,3
prelate,3
logical,3
waded,3
obsequious,3
rash,3
curd,3
dwell,3
acute,3
finn,3
supernatural,3
totally,3
busily,3
unanimous,3
artane,3
saltwhite,3
nursing,3
plasto,3
clove,3
eggcup,3
housetop,3
intend,3
adiaphane,3
jester,3
suspender,3
scratching,3
donegal,3
abundant,3
improper,3
combat,3
hoary,3
mewing,3
oblige,3
formidable,3
heavier,3
san,3
blotted,3
chanting,3
quayside,3
deceiver,3
durst,3
debate,3
frightful,3
glutton,3
novel,3
caliban,3
capacity,3
wrought,3
reproach,3
sixth,3
grimaced,3
majority,3
crept,3
contrition,3
cooing,3
celebrant,3
triangle,3
oblique,3
pooh,3
potation,3
actuated,3
indicated,3
tribune,3
erring,3
grateful,3
ease,3
magnetism,3
dash,3
breakdown,3
abortion,3
dismay,3
libation,3
plasterer,3
menelaus,3
buying,3
tritonville,3
cordially,3
broth,3
cropped,3
prussia,3
vigorously,3
tag,3
musichall,3
caution,3
alternative,3
beardless,3
stickumbrelladustcoat,3
lovebirch,3
randy,3
hara,3
camp,3
sixtyseven,3
bunk,3
scorpion,3
dotty,3
dietary,3
obelisk,3
affecting,3
wary,3
inaudibly,3
reward,3
battling,3
augustine,3
dishonoured,3
epistle,3
moira,3
beautify,3
mewed,3
refrained,3
unsteady,3
freeze,3
tuam,3
gain,3
diningroom,3
deadly,3
explains,3
waterworks,3
examining,3
claimed,3
lowry,3
torchlight,3
maker,3
tend,3
petrified,3
maxim,3
sinbad,3
tay,3
courtesy,3
nassau,3
teco,3
silted,3
pugnosed,3
reappeared,3
tremulous,3
scab,3
jog,3
smash,3
elsewhere,3
apprehended,3
drily,3
vitals,3
nostrum,3
digit,3
robbery,3
slush,3
liqueur,3
coast,3
soluble,3
irrigation,3
sphinx,3
missile,3
atkinson,3
crouching,3
whew,3
pissed,3
rubio,3
ragamuffin,3
tossing,3
maul,3
bareheaded,3
zenith,3
poplin,3
strangely,3
trod,3
plainly,3
turma,3
leary,3
jenny,3
almanac,3
thorough,3
platform,3
paint,3
longworth,3
al,3
stoer,3
lusk,3
carmel,3
interpretation,3
chinless,3
comprehend,3
arius,3
canteen,3
retiring,3
falkiner,3
mumble,3
builder,3
fou,3
banged,3
omnes,3
serpentine,3
encourage,3
cleaning,3
stifling,3
shylock,3
enthusiast,3
distended,3
foamy,3
christianity,3
chased,3
veteran,3
willie,3
thong,3
whereat,3
bedside,3
minion,3
creeping,3
chink,3
rosewood,3
grieved,3
lobster,3
multiplying,3
vogue,3
morocco,3
pulpy,3
quickening,3
nebula,3
sweeper,3
gerard,3
designed,3
reappear,3
watercloset,3
archangel,3
insult,3
bedchamber,3
autumn,3
formerly,3
peeped,3
snatch,3
turko,3
yearned,3
coon,3
oblivious,3
resemble,3
squealing,3
personality,3
graven,3
thrush,3
serf,3
whereon,3
nipped,3
curving,3
offal,3
confidence,3
handicap,3
crookback,3
laundry,3
illicit,3
corkscrew,3
recited,3
lunar,3
managing,3
portal,3
hock,3
mon,3
illustrate,3
cromwell,3
submitted,3
lilac,3
charitable,3
assault,3
adhered,3
mnemo,3
granny,3
numerous,3
astronomy,3
clery,3
bug,3
perturbation,3
toy,3
stalked,3
curb,3
broadstone,3
rocked,3
buffalo,3
sidling,3
coolness,3
kippur,3
football,3
pedestrian,3
gather,3
archway,3
trudged,3
watchchain,3
propitious,3
habitually,3
iscariot,3
preferring,3
theyve,3
torch,3
ral,3
perfumed,3
steve,3
gilbert,3
involved,3
waitress,3
magnate,3
sickness,3
gagged,3
pwee,3
missionary,3
dyeworks,3
tasted,3
exotic,3
convulsion,3
dewdrop,3
cropping,3
drowsy,3
mananaan,3
pretended,3
nannygoat,3
warehouse,3
oughtn,3
foliage,3
ark,3
physical,3
ballock,3
visited,3
ducky,3
available,3
ikey,3
thundered,3
tee,3
outset,3
altitude,3
lei,3
oldest,3
twined,3
lurch,3
soaring,3
rustled,3
puny,3
sturdy,3
numbered,3
knotty,3
ironing,3
favourably,3
miller,3
shod,3
represent,3
avowal,3
prepare,3
eightyone,3
sanded,3
wriggling,3
magnificent,3
strap,3
quilt,3
twanged,3
serge,3
walkup,3
shillelagh,3
eyebrow,3
vagrant,3
secondly,3
proudly,3
gnawing,3
multitudinous,3
relic,3
seawind,3
opal,3
trap,3
pant,3
harping,3
commendatore,3
ether,3
overcome,3
groping,3
rt,3
quizzing,3
crowded,3
insanity,3
antichrist,3
licentious,3
transferred,3
bolster,3
strayed,3
vintner,3
swurls,3
dodging,3
lethargy,3
hah,3
eighth,3
hirsch,3
poleaxe,3
chapter,3
ninepence,3
firstly,3
bobbing,3
granite,3
piebald,3
activity,3
lute,3
neglect,3
conceive,3
providential,3
spiked,3
billsticker,3
certificate,3
edging,3
represented,3
ja,3
pallor,3
pinching,3
refused,3
cheerily,3
concluding,3
clearing,3
presided,3
tub,3
oughtnt,3
crust,3
inherent,3
leeson,3
epitaph,3
decease,3
howled,3
wheeling,3
climbing,3
annoyed,3
barking,3
medium,3
kimono,3
clank,3
girlhood,3
rear,3
razorblade,3
encounter,3
cobweb,3
scapular,3
queenly,3
providence,3
redeemer,3
precaution,3
rainy,3
rooted,3
waterford,3
accidentally,3
shopman,3
simplest,3
nasal,3
gleaming,3
kenn,3
collation,3
burbage,3
toll,3
apostolic,3
crosslegged,3
disguised,3
congestion,3
guarantee,3
prostrate,3
timothy,3
clamour,3
extension,3
deshil,3
protect,3
rambling,3
spilt,3
bookie,3
ice,3
balcony,3
dans,3
den,3
flayed,3
hight,3
tony,3
conway,3
boyd,3
trading,3
beau,3
portugal,3
offend,3
towel,3
sanguine,3
bakery,3
caressing,3
gelded,3
nightly,3
absent,3
dubedat,3
tribal,3
tinned,3
allotted,3
pres,3
cahill,3
bean,3
worker,3
orangekeyed,3
smallest,3
hiccup,3
firstclass,3
glynn,3
remaining,3
lingo,3
keyhole,3
raschid,3
rhapsody,3
typewriter,3
unconscious,3
quigley,3
commanding,3
cluster,3
strapping,3
assent,3
ballsbridge,3
inhabitant,3
claver,3
anticipated,3
invitation,3
grandest,3
juno,3
facial,3
boa,3
robertson,3
interview,3
us,3
communication,3
eavesdropping,3
spider,3
perfection,3
myth,3
courteous,3
avarice,3
tuner,3
chariot,3
conqueror,3
quake,3
maclir,3
backhand,3
combine,3
inspected,3
objection,3
bobby,3
sponge,3
masonry,3
obvious,3
happier,3
granted,3
kinetic,3
bond,3
plucking,3
piously,3
misadventure,3
fff,3
observer,3
woollen,3
sombre,3
purely,3
multiply,3
erred,3
breadvan,3
wanderer,3
grub,3
disdain,3
eventuality,3
resided,3
mockingly,3
creeper,3
helmet,3
dreamily,3
raincaped,3
dolan,3
fitzharris,3
cigarettecase,3
clack,3
carmen,3
draymen,3
stork,3
transmigration,3
sweeping,3
refracts,3
lyster,3
tartan,3
resolved,3
version,3
dubliner,3
nell,3
guggenheim,3
jogging,3
recess,3
headed,3
inwardly,3
motor,3
accomplished,3
agility,3
clammy,3
booth,3
hence,3
resistance,3
reckoned,3
majolicatopped,3
domain,3
embonpoint,3
mound,3
surrender,3
scientific,3
cab,3
headgear,3
acquainted,3
virginia,3
district,3
secular,3
consecutive,3
blemish,3
savingsbox,3
britisher,3
midland,3
stile,3
positively,3
nomine,3
nicelooking,3
amusing,3
tallyho,3
mule,3
vapour,3
exhibit,3
homer,3
cited,3
quack,3
vigorous,3
imparted,3
conflict,3
infinitesimal,3
kearney,3
dwelt,3
locket,3
russian,3
beckoned,3
gabriel,3
adulteress,3
sublunary,3
absorbs,3
ole,3
sam,3
restaurant,3
haroun,3
celebrated,3
exhibitionism,3
sounded,3
abundance,3
concomitant,3
spy,3
bulrush,3
verge,3
ceylon,3
publican,3
enjoying,3
astride,3
connacht,3
usher,3
latitude,3
infanticide,3
spark,3
province,3
respectably,3
rape,3
rebound,3
bairn,3
jupiter,3
leaped,3
gripping,3
irrational,3
consumptive,3
spin,3
ryan,3
antecedent,3
belfry,3
patk,3
rug,3
opoponax,3
boosed,3
everchanging,3
prying,3
calculation,3
whither,3
plumed,3
sweety,3
query,3
fichue,3
confessor,3
crawl,3
familiarised,3
fuel,3
scion,3
lager,3
tumescence,3
hereupon,3
prays,3
sombrero,3
comparison,3
clod,3
guaranteed,3
pondered,3
accompany,3
purest,3
sopping,3
handing,3
rapped,3
releasing,3
kneebreeches,3
cud,3
irregularly,3
attending,3
zigzag,3
dollymount,3
tomato,3
pisgah,3
petty,3
deposited,3
holland,3
congenital,3
kran,3
refined,3
oblong,3
sprinkled,3
agency,3
corruption,3
crampton,3
nightdress,3
apply,3
searchlight,3
skiff,3
finglas,3
derelict,3
hester,3
resignedly,3
visual,3
reed,3
admiring,3
smut,3
commodity,3
godly,3
storey,3
admit,3
vellum,3
gondola,3
gunpowder,3
pith,3
yum,3
libyan,3
gauging,3
grunt,3
loosen,3
molecule,3
rectangular,3
halter,3
loosening,3
educated,3
fieldglasses,3
mezzo,3
insured,3
culture,3
sunset,3
booming,3
indulged,3
pleaded,3
rmm,3
catapult,3
managed,3
instinctively,3
avant,3
motorman,3
moneylender,3
snivelling,3
aproned,3
esquire,3
mediterranean,3
solicitude,3
immodest,3
hugging,3
sauntering,3
tranquility,3
extracted,3
departing,3
amor,3
ambled,3
truculent,3
laurel,3
buries,3
eustace,3
journalism,3
carra,3
cecil,3
machree,3
thanksgiving,3
pawnbroker,3
shoal,3
languor,3
redhot,3
ghoststory,3
memorable,3
hopping,3
dial,3
hymn,3
defile,3
inflicted,3
alluded,3
surviving,3
sundown,3
empress,3
yore,3
emptying,3
videlicet,3
fuller,3
absinthe,3
swank,3
gilligan,3
sooner,3
verdict,3
allfours,3
steeped,3
sourly,3
satisfy,3
voluptuous,3
splash,3
decision,3
scourge,3
stowing,3
subsequent,3
unexpected,3
illusion,3
finding,3
liberal,3
cormac,3
domini,3
esthetic,3
turban,3
oxter,3
daren,3
translated,3
imperturbability,3
disappears,3
aisle,3
meade,3
highlander,3
vaunted,3
stuart,3
tot,3
excursion,3
wadding,3
violated,3
repeating,3
liliata,3
uneven,3
tannery,3
scrawled,3
lincoln,3
snatched,3
prominent,3
discord,3
champagne,3
coney,3
dome,3
spice,3
successor,3
sipped,3
willed,3
succulent,3
mercurial,3
successive,3
vermin,3
associated,3
undid,3
raving,3
dialogue,3
bi,3
rooting,3
eying,3
earliest,3
hastened,3
famine,3
attempted,3
fountain,3
glade,3
maior,3
appointment,3
puissant,3
gristle,3
hopeless,3
execution,3
lank,3
apiece,3
progress,3
canvas,3
gee,3
assumed,3
banknote,3
tuo,3
grandson,3
swearing,3
contributor,3
owned,3
japanese,3
teat,3
amiably,3
slaughtered,3
morsel,3
bloodshot,3
surrounded,3
fourth,3
forgets,3
joiner,3
gripped,3
rabbi,3
chilly,3
fittest,3
doublet,3
backwards,3
purling,3
exemplified,3
ro,3
pulbrook,3
quarrelling,3
ohio,3
fared,3
rearing,3
tennyson,3
spake,3
drifting,3
span,3
righto,3
feigning,3
firing,3
hymen,3
spooning,2
consider,2
heals,2
prolongation,2
pelf,2
ladysmith,2
haul,2
allsop,2
forrest,2
disarmed,2
soultransfigured,2
erstwhile,2
aham,2
equation,2
worshipper,2
apothegm,2
dungaree,2
celestine,2
spartan,2
ottoman,2
squeaking,2
chinaman,2
aaron,2
fawcett,2
augur,2
corpuscle,2
borrow,2
liana,2
bathchair,2
stepaside,2
coalman,2
kettlelid,2
plaice,2
brendan,2
thimbleriggers,2
loaded,2
spurn,2
reprehensible,2
effective,2
corrupted,2
roc,2
clinking,2
homicide,2
rhubarb,2
wile,2
deadhand,2
swig,2
propagation,2
gleeful,2
threepenny,2
smerdoz,2
oleaginous,2
civilian,2
mong,2
exploded,2
repast,2
theoretical,2
vulgarity,2
prettier,2
equivalent,2
scullery,2
continually,2
oven,2
income,2
underlip,2
subjective,2
persia,2
hatless,2
spray,2
charing,2
hagadah,2
sheer,2
buttery,2
lapping,2
pleaser,2
seaward,2
sunbeam,2
garbed,2
governed,2
reine,2
fainting,2
lawnmowers,2
alighted,2
vingtetunieme,2
lovable,2
youve,2
tichborne,2
recite,2
julia,2
pest,2
lynx,2
moiety,2
proudest,2
arbitrary,2
partook,2
ultimately,2
midge,2
gavin,2
como,2
team,2
murren,2
toecap,2
grabbing,2
dancer,2
squirting,2
tidal,2
superfluous,2
acclamation,2
ubiquity,2
merit,2
sinning,2
woodwind,2
invited,2
decisive,2
confided,2
maturer,2
opine,2
genitive,2
pugilist,2
solicitation,2
dowager,2
seabird,2
hound,2
clapclap,2
oratory,2
divorce,2
habitation,2
whirled,2
apoplectic,2
kiddy,2
mady,2
redbearded,2
punished,2
poke,2
fretted,2
farfamed,2
restrain,2
blued,2
cudgel,2
marquess,2
massive,2
baked,2
echoed,2
wy,2
sa,2
pickpocket,2
faintest,2
extricated,2
bergin,2
nethermost,2
swain,2
relate,2
walsh,2
postscript,2
occult,2
pessach,2
fortyfoot,2
sidles,2
faut,2
embarrassment,2
elected,2
badtempered,2
filed,2
obstacle,2
dissented,2
blum,2
abominable,2
russet,2
monte,2
pricked,2
fortunately,2
magnus,2
painter,2
woodcock,2
raft,2
whitened,2
looped,2
gravehead,2
elevated,2
talent,2
survey,2
pantaloon,2
welkin,2
contend,2
bacteria,2
staghound,2
applies,2
cosmic,2
flyleaf,2
deciduously,2
friendliness,2
mort,2
bursting,2
snuffbox,2
feebly,2
shrieking,2
craved,2
complained,2
ritual,2
centrifugal,2
affect,2
dovecote,2
sheba,2
eden,2
proposing,2
nomen,2
mosey,2
rhino,2
accountant,2
daguerreotype,2
brophy,2
soever,2
disaster,2
goethe,2
puking,2
barrington,2
bluecircled,2
prop,2
doggerina,2
tolerable,2
mailed,2
etheric,2
cohabitation,2
pandemos,2
shakti,2
prismatic,2
slammed,2
hr,2
dimsey,2
describing,2
wellpleased,2
launched,2
grossbooted,2
elevation,2
onomatopoeic,2
seahorn,2
equilibrium,2
sump,2
crowning,2
gaffer,2
effaced,2
nourishing,2
spurious,2
scornful,2
perforated,2
omnia,2
relaxation,2
newhaven,2
scatter,2
annals,2
yoni,2
waddler,2
gravest,2
bono,2
lawnmower,2
maeterlinck,2
quenched,2
lycopodium,2
jeux,2
tusk,2
pinning,2
bedad,2
blackbearded,2
fustian,2
mousing,2
jing,2
gruffly,2
holyhead,2
marvel,2
lavatory,2
slipperslappers,2
oxygen,2
experiment,2
anatomy,2
caroline,2
afflict,2
entity,2
furze,2
jubilee,2
fitzsimons,2
mirage,2
messuage,2
tephilim,2
succumbed,2
perverted,2
cockburn,2
bestowed,2
launch,2
und,2
swamping,2
sup,2
ousted,2
wherewith,2
ejaculated,2
titlepage,2
donohoe,2
using,2
testimony,2
concentration,2
strangling,2
enclose,2
scant,2
scalding,2
chess,2
moistened,2
dargle,2
casket,2
hyacinth,2
issuing,2
poodle,2
eke,2
retreated,2
awaits,2
apollo,2
contemporaneously,2
deepsounding,2
nutriment,2
revolting,2
vaulted,2
kinsale,2
ashen,2
footlights,2
disgusting,2
melonfields,2
vance,2
ostrolopsky,2
conception,2
sitteth,2
thicker,2
sustaining,2
ditto,2
ordeal,2
sentimentalist,2
novelty,2
mango,2
booser,2
rebuke,2
callous,2
tschink,2
mislaid,2
setter,2
pruning,2
montefiore,2
altare,2
cube,2
easychair,2
waggon,2
pastille,2
wilful,2
befallen,2
carlow,2
readiest,2
kudos,2
seasick,2
pishogue,2
blazing,2
mack,2
socalled,2
dia,2
unoffending,2
dinged,2
incalculable,2
bracegirdle,2
hitting,2
exploitable,2
hollybush,2
bawdyhouse,2
concave,2
spelt,2
explodes,2
northeast,2
lambay,2
cowhide,2
summerhouse,2
sated,2
lined,2
voted,2
steed,2
casually,2
checked,2
tripudium,2
mudslinging,2
prussic,2
crib,2
hash,2
pubb,2
whatdoyoucallhim,2
festooned,2
undressing,2
donna,2
inter,2
fluted,2
shutter,2
mixup,2
electrical,2
homespun,2
gratuitous,2
deuce,2
quaking,2
swayed,2
graduate,2
nobler,2
fahrenheit,2
colum,2
savorgnanovich,2
tabard,2
drawl,2
weaning,2
carping,2
hist,2
arguing,2
braggart,2
jibe,2
ft,2
ranger,2
velly,2
maurice,2
princely,2
suckingbottle,2
impetuosity,2
leop,2
overheard,2
modified,2
impregnated,2
dockrell,2
liverslices,2
oo,2
brigid,2
invocation,2
whoreson,2
exaggerated,2
sinew,2
tassel,2
overseas,2
nile,2
bower,2
tramdriver,2
dickens,2
jigjag,2
pontiff,2
stretching,2
skyline,2
brink,2
alle,2
topper,2
curriculum,2
sever,2
elixir,2
odious,2
agatha,2
marketnet,2
hermit,2
fluctuation,2
vicarious,2
landscape,2
veiling,2
nancy,2
constellated,2
suppositious,2
tanyard,2
chattel,2
nobis,2
fecking,2
darem,2
purply,2
goodnight,2
outburst,2
hears,2
delivering,2
mathew,2
grammar,2
capon,2
katherine,2
inhibitory,2
cuck,2
plagiarist,2
caloric,2
impressionability,2
soundly,2
moored,2
studious,2
mackerel,2
inexquisite,2
conjugial,2
clanked,2
fluff,2
population,2
fehrenbach,2
aztec,2
friction,2
commenced,2
han,2
geraldines,2
disciple,2
waltzing,2
strangled,2
dilemma,2
dinge,2
finelooking,2
gnawed,2
shelbourne,2
faster,2
assented,2
unfold,2
supporting,2
hatching,2
sletty,2
greencapped,2
advertising,2
steeplechase,2
hood,2
goad,2
yield,2
edenville,2
sterile,2
bayed,2
contradict,2
abuse,2
invite,2
omega,2
plausibly,2
mawkish,2
scar,2
geometrical,2
flabbergasted,2
selfwilled,2
similarity,2
adhesive,2
pod,2
dodder,2
apoplexy,2
privilege,2
fourteen,2
finite,2
treating,2
pasha,2
solicitous,2
fatal,2
sol,2
marge,2
uneasy,2
showcart,2
satirically,2
agonising,2
sweetened,2
drapery,2
stroking,2
crater,2
ravished,2
darwin,2
bulb,2
suspected,2
coalquay,2
cottonball,2
receiver,2
shuffled,2
guttural,2
dalton,2
costdrawer,2
surfeit,2
component,2
downy,2
homo,2
coastwise,2
woful,2
entreated,2
rumpus,2
genealogical,2
bored,2
premium,2
primary,2
acorn,2
mitred,2
transposed,2
nathan,2
skibbereen,2
karma,2
cackling,2
crisscrossed,2
squinty,2
walker,2
dug,2
plaintive,2
astonishing,2
slobbering,2
straighten,2
volant,2
bagpipe,2
energetic,2
dire,2
stifled,2
handglass,2
combined,2
fortunate,2
transpired,2
whetstone,2
costumed,2
elvery,2
newsboards,2
domed,2
dividend,2
meter,2
forceps,2
thnthnthn,2
sidelong,2
ethical,2
yawning,2
potheen,2
yr,2
bitten,2
forbearance,2
azure,2
roguish,2
contributed,2
div,2
horatio,2
mano,2
courtesan,2
questioned,2
westmeath,2
yuletide,2
bluecoat,2
granduncle,2
aging,2
pocketing,2
crosshaven,2
cityful,2
humpy,2
phew,2
expansion,2
wireless,2
desmond,2
habsburg,2
undone,2
distinctive,2
ditty,2
fleeing,2
devote,2
protection,2
effluvium,2
admission,2
wheedle,2
coffinlid,2
portwine,2
burnished,2
injected,2
screeching,2
maison,2
cannonball,2
christbaum,2
venison,2
holdfast,2
yon,2
mabbot,2
reigned,2
dreadfully,2
shown,2
wobbled,2
sutler,2
shawled,2
plodded,2
abnormal,2
hatrack,2
norwegian,2
eardrop,2
constituent,2
relished,2
hairoil,2
attribute,2
luckless,2
defend,2
thirtyfive,2
rinsing,2
underwood,2
insignificant,2
administered,2
orderly,2
jilted,2
tangent,2
diddlediddle,2
moribund,2
typist,2
dennehy,2
waterloo,2
readywitted,2
silkhatted,2
outbreak,2
supervision,2
grinned,2
glowed,2
advising,2
rotter,2
admires,2
kempthorpe,2
mortality,2
polony,2
gulping,2
influential,2
fearful,2
barely,2
selected,2
bewept,2
iar,2
leprous,2
vartry,2
patting,2
covey,2
carbonised,2
dank,2
matchbox,2
culminating,2
spawn,2
practising,2
thinsocked,2
lewy,2
misapprehension,2
outlived,2
flexed,2
amnesia,2
provide,2
vicar,2
oinopa,2
rogerson,2
ravenous,2
alpaca,2
morose,2
reddened,2
streetwalker,2
bile,2
martello,2
release,2
intensely,2
spluttered,2
drizzle,2
hereabouts,2
chiding,2
risked,2
chamberpot,2
kaffir,2
rattlesnake,2
patted,2
leftherhis,2
hearer,2
seventyseven,2
entertain,2
arden,2
nosing,2
decidedly,2
roasted,2
interviewer,2
newest,2
berkeley,2
gad,2
smythe,2
sallins,2
softens,2
mocked,2
bucko,2
sweepingbrush,2
tabby,2
devour,2
kipper,2
chemise,2
nisi,2
penknife,2
luminosity,2
zodiacal,2
fuck,2
rewarded,2
volley,2
augury,2
nightshirt,2
warden,2
publication,2
unbelief,2
beechmast,2
incongruity,2
pert,2
scamp,2
plight,2
timekeeper,2
undo,2
backer,2
unfortunately,2
precluded,2
hawked,2
doth,2
ewart,2
pincushion,2
stealeth,2
heaventree,2
cockney,2
megaphone,2
displaying,2
straightforward,2
padney,2
motorcar,2
sweeter,2
speculation,2
cuddled,2
rectal,2
singly,2
elster,2
stalwart,2
brevier,2
blandly,2
halfcrowns,2
winny,2
unsubstantial,2
chrysostomos,2
birdsweet,2
excepted,2
eleison,2
halfpenny,2
connolly,2
hither,2
crucifix,2
tarbarrels,2
sagging,2
crissie,2
ejaculation,2
conacre,2
organise,2
confess,2
fake,2
clergy,2
reeking,2
jasperstone,2
prescription,2
solitude,2
awaking,2
distantly,2
slimsandalled,2
precedent,2
staysed,2
eucalyptus,2
todd,2
callboy,2
martyn,2
gelatine,2
transverse,2
whacking,2
ludwig,2
salary,2
blarney,2
withdrawn,2
endeavour,2
trickling,2
daystar,2
sixfooter,2
dallying,2
rubicund,2
somnambulist,2
resorted,2
tramsiding,2
liverless,2
avine,2
amity,2
rightabout,2
soggarth,2
daybreak,2
eased,2
larboard,2
ascendancy,2
extraordinary,2
dutiful,2
undoes,2
freshly,2
renan,2
agone,2
gusto,2
pistol,2
soultransfiguring,2
donald,2
withered,2
penumbra,2
repletion,2
manus,2
upcast,2
breffni,2
falstaff,2
dangerous,2
scooping,2
economics,2
detective,2
ostensibly,2
whiterose,2
stephanoumenos,2
alphonsus,2
competent,2
safer,2
coined,2
alphabet,2
crier,2
silverfoil,2
barraclough,2
frightened,2
doric,2
inquisition,2
shoulderblade,2
suburban,2
willpower,2
correction,2
kit,2
brougham,2
deam,2
timely,2
coastguard,2
assize,2
connery,2
hemorrhage,2
jammet,2
serving,2
noserag,2
doorhandle,2
foundation,2
motive,2
nobodaddy,2
helm,2
ducked,2
devised,2
pawning,2
mainly,2
survival,2
begad,2
quoth,2
carrion,2
whoa,2
senorita,2
musicroom,2
twoheaded,2
scamper,2
allfather,2
eternally,2
obstetrics,2
stopgap,2
undertaker,2
hoho,2
lowbacked,2
yous,2
hobby,2
hoped,2
braced,2
paragraph,2
mumbling,2
affinity,2
addicted,2
vexed,2
lasso,2
je,2
whistled,2
waning,2
chanted,2
delirium,2
whisk,2
village,2
testily,2
clearly,2
guidance,2
rueful,2
hale,2
waggling,2
quakerlyster,2
epicentre,2
carriagewhip,2
feeler,2
mumbled,2
toadstool,2
methinks,2
languid,2
recover,2
periwinkle,2
swish,2
noiselessly,2
astral,2
amuse,2
thurible,2
rigidity,2
trustee,2
bloometh,2
shuffle,2
myriadminded,2
usted,2
tress,2
motherwit,2
jean,2
counselled,2
contending,2
permission,2
hamilton,2
unwell,2
daybook,2
pedagogue,2
arching,2
lovelorn,2
vulnerable,2
conveyance,2
calvary,2
feastday,2
impervious,2
conjugal,2
maze,2
cringing,2
underclothing,2
darcy,2
starkey,2
stockinged,2
expire,2
considerably,2
spectre,2
fubsy,2
traditional,2
bankside,2
chronic,2
farley,2
allude,2
alaki,2
toiling,2
columbus,2
turnstile,2
catesby,2
goggling,2
retired,2
vel,2
impetuous,2
salad,2
tho,2
waggoner,2
lured,2
trottingmatches,2
tolka,2
introduction,2
bouquet,2
lovemaking,2
ephraim,2
hesitating,2
convolution,2
verb,2
posthaste,2
juror,2
familiarity,2
catgut,2
whitehot,2
distinguishedlooking,2
retaliated,2
excluded,2
karl,2
henna,2
forefather,2
antitreating,2
alley,2
rebellion,2
clarence,2
conveyed,2
shouldering,2
knitting,2
prohibition,2
eton,2
ninetynine,2
kindred,2
cleaned,2
gaiter,2
ballybough,2
vomit,2
incorruptible,2
pimander,2
swindling,2
hub,2
irlandais,2
pigtail,2
canebrake,2
banjo,2
polysyllable,2
limply,2
aurora,2
swears,2
stanislaus,2
graced,2
bridgepiers,2
aureole,2
emolument,2
curvilinear,2
status,2
desertion,2
consoled,2
sandwichboards,2
bluebottle,2
skulking,2
nat,2
cabled,2
achievement,2
obsession,2
seedy,2
loll,2
bak,2
melody,2
kino,2
otto,2
preterite,2
chafing,2
wha,2
accommodated,2
throe,2
highway,2
mangan,2
indoor,2
con,2
lazily,2
chit,2
chained,2
lilith,2
southwark,2
refunded,2
xavier,2
explosion,2
familiarly,2
butterly,2
interim,2
authentic,2
opponent,2
jocosely,2
teaching,2
discontent,2
figatner,2
initiated,2
scalp,2
cuffes,2
blackpitts,2
deterrent,2
trice,2
unmarried,2
custody,2
sonny,2
deedpoll,2
handel,2
awave,2
benign,2
languorous,2
repeatedly,2
toothache,2
academic,2
avoided,2
coattail,2
snuffled,2
blotch,2
protecting,2
tschunk,2
laced,2
dud,2
stunned,2
pigment,2
hussar,2
whiteside,2
sheepskin,2
deathless,2
pandybat,2
defence,2
greeneyed,2
wifey,2
mooted,2
imp,2
opposition,2
chanced,2
aorist,2
weal,2
clang,2
russo,2
hickey,2
whitest,2
finer,2
beth,2
mushy,2
attributed,2
marathon,2
whitesmocked,2
bridewell,2
vantage,2
wherry,2
bauble,2
horseflesh,2
tacitly,2
theological,2
moonblue,2
mutable,2
michelangelo,2
vatican,2
sooth,2
facing,2
mote,2
drivel,2
goodly,2
hussy,2
wouldbe,2
treaty,2
tomkin,2
sydney,2
excipiat,2
votary,2
clover,2
postman,2
abbas,2
schedule,2
yelled,2
hurley,2
pastureland,2
knickers,2
heass,2
pondering,2
truncheon,2
darted,2
higharched,2
magdalen,2
garibaldi,2
shammy,2
ripping,2
scrupulously,2
falconer,2
fraternity,2
sullivan,2
clime,2
shrive,2
fumbled,2
wheelmen,2
petit,2
ordnance,2
biz,2
winerooms,2
submerged,2
hising,2
slyboots,2
disrobed,2
stonecold,2
slowed,2
saucy,2
cp,2
mortgagor,2
fieldmarshal,2
tackle,2
bacc,2
engineer,2
detaches,2
frontlet,2
collide,2
exciting,2
kilmainham,2
clanging,2
sabellius,2
carlo,2
platonic,2
orangeman,2
thered,2
bonus,2
coolest,2
henpecked,2
taxil,2
doubledare,2
jumbo,2
chestnut,2
chimneyflue,2
sniffling,2
nadir,2
tudor,2
crucial,2
romeo,2
stye,2
frump,2
dissimilar,2
luscious,2
adventure,2
snot,2
twain,2
wheelwright,2
fondling,2
raincoat,2
pursuing,2
alight,2
replaced,2
raymond,2
hewing,2
hoofthuds,2
scintillating,2
molar,2
bucking,2
aggravating,2
workshop,2
sculptor,2
album,2
getup,2
trolling,2
truer,2
disabled,2
instruct,2
pinky,2
implacable,2
completion,2
weeper,2
effusive,2
bohee,2
hangdog,2
washkitchen,2
sphere,2
concede,2
steelhoofs,2
slavey,2
unlit,2
hooray,2
impaled,2
employ,2
respiration,2
maimun,2
usage,2
qualm,2
exported,2
whopper,2
deus,2
ocular,2
reclines,2
forecast,2
bounded,2
oozing,2
delicious,2
escaped,2
tenth,2
placket,2
blub,2
indulge,2
recollect,2
phibsborough,2
instructed,2
crowbar,2
zoo,2
questioner,2
whereof,2
haggard,2
anchorchains,2
conceit,2
volui,2
advertised,2
reversible,2
blimey,2
nimbus,2
flambeau,2
pedlar,2
convex,2
impostor,2
wat,2
palfrey,2
reformer,2
improvising,2
writhing,2
grissel,2
sinkapace,2
hockeystick,2
noches,2
hearthrug,2
melodeon,2
bleak,2
lustrous,2
chick,2
motherhood,2
multiplication,2
isolde,2
slumberous,2
galileo,2
studded,2
fancied,2
deuced,2
narcissus,2
scope,2
shatter,2
olier,2
affirming,2
plumper,2
grappling,2
asquat,2
welsher,2
permanence,2
neighbourhood,2
cometh,2
wolfdog,2
burgher,2
parleyvoo,2
hesitation,2
glum,2
entituled,2
mot,2
querulous,2
handmaid,2
partiality,2
virile,2
behan,2
foaming,2
rede,2
leapyear,2
superannuated,2
auctionrooms,2
requiem,2
repetition,2
settlement,2
breviary,2
imperceptible,2
domicile,2
typed,2
flowerwater,2
toby,2
marcus,2
creek,2
fled,2
marlborough,2
expects,2
sneak,2
hydrogen,2
countryfolk,2
damsel,2
celt,2
eyeless,2
refreshing,2
omar,2
maddening,2
horizontal,2
clonsilla,2
bilious,2
complain,2
rosa,2
hangman,2
retreating,2
findlaters,2
hesitate,2
hoot,2
imago,2
distillation,2
welleducated,2
allowance,2
animation,2
amok,2
occasional,2
prose,2
separating,2
hypnotised,2
dosing,2
sod,2
utilised,2
flake,2
skivvy,2
avid,2
waxen,2
mince,2
ruth,2
grasshalms,2
esperanto,2
amatory,2
knuckledusters,2
cornwall,2
lesbic,2
visibly,2
wi,2
inquirer,2
resort,2
galore,2
prevented,2
grimacing,2
thine,2
listless,2
vim,2
hypocrite,2
expectantly,2
stockholm,2
tarpaulin,2
williams,2
boasthard,2
maidenhead,2
curdy,2
frond,2
interrupted,2
bargeman,2
tentative,2
honestly,2
praised,2
typewritten,2
sodden,2
turnbull,2
proceeds,2
curtly,2
addled,2
maritana,2
sleepily,2
enfants,2
devans,2
basilisk,2
sprained,2
benamor,2
ii,2
liable,2
sickbed,2
concurred,2
metaphorically,2
nohow,2
schwarz,2
regulating,2
eulogy,2
halliday,2
tatter,2
flowerville,2
whining,2
gore,2
wellturned,2
chuckled,2
darkest,2
drawling,2
conclusively,2
ungirdled,2
resonance,2
drier,2
iii,2
pulley,2
offensively,2
theyll,2
sponger,2
scut,2
sniffed,2
linea,2
consubstantiality,2
nursingwoman,2
paleface,2
superlative,2
hindleg,2
endeavouring,2
stolen,2
horsey,2
cupboard,2
esplanade,2
forlornly,2
firstrate,2
fleece,2
uninjured,2
tolled,2
mockturtle,2
obtaining,2
fluxion,2
mortar,2
lessee,2
henny,2
daub,2
frisky,2
newborn,2
philippe,2
adieu,2
possessor,2
fucker,2
pine,2
constitutes,2
pissing,2
luxury,2
specialist,2
donoghue,2
bedlinen,2
harrington,2
textual,2
particle,2
palgrave,2
coalhole,2
stoppress,2
mumps,2
werner,2
levenston,2
gibbering,2
whirring,2
ursula,2
cowe,2
pawing,2
canarybird,2
johannes,2
lithia,2
souped,2
trieste,2
superman,2
shopgirl,2
wheezy,2
homme,2
skirtdancers,2
phyllis,2
playful,2
cuddling,2
tam,2
colleague,2
wedlock,2
hubby,2
unsightly,2
simian,2
trembled,2
rob,2
blushed,2
troubling,2
simultaneous,2
involving,2
advent,2
manger,2
zulu,2
gusset,2
inventor,2
mohican,2
porker,2
ac,2
foreleg,2
immutable,2
selfsame,2
ger,2
warn,2
mamy,2
constituted,2
petal,2
volatile,2
peninsula,2
beeftea,2
jingo,2
sopped,2
devoutly,2
notch,2
poundnote,2
hostage,2
therefor,2
duration,2
artless,2
bracing,2
halloran,2
fagged,2
radically,2
comprehension,2
prowling,2
average,2
nosebag,2
chimed,2
certified,2
obtainable,2
divisible,2
bloodied,2
brushup,2
offspring,2
deacon,2
super,2
alba,2
poco,2
refreshed,2
dis,2
purring,2
dandy,2
bunged,2
banquet,2
itd,2
threequarter,2
doggy,2
caledonian,2
heartrending,2
marched,2
achieved,2
wading,2
swagger,2
lancet,2
lovephiltres,2
miniature,2
violation,2
harmless,2
pattering,2
midden,2
magnum,2
varnished,2
angus,2
alfred,2
snuffy,2
tertius,2
regularly,2
ashlydyat,2
booked,2
whirlpool,2
fiercely,2
standpoint,2
jawbreaker,2
daleth,2
goodliest,2
leavetaking,2
damask,2
breastplate,2
billion,2
siege,2
cleansing,2
psalm,2
complimented,2
tartar,2
supplication,2
reminding,2
gasped,2
supposition,2
racer,2
mashtub,2
wordsworth,2
torah,2
canadian,2
formation,2
zouave,2
barometer,2
exalted,2
thomond,2
abide,2
ryefield,2
unwashed,2
alleviated,2
pinched,2
kinnereth,2
stimulate,2
mulveys,2
twentyseven,2
overjoyed,2
repaired,2
gist,2
vagabond,2
dewy,2
harking,2
consist,2
pigheaded,2
unweave,2
composing,2
syrupy,2
shadowing,2
hegarty,2
vesture,2
waxwork,2
arc,2
contrasted,2
hungered,2
partake,2
knotted,2
redmayne,2
jammed,2
gamey,2
keenest,2
wedded,2
toilet,2
paralyse,2
boldness,2
retrenchment,2
anal,2
frailty,2
dispossessed,2
outfitter,2
affixed,2
substituted,2
pregnant,2
roadster,2
barabbas,2
cygnet,2
freckled,2
confessorum,2
introit,2
mantilla,2
meteoric,2
dina,2
vitriol,2
conjure,2
blotchy,2
haddock,2
tinsel,2
ipsorelative,2
marginal,2
marriageable,2
november,2
absorbed,2
yawned,2
shopping,2
asperity,2
portrait,2
sunt,2
suave,2
pours,2
holocaust,2
chenille,2
deane,2
dineen,2
santry,2
steevens,2
flees,2
knobby,2
envisaging,2
savez,2
longa,2
situate,2
skittish,2
mabinogion,2
chanty,2
digest,2
traipsing,2
lewdly,2
coition,2
icecream,2
bally,2
ascends,2
dot,2
inferior,2
lintel,2
caldron,2
foremost,2
adipose,2
gonne,2
rap,2
typhoid,2
rippingham,2
trampling,2
directory,2
wafted,2
amsterdam,2
draper,2
stress,2
gushingly,2
mode,2
tootle,2
emily,2
instituted,2
promontory,2
repristination,2
treacle,2
southern,2
pomegranate,2
acclimatised,2
shirtfront,2
saucestained,2
coif,2
upholding,2
larch,2
morale,2
piteous,2
grizzled,2
prearranged,2
monosyllabic,2
pimple,2
faction,2
dicer,2
gnashed,2
fettered,2
daw,2
pressing,2
twang,2
heroine,2
beagle,2
hutchinson,2
hug,2
abeakuta,2
burgh,2
uncombed,2
beholden,2
lightship,2
belch,2
dissolve,2
whiled,2
witnessing,2
divide,2
protested,2
ker,2
lingam,2
debauchery,2
emaciated,2
trivial,2
macfadden,2
ungual,2
lithe,2
armada,2
indicator,2
amongst,2
smithfield,2
indicates,2
fisherman,2
roygbiv,2
carbon,2
glistering,2
denmark,2
coign,2
suffocated,2
oot,2
italic,2
barren,2
glasgow,2
tallwhitehatted,2
animated,2
charged,2
outlet,2
dodd,2
tory,2
spouting,2
clout,2
laconic,2
yester,2
haja,2
verschoyle,2
unlovely,2
recipient,2
goim,2
bridebed,2
stamer,2
shrubbery,2
prosperity,2
infidel,2
voglio,2
ghimel,2
mendicancy,2
ant,2
vociferously,2
broadly,2
bezique,2
elevates,2
evinced,2
enjoined,2
elegant,2
iveagh,2
loosened,2
modification,2
killiney,2
palabras,2
parcelled,2
impelling,2
flybill,2
whatness,2
swooning,2
laurence,2
cramming,2
dominion,2
grosvenor,2
nailed,2
timberyard,2
tragic,2
pouch,2
arrived,2
mecklenburgh,2
katty,2
employment,2
camera,2
altarrails,2
efficacy,2
theology,2
symbolistic,2
conflicting,2
rectitude,2
jameson,2
bosh,2
mer,2
speeding,2
consul,2
sundered,2
regretted,2
bous,2
endless,2
abdomen,2
cither,2
torero,2
comfortable,2
canice,2
altarstone,2
lurid,2
vowed,2
clanged,2
anna,2
massa,2
reigneth,2
daintier,2
corned,2
announce,2
observe,2
dissolute,2
floundering,2
squeezed,2
realm,2
galbraith,2
gimlet,2
regardless,2
dix,2
leman,2
rathcoffey,2
grandpapa,2
berry,2
scraggy,2
vaseline,2
headborough,2
gwynn,2
detail,2
hray,2
emanating,2
athlete,2
froth,2
ochone,2
lumberroom,2
backed,2
lamented,2
ascended,2
fambles,2
sweepstake,2
scrimmage,2
morrice,2
fingered,2
shebeen,2
ownio,2
childe,2
boxing,2
bridal,2
straightway,2
hereinafter,2
hubbub,2
viewing,2
downwardtending,2
yclept,2
massed,2
gules,2
realisation,2
discus,2
whitewax,2
secretly,2
condensed,2
alligator,2
pucking,2
gassing,2
anguish,2
adorn,2
digital,2
hathaway,2
derisively,2
gulfstream,2
ilk,2
penetrated,2
mourne,2
craven,2
bros,2
fratricide,2
uncouth,2
chatting,2
webbed,2
structure,2
jim,2
reclining,2
discoloured,2
banana,2
seedcake,2
visavis,2
tim,2
lone,2
pompedy,2
entrails,2
accounted,2
communicated,2
bruiser,2
photography,2
betide,2
based,2
aliorelative,2
buzzed,2
flagellate,2
sugary,2
cling,2
reduce,2
foreigner,2
maas,2
ingle,2
fiddlefaddle,2
stack,2
infatuated,2
tainted,2
steer,2
maroon,2
pillowed,2
smirking,2
paler,2
caption,2
liszt,2
category,2
italy,2
nicety,2
baying,2
dilate,2
disbelief,2
pedal,2
bigness,2
ingot,2
skeezing,2
gallantbuttocked,2
moya,2
pamphlet,2
penis,2
writingtable,2
prod,2
cloakroom,2
myriad,2
emergency,2
bridled,2
choke,2
imaginary,2
necktie,2
banshee,2
trajectory,2
crozier,2
circuit,2
sisterhood,2
yonder,2
funereal,2
gaslight,2
snorted,2
radiance,2
glowlamps,2
reborn,2
trash,2
nectar,2
crypt,2
coralpink,2
hockey,2
struggled,2
jerkin,2
matrimony,2
knacker,2
gymnastic,2
grime,2
nipping,2
scanty,2
captured,2
sorted,2
advancing,2
bobbed,2
johnston,2
lathered,2
clapper,2
socket,2
creaky,2
chimneysweep,2
resource,2
softy,2
derwan,2
variation,2
turnover,2
lender,2
orbit,2
formless,2
adrianopoli,2
harold,2
dringdring,2
cylindrical,2
genially,2
pupped,2
conceal,2
astronomical,2
punk,2
costliest,2
jotting,2
gaitered,2
objective,2
venue,2
branscombe,2
reverting,2
cuirass,2
marche,2
disengages,2
deity,2
ballastoffice,2
groatsworth,2
protected,2
steamroller,2
hostelry,2
beninobenone,2
penitent,2
incapable,2
rousing,2
assist,2
redemption,2
rumbling,2
rorke,2
galleypage,2
laudanum,2
wealthy,2
tortured,2
fellowcountrymen,2
raking,2
apologetic,2
cauliflower,2
debtorship,2
fecit,2
ruminant,2
contention,2
bullion,2
prong,2
bumbailiff,2
favourable,2
hellenic,2
meshuggah,2
lesson,2
bouncing,2
conjured,2
agog,2
blackrock,2
recitation,2
convivial,2
reunion,2
ordered,2
jesurum,2
benignant,2
plumstones,2
thirty,2
detected,2
scep,2
bushranger,2
beaufort,2
mirthless,2
esta,2
seaman,2
demesne,2
catamenic,2
missy,2
entelechy,2
morris,2
awaited,2
sward,2
xmas,2
heliotrope,2
litter,2
pliant,2
refluent,2
sycamore,2
whatnot,2
pickled,2
cleopatra,2
tuning,2
tink,2
gallantly,2
significant,2
stripe,2
stairfoot,2
bien,2
cramped,2
misunderstood,2
embrasure,2
busk,2
leger,2
decorum,2
atrot,2
gulf,2
trews,2
tenderly,2
worshipful,2
natured,2
hallfloor,2
andalusian,2
harcourt,2
lear,2
schooner,2
tweezer,2
capacious,2
sterility,2
skullpiece,2
chaplain,2
cornice,2
buddha,2
mildly,2
sundering,2
boudin,2
congratulated,2
faked,2
sketch,2
detest,2
dicky,2
precocious,2
injun,2
ophelia,2
losing,2
debility,2
trowel,2
appari,2
confidentially,2
correspondence,2
whatwhat,2
disperses,2
collecting,2
ledge,2
trouserleg,2
advocate,2
thereat,2
pluterperfect,2
hotblooded,2
countinghouse,2
cassidy,2
shopfront,2
inexpressible,2
goodman,2
wrecker,2
outline,2
antrim,2
findon,2
howling,2
stumping,2
violate,2
zealous,2
scathing,2
flourished,2
dimpled,2
embon,2
strolling,2
sirrah,2
duma,2
keened,2
ballymote,2
shouldered,2
plodding,2
closely,2
resembled,2
joggled,2
effigy,2
minnie,2
gander,2
moneyed,2
cram,2
gonzaga,2
complaint,2
continent,2
doorframe,2
heah,2
uncommonly,2
embossed,2
macmahon,2
roved,2
chardenal,2
connubial,2
cloven,2
marrowbone,2
hufa,2
sont,2
spellbound,2
mentality,2
shamble,2
doxy,2
northumberland,2
sabletrimmed,2
epidemic,2
peaked,2
intimation,2
unfurling,2
bivalve,2
buttoning,2
subjected,2
dunbar,2
melodious,2
virginal,2
madonna,2
contraction,2
swathe,2
nova,2
suction,2
imagining,2
thankful,2
grease,2
select,2
mutter,2
pigeonhouse,2
resulted,2
oiled,2
neverchanging,2
enclosure,2
ember,2
villain,2
halo,2
assumes,2
aqueous,2
mozart,2
phoned,2
burgess,2
hornies,2
roundabout,2
clive,2
straightened,2
almany,2
cutest,2
masonic,2
ambrosial,2
swill,2
jelly,2
wheatenmeal,2
fence,2
briny,2
cheekchops,2
teacher,2
highroad,2
hotter,2
fritz,2
snivel,2
hastening,2
photius,2
lumbering,2
inall,2
curtseying,2
forepaw,2
unscathed,2
woa,2
candidly,2
oui,2
gnashing,2
relieving,2
primogeniture,2
impeded,2
aubrey,2
tumbled,2
tinily,2
ungainly,2
lunation,2
caubeen,2
surroundings,2
grist,2
lousy,2
castoffs,2
gyration,2
greet,2
ingleside,2
absolution,2
brillantined,2
obligation,2
ruminating,2
prevent,2
trickies,2
resemblance,2
chill,2
tramfare,2
lance,2
nonperishable,2
solicit,2
transported,2
extinct,2
colouring,2
forester,2
inflammable,2
option,2
rugger,2
stewed,2
albatross,2
crested,2
hissing,2
staple,2
largest,2
chuckling,2
luxuriously,2
flirt,2
wench,2
levity,2
producing,2
indispensable,2
crustcrumbs,2
facility,2
confidential,2
varied,2
construct,2
perplexity,2
defended,2
fulfilling,2
rehoboth,2
parchmentroll,2
tansy,2
sibyl,2
wapping,2
eyebrowleine,2
lingerie,2
heytesbury,2
interfered,2
sowing,2
indecently,2
perish,2
beneficent,2
munster,2
leer,2
awaiting,2
pencilled,2
anxiety,2
remarking,2
retrieve,2
throbbing,2
costbag,2
isolated,2
cribbed,2
shallow,2
decide,2
incog,2
instep,2
blight,2
surety,2
smoothest,2
germ,2
greeny,2
crucify,2
persuasive,2
balloon,2
equidistant,2
mal,2
weir,2
dulcet,2
persistent,2
carpenter,2
swilling,2
chameleon,2
skipped,2
brawny,2
persevering,2
infirm,2
vicechancellor,2
testicle,2
caul,2
subsolar,2
roundness,2
pollock,2
enthusiastic,2
nudging,2
forensic,2
parlance,2
indisputable,2
streamer,2
gleefully,2
fernfoils,2
cairn,2
urine,2
antediluvian,2
grasping,2
precisely,2
praising,2
boaster,2
sizeable,2
del,2
bleat,2
yourselves,2
cabra,2
bail,2
vias,2
sou,2
milkcan,2
dona,2
munro,2
limewash,2
whh,2
circumspection,2
forgery,2
com,2
rathfarnham,2
theosophos,2
helterskelter,2
shebeenkeeper,2
addressee,2
elegance,2
seagreen,2
tow,2
hurdle,2
darkbacked,2
unoccupied,2
minuet,2
pampered,2
remoteness,2
alec,2
goldsmith,2
wellchosen,2
dangled,2
inequality,2
vie,2
whirr,2
shrivels,2
unmentionable,2
brini,2
ethereal,2
essay,2
fainted,2
aliment,2
drimmies,2
cornered,2
yearns,2
spiced,2
closer,2
feared,2
rubble,2
romantic,2
lens,2
tivy,2
fleshpots,2
vindictive,2
jewish,2
patrician,2
tremendously,2
tholsel,2
dump,2
tiger,2
seventytwo,2
rouge,2
rainbow,2
pleasing,2
commemoration,2
mortgagee,2
nevada,2
homothetic,2
lendeth,2
littlejohn,2
rill,2
polecat,2
playgoer,2
snare,2
herbalist,2
mutilated,2
inexhaustible,2
plural,2
parliamentary,2
existing,2
leahy,2
hatch,2
grilled,2
cashed,2
weird,2
fred,2
buttend,2
nightcall,2
malady,2
astir,2
duchess,2
flounder,2
decided,2
grouse,2
sneezing,2
recalled,2
temptation,2
cicero,2
awning,2
westminster,2
wintertime,2
pirouette,2
horizon,2
trampled,2
womanish,2
envisaged,2
bedsore,2
jervis,2
plier,2
goahead,2
velocipede,2
popcorked,2
averroes,2
reposed,2
coated,2
epileptic,2
boater,2
avoiding,2
impersonator,2
ouns,2
click,2
pillory,2
byproduct,2
squareheaded,2
depend,2
geranium,2
hillock,2
sprung,2
incorporated,2
offhandedly,2
flinching,2
freewheel,2
ripening,2
persuasion,2
bleaching,2
helys,2
joyfully,2
gunwale,2
rinderpest,2
stuffy,2
contradiction,2
tha,2
jingly,2
pall,2
esteemed,2
patter,2
kimmage,2
hasnt,2
castoff,2
cloudburst,2
sodality,2
dominic,2
boss,2
porringer,2
loyola,2
desperately,2
lancer,2
moneybox,2
benaben,2
thereafter,2
erudite,2
thickens,2
luring,2
proprietress,2
pelvic,2
uniting,2
riverwall,2
adage,2
tasteful,2
lyric,2
dynamo,2
blesses,2
dusky,2
lil,2
rancour,2
volcano,2
billet,2
barnacle,2
optical,2
dee,2
beni,2
crinkled,2
naughtn,2
node,2
transaction,2
candid,2
sandstrewer,2
disposition,2
reporter,2
lolled,2
aright,2
sworn,2
bequest,2
bole,2
pasty,2
encased,2
clouded,2
stonecutter,2
selene,2
canine,2
profundity,2
accommodation,2
ringhoof,2
untied,2
goodgod,2
surplice,2
sped,2
indirect,2
pretender,2
sidedoors,2
fintan,2
handling,2
shema,2
beardframed,2
antient,2
armful,2
bridegroom,2
hatchet,2
shoving,2
cert,2
defiance,2
stallion,2
greased,2
alberta,2
bleating,2
stowed,2
withsay,2
quit,2
skinner,2
highkickers,2
lesser,2
manx,2
crayfish,2
chapped,2
recognition,2
bead,2
wheatley,2
lacking,2
gurgle,2
gillett,2
substituting,2
relieve,2
neagh,2
excrement,2
elect,2
pestilence,2
toxin,2
atmospheric,2
awakened,2
starved,2
careworn,2
headless,2
bagged,2
passivity,2
subsist,2
dominum,2
delahunt,2
insane,2
barbary,2
hobbledehoy,2
particoloured,2
craft,2
impotent,2
chalked,2
plinth,2
unbelieve,2
outlandish,2
gooseberry,2
nakedness,2
lucy,2
maimed,2
restorer,2
tantamount,2
meadow,2
trapeze,2
apparatus,2
data,2
possing,2
baking,2
barfloor,2
brimstone,2
scare,2
technically,2
housel,2
inconsequent,2
escorted,2
algeciras,2
deficiency,2
stoutest,2
lazarus,2
bladder,2
breeding,2
twigg,2
lanner,2
drunker,2
alors,2
unnatural,2
booterstown,2
complex,2
mooching,2
rejection,2
quotation,2
domination,2
creamfruit,2
smites,2
performed,2
rural,2
stanhope,2
booloohoom,2
baldheaded,2
disclose,2
gillicuddy,2
biff,2
inaugurated,2
sutton,2
flint,2
nicey,2
suggesting,2
laudable,2
prr,2
mattered,2
va,2
irving,2
ferreteyed,2
doomed,2
seminary,2
commanded,2
paraheliotropic,2
elderflower,2
barque,2
assistance,2
lawson,2
improve,2
evolution,2
fig,2
algy,2
confiding,2
satellite,2
ragging,2
shipboard,2
incoherently,2
screened,2
rossini,2
passenger,2
alpine,2
codfish,2
ulterior,2
huuuh,2
evident,2
dawdled,2
cocking,2
reddening,2
toole,2
bargained,2
danny,2
welloff,2
prosper,2
massage,2
multiple,2
attained,2
tightened,2
outgoing,2
projecting,2
barekneed,2
mauling,2
unexpectedness,2
bedford,2
vintage,2
unanswering,2
concourse,2
afforded,2
discolouration,2
eatable,2
newcastle,2
pentup,2
geographical,2
surrounding,2
kaputt,2
confraternity,2
cinghalese,2
shrift,2
surf,2
weaker,2
comedown,2
incurring,2
trophy,2
pronounced,2
flowered,2
locking,2
spiffing,2
handled,2
vacated,2
memorial,2
ventilation,2
lipoti,2
accepts,2
pericles,2
related,2
consisting,2
apocalypse,2
loses,2
emitted,2
concentric,2
fitly,2
relaxed,2
proliferent,2
cooed,2
lowcut,2
portion,2
harassed,2
browne,2
camping,2
atelier,2
gloating,2
solely,2
powdering,2
denomination,2
raspberry,2
treading,2
pledged,2
roaming,2
jink,2
commodious,2
contribution,2
tropical,2
everyday,2
mastery,2
involution,2
ascendant,2
corporis,2
plundered,2
lapidary,2
incredible,2
plugged,2
trauma,2
cleric,2
gauze,2
flourishing,2
maister,2
endowed,2
salve,2
jem,2
compass,2
commander,2
thirstily,2
trema,2
gillie,2
rosepink,2
boyne,2
julian,2
nonsensical,2
goggle,2
wight,2
logo,2
sunburst,2
cours,2
abhors,2
bubbly,2
archly,2
lafayette,2
christened,2
spermatozoon,2
leopardstown,2
arrives,2
pawned,2
antagonistic,2
madhouse,2
leak,2
fay,2
blossoming,2
forelock,2
romeville,2
meum,2
promptitude,2
proclivity,2
greatgrandfather,2
marrow,2
moderately,2
mildewed,2
glued,2
farrier,2
wider,2
spattered,2
zodiac,2
beehive,2
eugen,2
airing,2
proceed,2
fashioned,2
protasis,2
twinkled,2
jockey,2
graveclothes,2
wimple,2
semitransparent,2
excelled,2
camerons,2
cheering,2
diffusing,2
hypothetical,2
parsed,2
unlike,2
cesspool,2
pyjama,2
faltering,2
superintendence,2
wasting,2
bathe,2
adored,2
wreaker,2
crumlin,2
rosalie,2
fleshy,2
aslant,2
comedy,2
heseltine,2
gloomily,2
core,2
kearns,2
marital,2
brighteyed,2
causa,2
hyde,2
abasement,2
fa,2
budapest,2
shaken,2
ltd,2
blended,2
removal,2
hek,2
emulation,2
whilst,2
frenchy,2
gorman,2
prohibited,2
balldress,2
disnoded,2
phlegmy,2
representing,2
trusty,2
furthermore,2
nowadays,2
inhuman,2
celluloid,2
kingsbridge,2
roost,2
servile,2
functioning,2
usurper,2
sundial,2
vying,2
tissuepaper,2
argive,2
blowout,2
schooling,2
tangier,2
nibbling,2
passbook,2
gospeller,2
bolted,2
contractor,2
waistcoatpocket,2
symbolism,2
moreover,2
profligate,2
aspiration,2
normally,2
deeper,2
sambo,2
depart,2
pined,2
cowed,2
farmhouse,2
gratis,2
coalsmoke,2
aranjuez,2
ragged,2
genuinely,2
owes,2
doublequick,2
centripetal,2
merrily,2
hypostasis,2
fraud,2
dough,2
gunfire,2
intercepting,2
quaff,2
progressive,2
egging,2
kindling,2
inmost,2
truss,2
advisable,2
stunted,2
callaghan,2
linseed,2
hauled,2
lobbing,2
crofter,2
railwayline,2
tug,2
fucked,2
ursa,2
hozier,2
droned,2
malefactor,2
springing,2
pricelist,2
crowed,2
entwined,2
surround,2
reciting,2
casualty,2
denying,2
frog,2
sizzling,2
crunching,2
anemone,2
contemptuously,2
accurately,2
cullen,2
sunspot,2
warren,2
employed,2
rolypoly,2
drib,2
customary,2
primeval,2
jungle,2
miscellaneous,2
thyself,2
nudge,2
duct,2
outhouse,2
lieutenantgeneral,2
phosphorescent,2
doughy,2
blacksmith,2
rachel,2
lustre,2
presentation,2
rumblingly,2
pubic,2
spanishy,2
botanic,2
burgund,2
quadrature,2
shavingbowl,2
resplendent,2
wove,2
torchbearer,2
lurk,2
subtle,2
knave,2
mired,2
winsome,2
pundit,2
incumbent,2
layman,2
helpmate,2
luminary,2
pfooh,2
ichabudonosor,2
exit,2
ups,2
childbed,2
acrid,2
provocative,2
newly,2
grasped,2
behoves,2
pistachio,2
impassive,2
accepting,2
monotonous,2
bloomusalem,2
addresser,2
devotion,2
ascend,2
lordly,2
minagold,2
mazzoth,2
neaulan,2
export,2
encouragingly,2
redheaded,2
energetically,2
wounded,2
greenwich,2
terminated,2
commemorative,2
owed,2
smoother,2
leverage,2
tension,2
potentiality,2
rightwiseness,2
accorded,2
mackintosh,2
shared,2
moi,2
drimmie,2
mortarboard,2
sprouting,2
winging,2
qua,2
cob,2
souse,2
shah,2
samuel,2
guiltless,2
ventre,2
addendum,2
da,2
ferguson,2
heenan,2
theobald,2
bundled,2
fottrell,2
stubbs,2
fluttered,2
annum,2
ostentatiously,2
mightily,2
prospero,2
unexpectedly,2
savagely,2
mow,2
sulk,2
gowned,2
jewelled,2
argent,2
hull,2
shovelling,2
battery,2
riled,2
meagher,2
fiery,2
mosenthal,2
finis,2
mucking,2
joachim,2
feathered,2
coasted,2
dad,2
boundary,2
hy,2
soothing,2
perceives,2
canv,2
upheld,2
hydros,2
testified,2
nowt,2
mackay,2
predestined,2
skye,2
advocated,2
gorgias,2
constabulary,2
shelley,2
plasmic,2
restore,2
scorbutic,2
pennyweight,2
cogitation,2
aroma,2
buckshot,2
pyre,2
ravisher,2
widest,2
weeny,2
victualler,2
trilby,2
alexandra,2
patently,2
dubiously,2
tuft,2
planning,2
harrison,2
holder,2
mur,2
preference,2
daddy,2
goldbronze,2
buncombe,2
scot,2
gautama,2
humanely,2
crossbones,2
nachez,2
hibernian,2
knocker,2
inadvertence,2
pretence,2
pigeonbreasted,2
photographic,2
ashtown,2
cult,2
averred,2
terminal,2
gossamer,2
shouldn,2
demented,2
flounce,2
bub,2
lisping,2
aum,2
whoso,2
clapham,2
effectually,2
tabernacle,2
bulged,2
motley,2
interlocutor,2
reasonable,2
threemaster,2
othello,2
mural,2
pared,2
focus,2
conn,2
chump,2
agenbuyer,2
fancyman,2
convey,2
seam,2
haughtiness,2
calibre,2
stonebearded,2
grammatical,2
capering,2
divestiture,2
secure,2
schemer,2
footpath,2
lawyer,2
whirligig,2
changeling,2
vicious,2
precinct,2
risky,2
chapbook,2
intersection,2
palsied,2
almightiness,2
mutually,2
mentally,2
repudiated,2
reverently,2
sneezed,2
breather,2
tyranny,2
equality,2
ratepayer,2
firtree,2
traversed,2
intuition,2
vendetta,2
intimacy,2
volitional,2
hesitates,2
sumptuous,2
pandemonium,2
constituting,2
spindle,2
eightyfive,2
boru,2
stagyrite,2
loth,2
bing,2
defeat,2
emigrant,2
shortcoming,2
esau,2
indulgently,2
buffeted,2
jessie,2
endeavoured,2
accuse,2
holyeyed,2
invalid,2
begotten,2
housewife,2
charger,2
paradisum,2
tremendous,2
reaction,2
sarsfield,2
tablespoonful,2
marionette,2
bloemfontein,2
trespasser,2
hammer,2
acknowledge,2
kite,2
dillons,2
lounged,2
pastern,2
interruption,2
bedded,2
orangeblossoms,2
register,2
prefers,2
regaining,2
therewith,2
franc,2
plying,2
wooer,2
classmate,2
choose,2
crocus,2
poolbeg,2
panacea,2
fez,2
migration,2
brighton,2
contemplating,2
wardrobe,2
ceasing,2
clemency,2
depends,2
sst,2
parsnip,2
orangefiery,2
gild,2
lugged,2
doubtful,2
simnel,2
receding,2
gobbling,2
begone,2
sayers,2
scruple,2
monde,2
vanish,2
rosery,2
booted,2
stealing,2
congratulate,2
bearskin,2
desert,2
assigns,2
christopher,2
joybells,2
passover,2
alluding,2
peripatetic,2
oxtail,2
charabanc,2
snack,2
referred,2
roller,2
malone,2
tamely,2
wan,2
reformatory,2
quartering,2
hypnotic,2
beeline,2
plodges,2
fumbally,2
crickey,2
clearer,2
verily,2
observing,2
goldenly,2
embraced,2
displeased,2
malachias,2
flatfoot,2
tramtrack,2
weasel,2
ferociously,2
bravest,2
usquebaugh,2
commencing,2
tut,2
akasic,2
necessarily,2
tomboy,2
phil,2
pup,2
mistletoe,2
flattery,2
opulence,2
recedes,2
lub,2
swallowing,2
mall,2
farting,2
accumulation,2
engulfed,2
belching,2
athlone,2
corncrake,2
orangegroves,2
hennessy,2
cocoanut,2
courtier,2
lorry,2
maggoty,2
phoucaphouca,2
caliph,2
joly,2
indignant,2
hewn,2
brandishing,2
cummins,2
pallid,2
ghoul,2
lipped,2
owel,2
frieze,2
noman,2
witnessed,2
butterfly,2
rasp,2
acushla,2
restless,2
taw,2
faithless,2
blighted,2
examination,2
despot,2
thrusting,2
jackson,2
rathdown,2
swoop,2
voicelessly,2
swingdoor,2
acceptable,2
staboo,2
lastnamed,2
consisted,2
viper,2
cautioned,2
reprint,2
velour,2
seize,2
lettuce,2
grot,2
pate,2
elevating,2
maintained,2
akimbo,2
saltwater,2
plash,2
antechamber,2
healer,2
housewarming,2
joan,2
playhouse,2
pleasants,2
sideface,2
greyedauburn,2
warwickshire,2
goblet,2
elaborate,2
pflaaaap,2
codding,2
remainder,2
slab,2
ruination,2
longed,2
throughout,2
lamentation,2
applewoman,2
bedspread,2
marries,2
coghlan,2
geo,2
musing,2
escort,2
bathwater,2
poignards,1
deepmoved,1
chaldee,1
feathering,1
fol,1
mercator,1
toilettable,1
lobsterpots,1
menaced,1
wishcard,1
cantwell,1
decomposing,1
blooded,1
spreadeagle,1
coactus,1
fabric,1
helpless,1
emile,1
dateshaped,1
comforted,1
inevitably,1
passionist,1
marx,1
strongest,1
blandishment,1
inculcated,1
harbinger,1
pony,1
swarthy,1
gaslamp,1
stereoscope,1
stung,1
hierophantic,1
didactic,1
genteel,1
oilcakes,1
industrial,1
pardoned,1
figather,1
conventional,1
camus,1
firstshot,1
dollarbills,1
longstemmed,1
messer,1
ripon,1
cautels,1
bournemouth,1
assorted,1
fined,1
ooo,1
hypotenuse,1
whitey,1
betweenmaid,1
athens,1
holdeth,1
tabbywhite,1
tusked,1
larrup,1
masturbated,1
suckled,1
wolsey,1
lilactrees,1
glowered,1
latria,1
feetmeat,1
goldwater,1
galatea,1
aq,1
moslem,1
confident,1
continuance,1
cantalice,1
chlorate,1
injects,1
lipton,1
footpeople,1
arrow,1
lancs,1
heron,1
clifton,1
ironmongery,1
bloodvessel,1
rainily,1
rheims,1
cheeseparing,1
squirrel,1
riverward,1
jeopard,1
truelock,1
articulo,1
toddles,1
exercising,1
renamed,1
hughie,1
santiago,1
fowlrun,1
carabineros,1
evildisposed,1
confuses,1
bacibaci,1
impalmed,1
temperamental,1
whitewashed,1
pecadillo,1
officiously,1
suckeress,1
peacefully,1
oakland,1
warder,1
anglais,1
dismisseth,1
blackbeetle,1
crotchety,1
hinting,1
diametrically,1
soused,1
debauched,1
rockbottom,1
queasy,1
hastens,1
permeates,1
muglins,1
bottler,1
muddled,1
dejection,1
spacewards,1
tenebrosity,1
wellwhipped,1
fixture,1
featly,1
unbound,1
cupidity,1
outwardly,1
brokensnouted,1
tumblerful,1
foodheated,1
oftloved,1
exsuns,1
respectful,1
atrocious,1
jady,1
rippedup,1
huntingcrop,1
phallic,1
adder,1
bulldosing,1
stoic,1
colman,1
croker,1
sheaf,1
largelidded,1
gumboots,1
unwound,1
hihihihihis,1
hornmad,1
comical,1
superhuman,1
chuechli,1
sadder,1
gloriae,1
killybegs,1
worldrenowned,1
poeten,1
boxed,1
swiping,1
goliath,1
ownerless,1
crookeding,1
perpetuity,1
inishark,1
caddareesh,1
lodestar,1
greenhorn,1
bloodhound,1
oldmaidish,1
wolstan,1
locus,1
papishes,1
shrank,1
unhinged,1
chuk,1
terribly,1
syllogistically,1
sentried,1
bugle,1
twelvefold,1
twelvemonth,1
summerhill,1
pickeystone,1
lightward,1
newmown,1
chivvying,1
duskward,1
emir,1
hatpin,1
theother,1
enkindle,1
cluck,1
shouldercapes,1
megeggaggegg,1
humbleness,1
normative,1
leadpapered,1
blackmail,1
occupy,1
inferiorly,1
rummaged,1
bonifacius,1
monoideal,1
gorescarred,1
sloegin,1
insuring,1
horseplay,1
nagles,1
accidental,1
prophesying,1
flapper,1
boxingmatch,1
bellwether,1
harumscarum,1
rosenallis,1
rufous,1
slooching,1
portlier,1
wateringcan,1
whinbad,1
diningrooms,1
fifthly,1
guttapercha,1
chace,1
heavenbeast,1
bottlewasher,1
sanatorium,1
diacritic,1
ironside,1
retrospect,1
wenowach,1
aussi,1
chevron,1
tatts,1
ringlet,1
haihoop,1
smugging,1
downface,1
mouseabout,1
trumpery,1
tristan,1
yellowjohns,1
alimony,1
decrease,1
loftily,1
inning,1
hap,1
rockinghorse,1
apposition,1
pied,1
swiftseen,1
dedication,1
pleasureship,1
mortgaging,1
gaff,1
rapping,1
recto,1
doughballs,1
deathflower,1
loosens,1
tastefully,1
dining,1
jacques,1
peacify,1
purty,1
allwisest,1
resurgent,1
easterkissing,1
chuckingout,1
froggreen,1
cabbageeared,1
dreamery,1
mischance,1
orourkes,1
transpires,1
infracostal,1
turnedin,1
musicrest,1
hews,1
recomposed,1
cleary,1
tilly,1
blanche,1
thr,1
fondle,1
latration,1
consented,1
nosepaint,1
snotty,1
connellan,1
sawing,1
froggy,1
capall,1
seabloom,1
flexibility,1
alleyne,1
procrastinatory,1
verifiable,1
drummed,1
pealed,1
covetously,1
amidships,1
iacchia,1
wellpreserved,1
succumbs,1
quadroon,1
thatch,1
qoph,1
occluded,1
bulked,1
tostoff,1
ywimpled,1
brewage,1
jappies,1
manning,1
incubator,1
sacerdotal,1
melchisedek,1
hagiographical,1
whusky,1
bestselling,1
unreason,1
hocuspocus,1
priesteen,1
cutty,1
mobsmen,1
oral,1
weddingcake,1
michele,1
ou,1
peasoup,1
manifesting,1
rook,1
conservation,1
salisbury,1
ripper,1
baptised,1
dissipated,1
twentysix,1
dalmatic,1
cropeared,1
rugged,1
preening,1
flighty,1
goosestepping,1
worsted,1
massey,1
shackleton,1
thwarted,1
freehold,1
crutchetts,1
aheating,1
quitting,1
falcon,1
laboursaving,1
healed,1
wombed,1
principe,1
saphiro,1
lutenist,1
cadged,1
heroically,1
crybabby,1
whod,1
carriagewindow,1
illfated,1
boosebox,1
hauptmann,1
castanets,1
stooled,1
baptise,1
funniest,1
belied,1
shan,1
sibilant,1
watertight,1
schoolcap,1
dogskull,1
oniony,1
girded,1
ironical,1
horsepond,1
farseeing,1
dyinglooking,1
sheepsnouts,1
ruba,1
astuter,1
tengallon,1
ventriloquise,1
peckish,1
entomological,1
hairbrush,1
pierglass,1
latterly,1
geyser,1
stationer,1
justification,1
troposphere,1
carving,1
smackable,1
humected,1
organiser,1
ambrose,1
bane,1
blizzard,1
agallop,1
sperm,1
ringwise,1
goldstopped,1
swathed,1
athanatos,1
muchwhat,1
outspoke,1
brooddam,1
canning,1
closingtime,1
niagara,1
bodiment,1
motorgoggles,1
ghostcandle,1
patrizio,1
greekjew,1
absolved,1
vulmar,1
nosejam,1
chainless,1
hobbling,1
filleted,1
macro,1
flatteringly,1
donjon,1
leanjawed,1
angriling,1
flusterfied,1
harakiri,1
naturale,1
exercitations,1
seriocomic,1
serfdom,1
tang,1
feefarm,1
organtoned,1
mandement,1
heavenman,1
diabolic,1
whalebone,1
gang,1
advowson,1
carrigaloe,1
rhinoceros,1
homemade,1
elfin,1
darning,1
quenching,1
screening,1
warmed,1
skilly,1
unfriendly,1
equivocation,1
allroundman,1
fronted,1
tapering,1
dwelling,1
chon,1
fitment,1
braw,1
amawfullyglad,1
futile,1
dinnertime,1
playwood,1
befitting,1
jumper,1
kop,1
seahorse,1
riband,1
icicle,1
rightly,1
contentment,1
cided,1
warred,1
invigorating,1
railed,1
gussetted,1
prentice,1
dustbin,1
guy,1
elmshade,1
fealty,1
bam,1
heeltapping,1
bronzelidded,1
unfamiliar,1
felicity,1
comfy,1
chyle,1
quietus,1
bevelling,1
winningpost,1
glowingly,1
finbarr,1
softnosed,1
plover,1
worcester,1
shopbell,1
cypherjugglers,1
magherafelt,1
terracehouse,1
promissory,1
doghaired,1
unremembered,1
parallelism,1
harmonically,1
coupler,1
enclap,1
bloodiest,1
catamite,1
loreto,1
promoting,1
fossilised,1
undies,1
handsomemarriedwomanrubbedagainstwidebehindinclonskea,1
pollen,1
soured,1
duress,1
superficially,1
confluent,1
mercurialised,1
longwood,1
posthumity,1
inform,1
solly,1
crusting,1
fain,1
sheepish,1
professed,1
blessington,1
frilly,1
volta,1
jinglejaunty,1
iffley,1
brazenfaced,1
gorging,1
yoghin,1
dureth,1
trainbearer,1
sediment,1
paronymous,1
trespassed,1
niggard,1
frequency,1
ensouled,1
buckler,1
arator,1
disembowelling,1
exceeded,1
overstrung,1
clustered,1
poring,1
triangled,1
jesusjack,1
chapfallen,1
elbowed,1
stubbing,1
latest,1
kuk,1
resiled,1
bip,1
ossian,1
cesar,1
pegtop,1
planting,1
largesized,1
tighten,1
newington,1
badhachs,1
earn,1
whig,1
hearthdreaming,1
dwenn,1
tightpacked,1
kincora,1
coldcream,1
crucified,1
mulcted,1
precipitous,1
holden,1
tloo,1
frockcoats,1
electuary,1
biscuitboxes,1
nevermore,1
ratting,1
sireland,1
inev,1
schoolhouse,1
nonplussed,1
transparency,1
felony,1
recrimination,1
rialto,1
eyeslits,1
pock,1
inimitable,1
nobble,1
expires,1
mummery,1
poxy,1
switzers,1
muskrat,1
july,1
cattletraders,1
nectarbowl,1
semidetached,1
hallmarked,1
whiteley,1
eolian,1
lutulent,1
scaled,1
hatbrim,1
ninetyeight,1
figuratively,1
isi,1
philoprogenitive,1
multiplicit,1
fallaciously,1
uttermost,1
reassuringly,1
humbugging,1
impeding,1
fancying,1
pausing,1
hon,1
attic,1
rutlandbaconsouthamptonshakespeare,1
quiff,1
lifelong,1
compelled,1
adelite,1
barron,1
deathspew,1
baldpoll,1
disfigured,1
snooze,1
whear,1
paddock,1
fete,1
aroused,1
viking,1
carriagesack,1
dairyfed,1
betweenwhiles,1
baldpink,1
deliverly,1
provenience,1
lonehand,1
criticiser,1
suppliant,1
grumbled,1
graveside,1
skerries,1
catering,1
chuff,1
wristlet,1
paring,1
halfcrown,1
hotwaterjar,1
birthmark,1
remotely,1
periwig,1
homiletic,1
bronzelydia,1
reclaim,1
cadi,1
caviare,1
wellknit,1
heehaw,1
ticker,1
pinhead,1
spendthrift,1
mantamer,1
reproduced,1
filth,1
medias,1
animadversion,1
abrines,1
maryborough,1
pyramid,1
larby,1
selftinted,1
drolls,1
calomel,1
nettlerash,1
enhances,1
pricing,1
mausoleum,1
begot,1
meatstained,1
vetch,1
panthersahib,1
premeditatedly,1
winetavern,1
presabbath,1
pineal,1
awned,1
elbowsleeve,1
frequented,1
fickle,1
nack,1
delectably,1
sanitariness,1
meatchoppers,1
weighs,1
elsa,1
looloo,1
doped,1
subscribed,1
oylsters,1
profiting,1
gadarene,1
clement,1
roque,1
stupefies,1
thoracic,1
bective,1
rerererepugnant,1
signpost,1
flurried,1
lickplate,1
darbies,1
washy,1
immaculati,1
drenching,1
bootstrap,1
reassumed,1
hillyho,1
mahound,1
papachi,1
shamewounded,1
hunt,1
latten,1
barbarous,1
mummycases,1
teratological,1
trudging,1
coalboxes,1
fitzsimon,1
ponder,1
swerving,1
blackguardlooking,1
tingled,1
stonehorned,1
fishful,1
winker,1
virgilian,1
cattlebreeder,1
steppedup,1
cobbled,1
contributes,1
roving,1
pickthank,1
viscous,1
numerically,1
spellingbee,1
neptunian,1
explanation,1
naumann,1
fatiguing,1
expose,1
aux,1
continuous,1
legendary,1
railer,1
saling,1
ambitious,1
integrity,1
mammy,1
heavybraked,1
eponymous,1
kane,1
cannonmouth,1
vallombrosans,1
meseems,1
satirical,1
interpreting,1
mastodontic,1
savoy,1
stanley,1
oracle,1
designing,1
rushrope,1
nautical,1
holiness,1
fieldaltar,1
scintillant,1
myriadislanded,1
unfeminine,1
premeditative,1
finery,1
ringocandies,1
jamjam,1
gatherum,1
perpetuators,1
splayed,1
chirruping,1
brickquilted,1
smiting,1
epicure,1
docile,1
wistful,1
nutgall,1
handtouch,1
milkwoman,1
transmit,1
doublebarrelled,1
blasphemous,1
smithereens,1
alien,1
greekly,1
southeast,1
terrifying,1
itinerant,1
moran,1
stimulus,1
michelet,1
slimy,1
tem,1
horseness,1
platt,1
haddy,1
dextro,1
inoffensive,1
timorous,1
napoleonic,1
shieling,1
severally,1
kindergarten,1
caudle,1
bensoulbenjamin,1
trinketware,1
imposing,1
oho,1
tucker,1
attacked,1
divaricated,1
ailment,1
overmuch,1
scholarly,1
eely,1
malign,1
lemonyellow,1
bonum,1
pissedon,1
desolation,1
glazing,1
aspergill,1
congregation,1
evermoving,1
dingle,1
plastic,1
desperation,1
obliviously,1
homeless,1
paced,1
fuseblue,1
lindley,1
perambulating,1
unstable,1
indistinct,1
ratted,1
peritoneal,1
reread,1
bamboozled,1
asseveration,1
fourwheeler,1
catkin,1
drummajor,1
mackenna,1
spoleto,1
diminutionem,1
kern,1
sconce,1
cochinchina,1
sleety,1
eis,1
professing,1
welly,1
iambing,1
touchingly,1
superb,1
nailer,1
askenazim,1
warcry,1
shefiend,1
slippery,1
doorcase,1
arborescence,1
seawardpointed,1
termed,1
aerated,1
tallons,1
grassplots,1
pershon,1
reentering,1
morbid,1
eire,1
rightangled,1
unmack,1
diathermanous,1
gormandising,1
sacher,1
melkest,1
impredictable,1
howsomever,1
quinquecostate,1
coca,1
levin,1
warbeck,1
damascenus,1
unposted,1
halfyear,1
cramen,1
unskirted,1
blueeyed,1
tublumber,1
replacing,1
dine,1
quixotic,1
aquacity,1
exhales,1
ashowing,1
piquant,1
scrunch,1
ranter,1
ferment,1
propping,1
broadening,1
facti,1
instigation,1
leonardo,1
quotha,1
doux,1
allbright,1
coutille,1
smithwork,1
marshall,1
rostrum,1
drumleck,1
whitmonday,1
indelicate,1
buddhi,1
expended,1
fluvial,1
lawnsprinkler,1
blunderbuss,1
tui,1
corkfloat,1
anywise,1
thoth,1
pokorny,1
kostka,1
levite,1
crutched,1
myrto,1
chronometer,1
hiphip,1
insatiable,1
phenomenally,1
oilcloth,1
honeysuckle,1
tobacconist,1
fleshpot,1
rererepugnosed,1
freshet,1
imbibe,1
obverse,1
alienation,1
thames,1
sexology,1
ralegh,1
fascinating,1
thirtyfour,1
pathos,1
dibble,1
pisspots,1
cantankerous,1
midstreet,1
corpsestrewn,1
jannock,1
gamekeeper,1
capo,1
premiated,1
dressingtable,1
inauguration,1
finland,1
intestated,1
arises,1
rougy,1
blacksod,1
poppysmic,1
shaper,1
cochonneries,1
navigation,1
overstepped,1
swithin,1
fulcrum,1
grantham,1
unde,1
habeas,1
recognisance,1
horquilla,1
cerebration,1
impeachment,1
misted,1
meridional,1
digested,1
fairview,1
tonguetied,1
backerup,1
nowise,1
byword,1
bur,1
unfeigned,1
faltered,1
bigamist,1
daisychains,1
luxemburg,1
esq,1
halting,1
chirping,1
broker,1
thievery,1
unshed,1
newcomer,1
sunbright,1
heartpocket,1
moonflower,1
judaic,1
roland,1
portable,1
waterrings,1
stap,1
omlet,1
denounced,1
andromeda,1
dallied,1
defrauded,1
turbaned,1
befit,1
atavistic,1
cloister,1
mobility,1
peeved,1
flitch,1
slaking,1
eaves,1
steeeeeeeeeeeephen,1
compliant,1
unscrewing,1
clattered,1
unglanced,1
strove,1
conjecturing,1
trulls,1
ironed,1
testibus,1
congruous,1
sinewless,1
wending,1
squarepusher,1
metaphysics,1
indecisively,1
forkful,1
hujus,1
nibbled,1
ilium,1
clockhands,1
alleging,1
equipage,1
dominie,1
outgoer,1
rever,1
pervenit,1
vagary,1
pedalling,1
stirrup,1
opined,1
maneater,1
fobpocket,1
calming,1
transubstantiality,1
fenius,1
mush,1
wrenching,1
genitories,1
desist,1
whokilla,1
aloud,1
noonday,1
demand,1
brandenburghers,1
fleecy,1
fingerponder,1
muchly,1
beargarden,1
subsolid,1
rondel,1
axing,1
insist,1
smallclothes,1
erebus,1
gadding,1
shirim,1
turgidity,1
argus,1
armageddon,1
illfavoured,1
polyanthus,1
unfallen,1
execute,1
mangling,1
harden,1
deadborn,1
veridicity,1
identification,1
revive,1
gastritis,1
metalbound,1
amazing,1
phonic,1
trouserbutton,1
warmfolded,1
mezzanine,1
boosing,1
shebronze,1
distinguish,1
supraracial,1
gipsyeyed,1
lethal,1
foisted,1
strossers,1
underline,1
toilette,1
selfimposed,1
shiftylooking,1
sophomore,1
schoolpoem,1
bluestreaked,1
lardyface,1
juggler,1
generated,1
singledeck,1
ringletted,1
separator,1
clo,1
unperceived,1
guidewheel,1
phthailer,1
intercontinental,1
cheery,1
enema,1
harpsichording,1
prrrrrht,1
bowlegged,1
nestled,1
uptrunks,1
giuglini,1
longheaded,1
goatee,1
absconded,1
procured,1
skedaddled,1
pertinently,1
orelli,1
longcherished,1
exuber,1
impunity,1
hating,1
hubbard,1
degrading,1
oisin,1
fourhundredandeighth,1
flaskets,1
guncase,1
republicanism,1
misnomer,1
tobaccoshreds,1
napper,1
pearcy,1
christie,1
egoism,1
stratification,1
cockcarracarra,1
rrpr,1
confront,1
sebastian,1
flaunted,1
odz,1
enniscorthy,1
ossory,1
roughness,1
placation,1
druiddrum,1
effete,1
victoriously,1
ballroom,1
toreador,1
aliquantulum,1
albany,1
corking,1
ratesupported,1
nilebank,1
operacloaks,1
herdsman,1
bearpit,1
atoll,1
bumpshire,1
dwyer,1
shoelace,1
oceansong,1
hisn,1
disinfectant,1
goaded,1
novetur,1
cleargrained,1
balustrade,1
isabelle,1
hygrometric,1
ambulance,1
inflammably,1
unkind,1
headstall,1
inclining,1
procurator,1
cabbagelooking,1
pinnacled,1
huntingground,1
infused,1
goby,1
scrofulous,1
syntax,1
umbilicular,1
demosthenes,1
doggedly,1
corpsegas,1
chickabiddy,1
lumpmusic,1
waterjugjar,1
houghs,1
nore,1
calpensis,1
murthering,1
maraschino,1
veining,1
stormclouds,1
underleaves,1
wotting,1
dupe,1
shielded,1
teadust,1
unmixed,1
daggered,1
kraaaaaa,1
brainpower,1
simchath,1
washerwoman,1
crosslaid,1
squeamishness,1
buzzing,1
ratio,1
verging,1
shortall,1
hallmark,1
bellchime,1
pleashe,1
confiscation,1
subequatorial,1
halfcrazy,1
respectability,1
albuminoid,1
seacoast,1
derision,1
briar,1
inalienably,1
buggerum,1
freshfound,1
pursing,1
humana,1
occupier,1
ifaith,1
entrusted,1
fachtna,1
mahar,1
truerhearted,1
inquisitional,1
pirate,1
lastlap,1
soar,1
extendified,1
tool,1
furrowed,1
loading,1
catcall,1
shorthandwriter,1
mohammed,1
poo,1
catalectic,1
ledwidge,1
comerfords,1
sippets,1
cissycums,1
perdita,1
benignly,1
gannet,1
bucked,1
fleury,1
mutiny,1
craw,1
accompanable,1
chagrin,1
attaining,1
gammon,1
firstnamed,1
tattarrattat,1
yummyyum,1
hogget,1
bomboost,1
gracias,1
deliberation,1
soothsayer,1
unwearied,1
recognises,1
deathwatch,1
beater,1
sheeting,1
valerian,1
hipshaker,1
cor,1
crooking,1
gumheavy,1
peashooter,1
pianoforte,1
bedridden,1
loosebox,1
pennibs,1
desultory,1
pollysyllabax,1
gomorrahan,1
gemini,1
burblbrbling,1
steelyard,1
brightened,1
ginhot,1
foretell,1
skewered,1
caraway,1
selfraising,1
sultry,1
hanched,1
nationalist,1
faceneck,1
indentured,1
dissembling,1
lobengula,1
palmnut,1
invested,1
merciless,1
partulam,1
pisces,1
buccal,1
dote,1
appendage,1
caged,1
letternumber,1
warms,1
instructress,1
toooo,1
timbrel,1
wrynecked,1
unsaleable,1
skimpy,1
ashplants,1
ugliest,1
consulship,1
seculi,1
uninvited,1
sitinems,1
sheridan,1
dictation,1
bight,1
lugubru,1
jackanapes,1
champ,1
boudoir,1
mulled,1
unsmelt,1
bedlock,1
chilling,1
irritated,1
bickering,1
prologue,1
anythingarian,1
reactor,1
napier,1
gann,1
killer,1
vade,1
preventive,1
philirenists,1
lowneck,1
originating,1
chookchooks,1
fansticks,1
navigable,1
herodotus,1
scabby,1
armstrap,1
unmatched,1
plaza,1
nappy,1
poli,1
brine,1
cooeeing,1
dispersal,1
mope,1
unsullied,1
mendancers,1
expel,1
jenatzy,1
abridged,1
magories,1
backgammon,1
leixlip,1
waterspray,1
metamspychosis,1
jonah,1
youngling,1
croesus,1
lovelock,1
interindividual,1
setdown,1
piazzi,1
catechism,1
saxe,1
pschatt,1
publishing,1
suis,1
dewfall,1
gaped,1
lilian,1
valiantly,1
cascara,1
loughlinstown,1
selfexcluding,1
sieurs,1
welled,1
sneaking,1
doings,1
devise,1
reremembered,1
lucan,1
regressively,1
pizzle,1
perfidious,1
noonreek,1
immorality,1
blowy,1
caoc,1
mosse,1
faunman,1
squeezing,1
epact,1
wronged,1
swag,1
macmurrough,1
pursed,1
misled,1
biscuitbox,1
improving,1
krpthsth,1
vi,1
baccy,1
deflowering,1
cogent,1
cancer,1
applying,1
nux,1
glossary,1
tullamore,1
archaeological,1
barstool,1
bathtowel,1
brawnyhanded,1
praestitisti,1
windsor,1
catsup,1
danced,1
roomkeepers,1
piccaninny,1
trilled,1
await,1
relict,1
ofttimes,1
iv,1
batten,1
skirties,1
prayingdesks,1
bobbob,1
incoordinately,1
waistband,1
boodle,1
interstice,1
eykes,1
jogjaunty,1
probate,1
frangibility,1
beeswaxed,1
babble,1
limblessly,1
kalipedia,1
coup,1
yap,1
mcoys,1
fussily,1
butchered,1
roseleaves,1
hellohello,1
pinker,1
canvasclimbers,1
cubit,1
mincius,1
stuns,1
traverser,1
disgustingly,1
unadulterated,1
trussmakers,1
overspread,1
roach,1
indurated,1
corselet,1
frivol,1
freshprinted,1
explored,1
beldam,1
lourdily,1
toddler,1
bapty,1
froedman,1
sashed,1
irruent,1
letterwriter,1
darken,1
vendredi,1
requiescat,1
soothes,1
chasing,1
harimon,1
brummagem,1
godlily,1
pelurious,1
leadenfooted,1
hangerson,1
batonroll,1
wull,1
valour,1
fleer,1
wellfilled,1
clawed,1
changez,1
razzle,1
volumnia,1
foresaid,1
halfmasticated,1
tippet,1
bramblebush,1
arming,1
modulated,1
kentucky,1
friery,1
egypto,1
euphonious,1
moirette,1
characterised,1
deafeningly,1
communicant,1
spiky,1
robed,1
rosaleen,1
cleanshaven,1
capful,1
hielentman,1
bangbang,1
preconsidered,1
yessex,1
chaw,1
wettin,1
plastercast,1
dodger,1
dawned,1
allbeplastered,1
churchman,1
tordant,1
storkbird,1
abigail,1
pneuma,1
epitome,1
unweaving,1
upshot,1
peculiarly,1
facetious,1
muster,1
spry,1
pickaback,1
trillion,1
ild,1
kenilworth,1
criminality,1
wrung,1
firstborn,1
kedge,1
matrix,1
legem,1
commentator,1
tailtickler,1
telephoned,1
gooseberried,1
upstarched,1
punarjanam,1
rustyarmoured,1
spectacular,1
nothandle,1
fiveseater,1
rebutting,1
belturbet,1
distiller,1
billowy,1
nightwalker,1
rocksalt,1
incensed,1
gorgonzola,1
pothunter,1
mitchel,1
hackneycar,1
boisterously,1
weddingbells,1
divined,1
ayes,1
twanging,1
misshapen,1
confounded,1
boniface,1
cowily,1
cloaca,1
larchet,1
maybrick,1
contour,1
curacoa,1
razorshells,1
prowled,1
firebrand,1
formidavit,1
swinesnouts,1
treasured,1
solved,1
moot,1
lou,1
deliverance,1
abram,1
enclos,1
oz,1
kilbride,1
behaving,1
riddling,1
eastbourne,1
scrivenery,1
nombre,1
japanesily,1
awokwokawok,1
amateur,1
concordance,1
accidence,1
thrilled,1
failer,1
homeliness,1
unmolested,1
frend,1
tanist,1
census,1
defunctive,1
ise,1
koh,1
poncho,1
cryptogram,1
bolton,1
dyer,1
mahamahatma,1
overborne,1
appeased,1
seriousness,1
brightens,1
tambourined,1
bloomville,1
rosewater,1
dancecard,1
sithen,1
resuscitator,1
imminent,1
plymouth,1
shitbroleeth,1
desisted,1
reclamation,1
iuventutem,1
flowerclose,1
boland,1
staffholsters,1
explorer,1
stratosphere,1
banister,1
bragh,1
steersman,1
housed,1
porcos,1
mobcap,1
distributor,1
pigdog,1
patsypunjaub,1
tinge,1
gotten,1
freefly,1
numeral,1
loughlin,1
smokinghot,1
nan,1
architect,1
henroost,1
lamenting,1
enraptured,1
vento,1
nosewings,1
dive,1
immeasurable,1
bookhunt,1
landslip,1
nominally,1
concussed,1
whosoever,1
permeated,1
norse,1
nausea,1
hilton,1
lahore,1
salmongaffs,1
liontamer,1
crosbie,1
spa,1
kittylynch,1
bushy,1
perpetration,1
ungenitive,1
wellremembered,1
surly,1
pinion,1
mountaineer,1
capaciousness,1
calculating,1
unlooped,1
warrant,1
siocair,1
quod,1
fleshmeat,1
panache,1
medher,1
spillspilling,1
pipecleaner,1
seashore,1
unload,1
plantation,1
rejoicing,1
fumbling,1
sequent,1
koehler,1
creaturas,1
nifty,1
rencountered,1
ferial,1
sizar,1
mulieris,1
gwendolen,1
viceversa,1
affiliated,1
intendiamoci,1
gladiator,1
senor,1
syllable,1
strongbow,1
crag,1
swallowtail,1
benedictionem,1
entailed,1
erosion,1
headlong,1
organic,1
decocted,1
elicited,1
shivering,1
enginedriver,1
understudy,1
coxcomb,1
preying,1
torry,1
procuring,1
mahamanvantara,1
jampuffs,1
riddlemakers,1
bedstead,1
scullerymaid,1
certify,1
outraged,1
tallow,1
henri,1
supplying,1
christfox,1
shipper,1
allege,1
vicechairman,1
fiddling,1
voucher,1
pelisse,1
iustum,1
reillys,1
reverbed,1
winnow,1
corantoed,1
rigging,1
molestful,1
methylated,1
redeeming,1
toolbox,1
amp,1
lebanonian,1
palmoil,1
reproof,1
ticklish,1
spoilt,1
fishingrods,1
integer,1
euston,1
womenfolk,1
leucodermic,1
jewellery,1
coffined,1
maidservant,1
immoderately,1
ich,1
suine,1
irreparability,1
meldon,1
dedicatory,1
hume,1
mooncarole,1
sequel,1
locum,1
civilised,1
reservation,1
ballocky,1
parsee,1
astric,1
extemporisation,1
rampage,1
assisting,1
interjacent,1
mandarin,1
oiling,1
breastwork,1
halffilled,1
forming,1
prompting,1
bandaging,1
tonsured,1
upsetting,1
barclay,1
enumerate,1
munching,1
leisure,1
natation,1
blanc,1
squirted,1
incruento,1
grandpa,1
souvenir,1
rector,1
unaccountably,1
followeth,1
hellenise,1
mastering,1
knout,1
switchback,1
reviewing,1
allwool,1
vaccinated,1
ferrando,1
jugginses,1
asserted,1
fingerjoints,1
bullneck,1
inchoate,1
kinsella,1
treeforks,1
chinashop,1
blighter,1
semiparalysed,1
kieran,1
peri,1
vinbad,1
sonmulligan,1
crosstrees,1
pertundam,1
jockeycap,1
mortgage,1
chancre,1
iremonger,1
aphrodisiac,1
othermaninthestreet,1
cockboat,1
jamesy,1
prff,1
vesper,1
pettigown,1
stringendo,1
woolly,1
casey,1
tarn,1
bleachworks,1
getonouthat,1
allelujurum,1
irremovably,1
ardenti,1
straggling,1
guileless,1
friendlier,1
unremitting,1
ridsdale,1
upp,1
caustic,1
loveshivery,1
magnopere,1
ejecting,1
indifference,1
postmark,1
dueguard,1
eppripfftaph,1
ajax,1
sixtyninth,1
pecuniary,1
punnet,1
misha,1
anagram,1
fitz,1
loony,1
middler,1
dismembered,1
hoi,1
crannocks,1
triweekly,1
hiesos,1
shakescene,1
swart,1
scilla,1
reluctance,1
freytag,1
bugler,1
overall,1
lowdown,1
derivable,1
seafire,1
bumping,1
casque,1
emery,1
seagoose,1
unpar,1
flirtyfying,1
porksteak,1
wended,1
wafty,1
vero,1
foldeth,1
polyhedral,1
gorget,1
muchee,1
baggage,1
caseroom,1
lakin,1
philpot,1
hilloes,1
separately,1
recoiled,1
miscreant,1
speedpills,1
speciality,1
flange,1
mudflats,1
succurrere,1
sagrada,1
unscrew,1
rejoinder,1
beholding,1
salvi,1
rapeseed,1
tilsit,1
basted,1
asymmetrical,1
guiiiide,1
purlieu,1
laughingly,1
vita,1
horsed,1
abluted,1
dealer,1
iniurias,1
glut,1
pageant,1
flavin,1
snouter,1
strapped,1
blinder,1
sceptical,1
pretoria,1
ascertain,1
dodged,1
celibacy,1
otherwhither,1
verbis,1
kittenishly,1
buttercup,1
drainage,1
grievance,1
grindstone,1
inisfail,1
apparelled,1
devious,1
billington,1
fruitsmelling,1
teem,1
protagonist,1
mainprise,1
sinhedrim,1
pictured,1
pyramidically,1
roscommon,1
bumgut,1
subdeacon,1
portinari,1
jan,1
macduff,1
perturbed,1
slotted,1
voided,1
jackboot,1
overarsing,1
hokopoko,1
replenished,1
disoccupied,1
huk,1
sanctimonious,1
slumming,1
homonymous,1
hurted,1
flatters,1
romanorum,1
teetotal,1
purposed,1
melancholia,1
tacking,1
werf,1
bounden,1
suspicious,1
perfide,1
floeys,1
premier,1
braintipped,1
commonwealth,1
shrug,1
dismal,1
profane,1
capricorn,1
featherfans,1
goatvans,1
minimes,1
boomblebee,1
exacted,1
clowneries,1
homijah,1
heavylooking,1
docked,1
hurled,1
pennyroyal,1
pinbad,1
celebrity,1
secretness,1
condensation,1
sminute,1
peepshow,1
apodosis,1
tenens,1
photophobe,1
witless,1
pennon,1
cheered,1
japers,1
gosa,1
ducat,1
knobbed,1
roocoocooed,1
purred,1
masticate,1
flashlight,1
moustached,1
parafes,1
perfectible,1
peregrine,1
dispute,1
headrent,1
dangles,1
valera,1
paranymphs,1
ordinance,1
burr,1
blissfully,1
arsing,1
tingating,1
bottlenosed,1
donnycarney,1
hairynostrilled,1
lind,1
spion,1
mackernan,1
theta,1
sidepath,1
bootjack,1
casemates,1
illegal,1
pluvius,1
doeskin,1
wellnigh,1
unfathomable,1
endlessnessnessness,1
silenced,1
raftery,1
circs,1
slander,1
metrical,1
unhasty,1
dolman,1
usurping,1
macflimsy,1
cardrivers,1
maligned,1
viceconsulate,1
badgered,1
unconcerned,1
abounding,1
voicing,1
inverecund,1
castanet,1
wherewithal,1
teabathed,1
headshake,1
foundry,1
voiceless,1
inciting,1
risolve,1
loneliness,1
rayed,1
fishy,1
doubtfully,1
warmbubbled,1
cakey,1
yelped,1
hamburg,1
excrescence,1
siopold,1
lucre,1
belie,1
sharpened,1
nemasperm,1
golly,1
infliction,1
wormwood,1
blackdraped,1
birthright,1
broadbrimmed,1
mavrone,1
posterity,1
giltedged,1
sculped,1
hairsbreadth,1
turtledove,1
nunc,1
eagerquietly,1
merlin,1
discomfited,1
dowdy,1
cere,1
valde,1
athenian,1
reliable,1
thoms,1
flor,1
inebriate,1
cummerbund,1
babbyface,1
moveable,1
coistrel,1
halfstood,1
indiction,1
nightstock,1
longly,1
valuing,1
kitchenwench,1
serpentplants,1
filip,1
battersby,1
drool,1
thereward,1
worthless,1
dillydallying,1
excompatriots,1
sphincter,1
irascible,1
darkerhued,1
medico,1
seller,1
benedictine,1
implicating,1
wearer,1
transubstantial,1
kadmon,1
shipped,1
showtrays,1
overlook,1
steadfastly,1
wonderstruck,1
valorous,1
haze,1
racy,1
persistence,1
kneecap,1
eyefocus,1
boatrace,1
springhalted,1
smokeblue,1
unlove,1
shaw,1
huzzah,1
octuplets,1
nicknamed,1
peltries,1
appointing,1
marha,1
herit,1
torrid,1
inferred,1
rapine,1
bbbbblllllblblblblobschbg,1
irwin,1
undismayed,1
waylaying,1
birdnotes,1
coastward,1
operaglass,1
anecdote,1
knockingshop,1
hetty,1
architecture,1
applepie,1
malaria,1
spherical,1
jerrymandering,1
ream,1
baluster,1
longevity,1
astern,1
vestment,1
censured,1
rote,1
discover,1
promising,1
deerskin,1
crawsick,1
flaxseed,1
stom,1
macconsidine,1
bloodying,1
carve,1
dissecting,1
invents,1
pennywise,1
flutier,1
wheatbellied,1
jeyes,1
pouncetbox,1
omphalos,1
rinse,1
utilisation,1
deaden,1
bloodcoloured,1
camphire,1
barnfield,1
monstrance,1
augmenting,1
oakum,1
impassionedly,1
tofts,1
hersel,1
complaining,1
armplates,1
intentionally,1
shitbreeches,1
rawthere,1
ocularly,1
stupendous,1
resolutely,1
honeycombed,1
pasted,1
glib,1
distributing,1
beingless,1
pursue,1
undaunted,1
cresset,1
feasible,1
tract,1
martian,1
nationalgymnasiummuseumsanatoriumandsuspensoriumsordinaryprivatdocentge,1
ogle,1
supersumptuous,1
aided,1
panto,1
prebendary,1
amare,1
abandon,1
darlint,1
unsmiling,1
ladylove,1
nono,1
ballina,1
reiteratedly,1
fished,1
minded,1
alessandro,1
tumultuously,1
rhomboid,1
fandango,1
highfield,1
rustbearded,1
inconsiderable,1
indictment,1
disfranchised,1
admittedly,1
canny,1
bodega,1
jorum,1
corona,1
decoration,1
galloped,1
artium,1
bottleworks,1
facebones,1
slowlier,1
unpins,1
tir,1
closesteaming,1
crosscat,1
hodenthaler,1
epigraphic,1
iiiiiiiiiaaaaaaach,1
sylvester,1
whitsun,1
prooshians,1
hackett,1
nursery,1
hospal,1
tsar,1
drumthumped,1
touchmenot,1
fourfold,1
mathering,1
summonsed,1
margerain,1
boylo,1
tutti,1
accomplishment,1
bullgine,1
wethen,1
chokit,1
bawdy,1
ringcraft,1
legible,1
lum,1
peculiar,1
footboden,1
fishgluey,1
gael,1
psst,1
godiva,1
brrfoo,1
taree,1
eviscerated,1
strangeface,1
catarrhal,1
inhabitation,1
maher,1
quivery,1
piace,1
darent,1
scootlootshoot,1
mazer,1
capitis,1
polisher,1
worsting,1
mourns,1
annoy,1
stg,1
indeterminate,1
loam,1
guido,1
figtrees,1
lashed,1
alleled,1
upcurled,1
underconstumble,1
sanctam,1
cynanthropy,1
stevenson,1
lidlyd,1
plied,1
bestabed,1
cornjobber,1
proclaim,1
cinnamon,1
fleshcase,1
shanagolden,1
inconstant,1
indignantly,1
pavior,1
callbox,1
shellcocoacoloured,1
giddily,1
shameclosing,1
strung,1
strandentwining,1
hiram,1
eft,1
reviewed,1
spousebreach,1
spreeish,1
bellowing,1
summed,1
afterbirth,1
shanderadan,1
sandwichboard,1
tumulus,1
cowflesh,1
circumpolar,1
moustachework,1
footwork,1
secundum,1
whatyoumaycall,1
cincture,1
flatulence,1
blissful,1
bolivia,1
occasioned,1
baraabombs,1
courtmartial,1
critical,1
downtilted,1
reapparition,1
especial,1
ringfinger,1
baum,1
participate,1
victress,1
rowan,1
shakebags,1
mahony,1
lusciously,1
anastomosis,1
semistatic,1
complimentplaying,1
dumdum,1
revelled,1
stupoes,1
cujuslibet,1
puddle,1
chipping,1
grampus,1
gibbosity,1
softlyfeatured,1
millevoye,1
brickbat,1
plastery,1
ecliptic,1
betty,1
piercer,1
clicked,1
drover,1
peseta,1
shindy,1
indignity,1
encaustic,1
bowlinggreen,1
worried,1
scatty,1
yu,1
noddy,1
godframed,1
cattleraider,1
illustrates,1
sentinel,1
groaned,1
syphilisation,1
supernal,1
oldish,1
worthful,1
pleasingly,1
lordling,1
tightening,1
prenativity,1
bloater,1
hawking,1
nonesuch,1
reneged,1
mimicry,1
mkgnao,1
invoking,1
sophia,1
ascolta,1
quash,1
reddy,1
swash,1
cooled,1
cuius,1
oclock,1
dangle,1
epenthetic,1
bewray,1
firkin,1
rucked,1
garn,1
howler,1
expiring,1
toi,1
kinnatt,1
ca,1
cracken,1
ahem,1
emergence,1
spasmodically,1
amethyst,1
sailorman,1
propensely,1
rockefeller,1
genoa,1
schoolyears,1
patey,1
macin,1
snappiest,1
swatting,1
blavatsky,1
examiner,1
announcing,1
duodenum,1
birmingham,1
target,1
venice,1
somersault,1
bind,1
kristyann,1
lollipop,1
oharas,1
wold,1
fasciated,1
halfbaked,1
hazelnut,1
monitor,1
inhabit,1
kepler,1
fiend,1
sanktus,1
skeowways,1
jesified,1
coughed,1
jun,1
tare,1
ronds,1
oldfellow,1
bondslave,1
akin,1
evasively,1
scudding,1
fullbusted,1
firedrake,1
doyley,1
shillyshally,1
continuing,1
afterwit,1
breathcoughs,1
mgr,1
recorks,1
kuh,1
gallowsbird,1
scarftie,1
chippendale,1
ventriloquy,1
anchored,1
crux,1
holeopen,1
assigning,1
allah,1
molldopeloob,1
condoled,1
stoom,1
eminently,1
weathereye,1
wastepipe,1
beggaring,1
manservant,1
earshot,1
jelloids,1
guarantor,1
hunching,1
kronia,1
sexsmelling,1
substantially,1
masshouse,1
proscenium,1
aligned,1
topiary,1
dei,1
curvature,1
algate,1
pintglass,1
cedargroves,1
trascines,1
defendant,1
canaan,1
cleaves,1
innately,1
longfaced,1
dilated,1
beginneth,1
milesian,1
communal,1
racial,1
unregarded,1
bronzefoil,1
fraying,1
tearwashed,1
doorbrasses,1
fluently,1
graze,1
aglitter,1
courtenay,1
badger,1
deliberately,1
selfevident,1
righting,1
nightie,1
superintendent,1
maelstrom,1
tincture,1
nostra,1
rimirar,1
apologetically,1
shiels,1
educed,1
quos,1
qualified,1
pencilling,1
apprehending,1
oriflamme,1
basilicogrammate,1
pico,1
pagamimi,1
lisant,1
underplot,1
topnobbers,1
riotously,1
minimum,1
truism,1
melodramatic,1
mangid,1
ichthyosauros,1
zmellz,1
scally,1
cheapest,1
mammamufflered,1
congress,1
scrumptious,1
reassures,1
livingstone,1
pecker,1
flattered,1
conquered,1
seaspawn,1
aboveboard,1
schwanzenbad,1
miranda,1
pluming,1
noncommittal,1
disincommodate,1
ghemara,1
gawky,1
coalshoot,1
tenet,1
substantial,1
bugg,1
relathering,1
carryings,1
ramble,1
curried,1
macdonnell,1
festal,1
spencer,1
quae,1
becche,1
rehearsing,1
halfmile,1
jennyass,1
dictum,1
copped,1
surmised,1
stormily,1
quims,1
sixeyed,1
outflings,1
wirefences,1
giltbordered,1
spud,1
bloodthirstily,1
ives,1
bethlehem,1
loopline,1
denny,1
cain,1
debauchee,1
winch,1
shelving,1
obscenely,1
ashore,1
birdy,1
fillibegs,1
daydream,1
tyrone,1
dannyman,1
retainer,1
levying,1
laracy,1
longbearded,1
deathday,1
romance,1
alarmclock,1
ailesbury,1
coquettishly,1
stubborn,1
whelp,1
shyness,1
persecuti,1
bandaged,1
olivetrees,1
situa,1
phartridges,1
bovril,1
wizard,1
tiff,1
nailfile,1
topknot,1
ogled,1
balor,1
urinous,1
buckleys,1
extolled,1
nighthag,1
bonzes,1
ador,1
columned,1
pronunciation,1
missioner,1
rsseeiss,1
scorned,1
shipwrecked,1
musclebound,1
ensue,1
deafmute,1
stander,1
bagweighted,1
cancelling,1
osteopathic,1
reverberating,1
petticoatbodice,1
celery,1
goldfinger,1
pitcher,1
wakening,1
morally,1
dip,1
instigator,1
bencher,1
assertion,1
hibernation,1
undisguised,1
huggermugger,1
numeration,1
quattrini,1
embassy,1
susceptible,1
jackknife,1
eyelet,1
embryologist,1
sift,1
annoying,1
moreau,1
infrequent,1
stinker,1
brightening,1
longnosed,1
impalpability,1
merci,1
headlight,1
veering,1
methusalah,1
fathership,1
seesoo,1
mercalli,1
ineffectually,1
gulped,1
youngly,1
downpour,1
costard,1
nonentity,1
scarli,1
slacktethered,1
dynamitard,1
jade,1
agueshaken,1
tormented,1
diaboli,1
lalouette,1
recant,1
unclipped,1
squalor,1
moravian,1
bunched,1
semite,1
jiujitsu,1
erant,1
ffrenchmullan,1
yerd,1
trumping,1
heber,1
whorled,1
cleverever,1
neralhistoryspecialprofessordoctor,1
trundle,1
raping,1
slake,1
criada,1
blanketed,1
scaife,1
barmecides,1
ineffability,1
maltjobber,1
virgilius,1
countrystile,1
slily,1
noncorrosive,1
transformation,1
whitearsed,1
harvest,1
bubblyjocular,1
eyre,1
extraordinarily,1
garten,1
desirously,1
tantra,1
inserting,1
predeceasing,1
phoca,1
tamoshant,1
chlorotic,1
henev,1
quenches,1
melek,1
shotover,1
melancholily,1
subtile,1
corbet,1
lanty,1
leavetakers,1
sounding,1
getatable,1
showered,1
hailing,1
persuade,1
retaining,1
finical,1
whiteheaped,1
krandlkrankran,1
corantos,1
plappering,1
aries,1
gavelkind,1
closetmaker,1
carnation,1
veritas,1
tinbox,1
recreation,1
pronounces,1
moistens,1
impossibilise,1
remerciez,1
tackled,1
underslip,1
abattoir,1
scotus,1
apout,1
livingroom,1
concone,1
defecation,1
nominate,1
embankment,1
scarred,1
goosepond,1
dancecards,1
cheerio,1
ludendo,1
muttonchop,1
wallpresses,1
bardoor,1
birchwood,1
columcille,1
gillen,1
fitter,1
populated,1
clappyclapclap,1
wristbangles,1
maccormack,1
discrepant,1
sodom,1
heterosexual,1
drat,1
monsoon,1
businessman,1
milksop,1
golliwog,1
creating,1
dout,1
reconciliatory,1
broadbent,1
titivate,1
ahhkkk,1
tarentum,1
hodges,1
chachachachacha,1
greatness,1
permanent,1
ides,1
highkicks,1
ordinarily,1
cage,1
dominating,1
ment,1
kinswoman,1
shorten,1
playfight,1
promoted,1
trumpeted,1
ameliorating,1
repreved,1
fife,1
schilling,1
narrowshouldered,1
josephine,1
bruce,1
ovalling,1
positing,1
ita,1
meridian,1
rumping,1
allpowerful,1
vera,1
unforeseen,1
alanna,1
sirr,1
gnat,1
vladivostok,1
pax,1
preponderant,1
gondolier,1
macruiskeen,1
dennany,1
cupid,1
cuchulin,1
pouted,1
mara,1
lettercard,1
sawhimbefore,1
luxurious,1
ruched,1
released,1
arecanut,1
declining,1
preened,1
womancity,1
halfturned,1
threefour,1
quinnell,1
carriagepane,1
macht,1
amniotic,1
contemporary,1
foxford,1
taming,1
bidden,1
huntingcap,1
frons,1
laemlein,1
craped,1
relevant,1
vestslips,1
yewfronds,1
hogo,1
castigation,1
numbskull,1
battened,1
assert,1
sootcoated,1
epic,1
saltblue,1
raths,1
enliven,1
rollingpin,1
harolds,1
rrrsssstt,1
vernal,1
babemaries,1
icarus,1
shameless,1
truncated,1
unkempt,1
spavined,1
swansong,1
cognisant,1
fetid,1
mortify,1
parasite,1
huevos,1
dethroned,1
loveless,1
ovary,1
anycock,1
plumage,1
meekest,1
omnipresent,1
eggblue,1
fulfilled,1
excellently,1
inanition,1
frenzy,1
silvertongued,1
wateredsilk,1
pfrwritt,1
cyclonic,1
exceptional,1
lloyd,1
multiseminal,1
abstemious,1
distrait,1
bonesetter,1
posterioria,1
bootsole,1
ivied,1
witchroasting,1
zivio,1
pulper,1
readiness,1
incarnated,1
perpetual,1
abnormally,1
shelton,1
bibendum,1
paly,1
christicle,1
brevity,1
turnscrew,1
sackcloth,1
magmagnificence,1
allen,1
slightest,1
io,1
executes,1
cheapjack,1
scrotumtightening,1
punched,1
patriotic,1
sue,1
coalcellar,1
wineglass,1
disloyalty,1
westering,1
shiner,1
oakpale,1
deathrattle,1
grocery,1
barlow,1
hoc,1
hierushaloim,1
bumshow,1
colliding,1
shellgrit,1
gurnard,1
commonplace,1
cedarfrond,1
templo,1
putrid,1
rorkes,1
docility,1
cul,1
ashplanthandle,1
senan,1
yapping,1
auditively,1
bot,1
selfhelp,1
foutinus,1
bailer,1
pentice,1
electrocute,1
kreutzer,1
overtake,1
renovation,1
undecorated,1
fullblown,1
bentwood,1
disrobing,1
folio,1
wearable,1
trivet,1
barnum,1
mn,1
gluey,1
apogean,1
buckingham,1
warmseated,1
hades,1
protein,1
declivity,1
coisde,1
foremother,1
supplement,1
gigant,1
dwindles,1
sayest,1
exasperating,1
flipperty,1
atlantic,1
imbecile,1
counterjumper,1
thole,1
axiom,1
skitting,1
ventripotence,1
mapped,1
meh,1
chicago,1
carmelite,1
calorification,1
croaker,1
jericho,1
incrispated,1
maxime,1
scotchman,1
overlong,1
rrr,1
condoned,1
pestering,1
anabaptist,1
dogwhip,1
bethany,1
injection,1
outstay,1
aheah,1
onelensed,1
laceknots,1
savingsbank,1
ceremonial,1
waxies,1
travesty,1
cocklepickers,1
mollify,1
renovated,1
reconfirmed,1
amalgamated,1
moorcock,1
nosering,1
irrepressible,1
umbrel,1
felonsetting,1
leedom,1
fluescent,1
assegai,1
wonderworkers,1
pristine,1
merde,1
macmurragh,1
vexation,1
beseeching,1
forte,1
outspake,1
abulafia,1
describes,1
literateur,1
membrane,1
dissectingroom,1
tetragrammaton,1
ceppi,1
archconspirator,1
abjured,1
wellmannered,1
rualdus,1
odyssus,1
dressmaker,1
swindled,1
nebo,1
outwandered,1
gott,1
welted,1
birdlime,1
upbraid,1
tomkins,1
breastfed,1
disturbing,1
clonmacnois,1
amort,1
assume,1
woodshavings,1
cooees,1
pacificus,1
backview,1
lifelike,1
volupcy,1
draped,1
tenon,1
forthflowing,1
wormy,1
castingbox,1
periphrastic,1
eliza,1
checkmate,1
spangle,1
cordeliers,1
bifurcated,1
baldhead,1
massproduct,1
velation,1
allocution,1
erate,1
sideseat,1
haye,1
nailless,1
bemired,1
katharine,1
allingham,1
eternum,1
ecclesiam,1
nightbird,1
winsomely,1
unkindly,1
geld,1
boroimhe,1
chapelizod,1
denied,1
peachblossom,1
allembracing,1
dolour,1
gough,1
slaughtering,1
tenterhook,1
hidalgo,1
millionaire,1
satinlined,1
existent,1
childless,1
hhhn,1
greystones,1
unamiably,1
hoarded,1
binbad,1
unreserved,1
rrrrrrmmmmm,1
whenas,1
episcopal,1
timedulled,1
happied,1
fiftyfive,1
girlie,1
farls,1
environs,1
photocards,1
crus,1
stickyback,1
midriff,1
tigress,1
shoneen,1
halfnaked,1
entombing,1
loo,1
footleaf,1
warlock,1
claddagh,1
nominis,1
beyant,1
grandoldgrossfather,1
permitting,1
florryzoe,1
grid,1
copula,1
takest,1
toiler,1
tightens,1
dissimulated,1
mettlesome,1
inkling,1
rabbitface,1
tucking,1
grigged,1
capbell,1
preaching,1
gallows,1
jollypoldy,1
apostolicam,1
oakholme,1
granddam,1
altius,1
confuse,1
cigarsmoke,1
alack,1
sadness,1
buttytailed,1
drumhandle,1
laetificat,1
plantain,1
shimmered,1
nix,1
boarhound,1
maxillary,1
distressingly,1
magnifying,1
railhead,1
jewgreek,1
stampede,1
soberly,1
straddled,1
cleanchested,1
elocutionary,1
damnably,1
jollification,1
heavenworld,1
malorum,1
vernacular,1
fringed,1
joggerfry,1
bridgeman,1
bestrode,1
stockgetter,1
sarks,1
thon,1
reentrance,1
dustbuckets,1
lampglow,1
implies,1
avouchment,1
fryingpan,1
ragione,1
celerity,1
gorse,1
motherless,1
mortacci,1
bitted,1
expectorate,1
comply,1
denizen,1
removable,1
settee,1
wolseley,1
frequentative,1
plumstained,1
hemlock,1
catchy,1
silverpowdered,1
inventoried,1
sui,1
clutched,1
verso,1
represents,1
bootmaker,1
lilactree,1
doubleshuffles,1
arresting,1
reproductitive,1
mit,1
convention,1
cherryripe,1
referee,1
avvocato,1
heath,1
corse,1
bluebeard,1
swinefat,1
mercantile,1
landshadows,1
bandolierwise,1
valance,1
boatbearers,1
definitive,1
mallet,1
glamour,1
bangle,1
generatio,1
hugged,1
deformed,1
trombetta,1
knifeful,1
gaming,1
unpeeled,1
peradventure,1
sylph,1
pianist,1
memoriam,1
converge,1
counterattraction,1
rhythmic,1
beerbohm,1
bridle,1
equinox,1
clenching,1
transparently,1
homonymity,1
ruse,1
canopy,1
graving,1
prix,1
whoremaster,1
pomellated,1
tarnally,1
greyeyed,1
idiotic,1
burblblburblbl,1
fermenting,1
impertinent,1
eb,1
dedal,1
ganglionic,1
monetarily,1
wrinkly,1
pronouncing,1
anapocryphal,1
wailed,1
befall,1
hunted,1
fractious,1
herringbone,1
rahat,1
mothball,1
unbraced,1
redivisible,1
goodhumoured,1
praisefed,1
procreator,1
undertone,1
dardanelles,1
stockwell,1
bransome,1
timeball,1
impressed,1
thermometer,1
broncho,1
sextuple,1
ridiculous,1
alther,1
amending,1
ptake,1
scrip,1
loglady,1
godless,1
chevaux,1
hacking,1
jubainville,1
pottery,1
nannannanny,1
belgium,1
imbued,1
sans,1
wether,1
exposing,1
homelife,1
panloaf,1
acknowledging,1
whimsy,1
tisntdall,1
incredulously,1
dazzling,1
barmirror,1
lanternjaws,1
supping,1
neave,1
definition,1
congrued,1
unhealthiness,1
kirschner,1
stiffen,1
serio,1
blumenfeld,1
stogged,1
rennet,1
agreeableness,1
bissextile,1
bearish,1
jurybox,1
artery,1
prodded,1
tanta,1
closedrawn,1
willowpatterned,1
suckin,1
paunch,1
crystallised,1
beggarly,1
girly,1
curlyheaded,1
militate,1
prediction,1
inishturk,1
weedy,1
chang,1
measuring,1
shesaw,1
spar,1
catastasis,1
smote,1
referring,1
puncheon,1
noctibus,1
insinuated,1
elohenu,1
eblanite,1
phoebe,1
myopic,1
enlarging,1
underlined,1
tabledrawer,1
urim,1
tubercle,1
lowspirited,1
hor,1
enable,1
brisket,1
stickler,1
striving,1
gabber,1
disproportion,1
junket,1
fatherless,1
brainfogfag,1
gumbenjamin,1
sittingroom,1
liquefied,1
witwanton,1
soupladles,1
studying,1
snaky,1
ely,1
vehemence,1
twicreakingly,1
maunder,1
blandiloquence,1
terram,1
contiguous,1
boccaccio,1
overwhelmingly,1
demme,1
unlikely,1
reflective,1
plup,1
janey,1
rutilant,1
pusyellow,1
culinic,1
encyclopaedia,1
buckbasket,1
persuader,1
intoned,1
shiva,1
armfolded,1
conquer,1
insecurity,1
hyg,1
pugnacious,1
bustpads,1
diagram,1
profaned,1
pitchdark,1
oxeyed,1
ling,1
backsheesh,1
syndicate,1
flicked,1
stiver,1
devilish,1
conspiracy,1
tirconnell,1
principium,1
datepalms,1
whelk,1
vingt,1
scrambling,1
restriction,1
horseback,1
aiulella,1
buffer,1
precession,1
magnified,1
perkin,1
glittereyed,1
merrying,1
solstice,1
recked,1
motherlight,1
summoned,1
daphne,1
soaker,1
poise,1
castor,1
bleeds,1
ringdove,1
discomfiture,1
piastre,1
lovingcup,1
pon,1
outstripped,1
breadgraters,1
distressful,1
transplanted,1
ingersoll,1
ardour,1
slashed,1
voluntary,1
ait,1
oxengut,1
bandolier,1
anglia,1
lettered,1
vanderdeckens,1
cisatlantic,1
horsepoliceman,1
garnished,1
dullman,1
catalani,1
borus,1
rewarding,1
staking,1
fen,1
scythed,1
ferenti,1
correlative,1
irresponsible,1
mimicking,1
associate,1
lugubriously,1
prevention,1
valenti,1
canting,1
leopopold,1
bum,1
countryside,1
disarming,1
theirhisnothis,1
collapsing,1
deglutition,1
birthaiding,1
bloodthirsty,1
unsurpassed,1
merryandrew,1
eldritch,1
ciarnain,1
excretory,1
irritability,1
distilled,1
probyn,1
sono,1
solr,1
yellowkitefaced,1
seastones,1
penalty,1
rrrrrr,1
poacher,1
exemple,1
bungalowshaped,1
ambidexterity,1
legget,1
spoof,1
insentient,1
brixton,1
gruel,1
inconsiderate,1
nainsook,1
laundered,1
egredientem,1
sheepsface,1
bluest,1
diocese,1
yvonne,1
pugnose,1
illclosed,1
paidup,1
tutto,1
muchacha,1
hunchback,1
slackened,1
dandruff,1
exc,1
cloacal,1
bashan,1
fogarty,1
bashful,1
sallust,1
contused,1
cartload,1
grenadier,1
outheld,1
unattired,1
scarlatina,1
exhaustion,1
ringweight,1
glassyeyed,1
arriving,1
petrolpropelled,1
opisso,1
publish,1
insomuch,1
greatrakes,1
occam,1
halltable,1
harped,1
wastrel,1
whitemaned,1
prescribe,1
piking,1
aisance,1
maun,1
defeegee,1
rosiny,1
gracelessness,1
mastodon,1
handsomely,1
bluehued,1
substantiation,1
dunlop,1
singlet,1
trafalgar,1
pushedback,1
macconnell,1
ejects,1
quadrupedal,1
makee,1
bowsing,1
burialplace,1
renew,1
coffinband,1
estivation,1
cloying,1
hypsospadia,1
communed,1
gesabo,1
servo,1
subtility,1
observatory,1
southwest,1
menagerer,1
lockhart,1
extinguished,1
fr,1
saucebox,1
strangle,1
stillborn,1
harebell,1
chiltern,1
slippy,1
preached,1
flybynight,1
blottingpad,1
lighten,1
dulcinea,1
fecund,1
mortuis,1
vengeful,1
backtothelander,1
nighed,1
titled,1
instantly,1
hannigan,1
depravatio,1
emersion,1
jolting,1
obsequies,1
yachting,1
prurition,1
pharaoh,1
bonham,1
toadied,1
acoming,1
obviate,1
whitegaitered,1
heblon,1
pumpship,1
bearsgrease,1
horhot,1
tallon,1
rumdum,1
lankylooking,1
gawds,1
unmistakably,1
immaculately,1
imperforate,1
studenting,1
counteracting,1
heatseated,1
uninterruptedly,1
unportalling,1
esther,1
cockscomb,1
banking,1
dinna,1
urinated,1
rumboldian,1
considerately,1
cabdriver,1
corinth,1
hellsgates,1
panamahelmeted,1
radial,1
ter,1
oomb,1
trireme,1
pornosophical,1
unsolicited,1
soapy,1
bargol,1
thimbleful,1
procreatrix,1
pillion,1
weedladen,1
undressed,1
pockmark,1
owny,1
caftan,1
skelter,1
unsanitary,1
devilling,1
firtrees,1
passtouch,1
poldo,1
squandering,1
verity,1
toleration,1
flaherty,1
pardner,1
taxing,1
yachtsman,1
frigidian,1
architecturally,1
catastrophic,1
glaucon,1
chilli,1
birching,1
extravagancy,1
winebark,1
transferring,1
skindeep,1
hearthstone,1
actione,1
bookstore,1
elp,1
perfunctorily,1
twikindled,1
heartbalm,1
coates,1
conclamation,1
hawhorn,1
homophonous,1
pagoda,1
deafness,1
mopping,1
bloohoom,1
defy,1
coiling,1
gable,1
avon,1
redcarpeted,1
hurting,1
depict,1
neverfailing,1
strutted,1
dachshund,1
washedout,1
integral,1
splitting,1
management,1
sarcastically,1
deepdown,1
gluttonously,1
pantomimic,1
poula,1
limpet,1
thunderhead,1
transoceanic,1
shedolores,1
tricky,1
bronzedouce,1
bullyboy,1
bitterly,1
houlihan,1
beyondre,1
glassy,1
elk,1
quartermile,1
proclaims,1
checkerwork,1
cambrian,1
unstated,1
overhearing,1
repay,1
farmyard,1
erse,1
gracing,1
antiphoned,1
rockery,1
quaffing,1
smackwarm,1
marauder,1
beetlebrowed,1
whet,1
ide,1
appreciatively,1
stirred,1
sloper,1
pardy,1
colony,1
agrin,1
stoking,1
freelyfreckled,1
spucks,1
bedlam,1
eglintoneyes,1
contrariety,1
restituted,1
engage,1
stentorian,1
nubian,1
damning,1
heading,1
libitum,1
dunam,1
houyhnhnm,1
jamesons,1
gargle,1
imbecillic,1
pianissimo,1
grike,1
blameless,1
twotailed,1
vouch,1
fertility,1
cartoon,1
reseated,1
trumming,1
truepenny,1
obstropolos,1
seadivided,1
glowering,1
meanderings,1
entrancing,1
toponomastic,1
pornographical,1
extemporised,1
uncorks,1
flutiest,1
representation,1
ards,1
harrowing,1
robbed,1
snapping,1
inscription,1
avea,1
adversion,1
wallface,1
swamped,1
tallaght,1
pleated,1
seasonable,1
parrotbeak,1
pseudonymous,1
unpolished,1
bonafide,1
uneared,1
plottering,1
fructified,1
confers,1
allied,1
feat,1
mictum,1
towncrier,1
ringsteel,1
jaded,1
palles,1
surgery,1
booseguzzling,1
closestool,1
observants,1
asculum,1
clashing,1
diction,1
drumhead,1
bungellow,1
mille,1
sacrilege,1
adrinking,1
chancery,1
stylite,1
aventried,1
upfloor,1
palice,1
lochlanns,1
whoness,1
troath,1
unstruck,1
moonstone,1
scabbard,1
boggles,1
muchneeded,1
brith,1
curdled,1
recommend,1
idolises,1
acquaint,1
envel,1
shareholder,1
vocative,1
diversified,1
wishswish,1
credential,1
tittering,1
curlycues,1
individually,1
montgomery,1
compostella,1
perihelion,1
taciturnity,1
orgulous,1
oilpainting,1
embellished,1
stayathome,1
thunderbolt,1
undramatic,1
weightcarrying,1
deaead,1
cuttingly,1
rio,1
sidemirrors,1
knitted,1
towpath,1
transition,1
chinmole,1
arith,1
loveletters,1
fifenote,1
vanilla,1
ugh,1
brutish,1
telegramboy,1
premeditated,1
neglecting,1
crusher,1
childing,1
contransmagnificandjewbangtantiality,1
habitable,1
adaptation,1
deb,1
thunk,1
blared,1
hardearned,1
unfructified,1
chukkar,1
townbred,1
constituency,1
duellist,1
imprecation,1
kruger,1
stumbling,1
menu,1
interdependent,1
suttee,1
briggs,1
votre,1
insemination,1
presidential,1
lateness,1
michaelmas,1
tyler,1
frisco,1
unsought,1
swaggerroot,1
tailend,1
pleasantest,1
ecstasy,1
midw,1
hooking,1
cuspidor,1
erased,1
joygush,1
offender,1
marybeads,1
coalblack,1
sinuous,1
dubious,1
rioter,1
superintended,1
greylunged,1
withstood,1
pnimah,1
thewless,1
neuter,1
redoubtable,1
totted,1
nankeen,1
stefan,1
griped,1
beirne,1
ev,1
wain,1
visually,1
shedding,1
wellmade,1
saurian,1
catastrophics,1
heavengrot,1
electrifying,1
gatling,1
foundered,1
puma,1
centurion,1
shortlived,1
wittenberg,1
renderable,1
figged,1
meddle,1
olaf,1
sine,1
stronglimbed,1
bares,1
quag,1
auric,1
osvalt,1
rhenish,1
bittern,1
greville,1
glovers,1
foreboard,1
stitchery,1
sirdar,1
footpace,1
donovan,1
yung,1
lascar,1
connubiality,1
departer,1
bleibtreu,1
agreeing,1
sturgeon,1
prettily,1
pealing,1
savour,1
jailbird,1
armlet,1
cessile,1
dexter,1
pensively,1
eulogised,1
stoning,1
condole,1
calve,1
hurroo,1
semicircular,1
stevedore,1
pali,1
ardilauns,1
contentedly,1
musketeer,1
performs,1
vindication,1
corrosive,1
blooddripping,1
plumpness,1
rodgers,1
furzebush,1
nurture,1
sojourn,1
rinsed,1
gurrhr,1
fren,1
gahan,1
winebin,1
skippingrope,1
shir,1
lala,1
approbation,1
exerciser,1
incautiously,1
cowbones,1
airhole,1
curdog,1
paracelsus,1
inexplicably,1
hampton,1
suds,1
shaked,1
wouldyousetashoe,1
coughmixture,1
earflap,1
icky,1
rasping,1
spewed,1
pip,1
inishboffin,1
christine,1
rudeness,1
newfoundland,1
ea,1
pitchfork,1
condescend,1
stopabloom,1
hurricane,1
queensberry,1
bootblack,1
pigmy,1
porkpie,1
powerless,1
devoted,1
exhibiting,1
expectorated,1
glareblareflare,1
massgoing,1
ruffin,1
healthier,1
birdchief,1
sjambok,1
bulliness,1
dedale,1
lovekin,1
ringkeepers,1
cannonshot,1
hipbone,1
jocular,1
knaplock,1
pathetic,1
greyhound,1
tarifa,1
filbert,1
peartree,1
weaseleyed,1
greengoldenly,1
impressive,1
inundation,1
remunerative,1
brunette,1
breslin,1
control,1
pester,1
monica,1
slopped,1
usefully,1
sedan,1
tubbing,1
parching,1
heavyfooted,1
operated,1
contumely,1
smouldering,1
restoration,1
conceals,1
vote,1
stylishly,1
ethel,1
silkily,1
scholastica,1
conceited,1
toro,1
torrential,1
baisemoins,1
luminiferous,1
poxfiend,1
knuckly,1
supercilious,1
measles,1
slinked,1
denominated,1
haled,1
ptolemy,1
variable,1
nationality,1
dolor,1
braying,1
barricaded,1
wallow,1
frivolity,1
drinkingcup,1
ruthlessly,1
goodfornothing,1
braime,1
hoky,1
sateen,1
giraldus,1
physog,1
flimsiness,1
oxters,1
adaptable,1
otia,1
affirmatively,1
argo,1
quirites,1
soupplate,1
micturition,1
isolation,1
ballykinlar,1
pullman,1
jivic,1
nutbrown,1
gorbellied,1
bellycrab,1
prevailed,1
munchday,1
strawcalling,1
boggled,1
committal,1
sanguineflowered,1
largefooted,1
untrammelled,1
majorgeneral,1
farabutto,1
furlong,1
hinbad,1
feline,1
aqua,1
harpy,1
eyetallyano,1
calypso,1
discussed,1
impropriety,1
arnott,1
chloe,1
trismegistos,1
shanganagh,1
unclasped,1
whitepolled,1
nepomuc,1
totty,1
diploma,1
newmake,1
titillationes,1
cataclysm,1
oscar,1
stonily,1
wineshops,1
circumambient,1
buskin,1
iterum,1
edison,1
unshielded,1
hunched,1
rahab,1
quavering,1
lapboard,1
hoarsened,1
typecases,1
caesarean,1
bilgewater,1
squirmings,1
candahar,1
bitchbody,1
bedight,1
ricestraw,1
wedged,1
poniard,1
iiiiiichaaaaaaach,1
ephesian,1
galilean,1
lapland,1
sulphate,1
riverboats,1
splashed,1
horeb,1
conachie,1
thursdaymornun,1
ero,1
aimed,1
arcturus,1
ammon,1
skerrys,1
starshiny,1
apologising,1
exeter,1
twitted,1
vic,1
cachuchad,1
rublin,1
gretta,1
dactyl,1
fissure,1
napkinring,1
entranced,1
softlier,1
flathouse,1
preoccupied,1
loitering,1
hurtness,1
bestride,1
cockshout,1
besmirched,1
coadys,1
toddled,1
trovarmi,1
fordo,1
sancho,1
subtends,1
shimmy,1
waterspout,1
slimmer,1
portending,1
speculating,1
mammal,1
sodomite,1
bluffing,1
nailstudded,1
gould,1
avis,1
pouter,1
gripeth,1
gulfer,1
broadleaved,1
waistcoateers,1
diambulist,1
gilbey,1
baddybad,1
whimpering,1
childermas,1
ade,1
exhortator,1
humidity,1
amorously,1
blackbuttocker,1
midlothian,1
bucketdredger,1
capitalist,1
matris,1
cambrensis,1
lemur,1
alphabetic,1
chargeant,1
arun,1
girlwhite,1
embarazada,1
shovelled,1
paraphernalia,1
supremely,1
mastiff,1
cattledoctors,1
jujuby,1
forehoofs,1
percipiat,1
poppycock,1
svengali,1
benefaction,1
archjoker,1
gumchewed,1
oer,1
nostrae,1
cumberland,1
infallibility,1
stratagem,1
unbridled,1
verfluchte,1
ollav,1
wildgoose,1
comedian,1
farsaigh,1
sugarsticky,1
farrow,1
messmate,1
effracted,1
blanketcloth,1
syrup,1
unlookedfor,1
dropsical,1
scission,1
apologue,1
yelp,1
coo,1
fatten,1
uncommon,1
youngun,1
hankering,1
pruningknife,1
batter,1
trop,1
enquire,1
inhabitability,1
heeled,1
seabedabbled,1
codpiece,1
portland,1
corkcutters,1
bigsplash,1
beech,1
incurable,1
belauded,1
rued,1
betrayal,1
biscuitmush,1
doubted,1
knifed,1
defied,1
chepstow,1
jehudi,1
multifarious,1
eug,1
affording,1
kee,1
dreg,1
dollwomen,1
miserable,1
prominently,1
brainwork,1
blancmange,1
cremation,1
ineffable,1
slunk,1
columble,1
patellar,1
pisimbo,1
printing,1
dishevelled,1
conical,1
piledup,1
guckin,1
staid,1
wrenbushes,1
hankered,1
jauntily,1
wayfaring,1
stooder,1
rigmaroling,1
doubleyou,1
raddled,1
porpoise,1
novena,1
acrostic,1
bazan,1
mignonette,1
globemap,1
mangle,1
crubeens,1
crystalclear,1
carl,1
jewbaiting,1
bedpost,1
fbhracht,1
deepvoiced,1
ballagh,1
matterson,1
bylaw,1
pitying,1
lalage,1
viator,1
formulated,1
depended,1
carcasefed,1
booky,1
cataract,1
alluvial,1
skein,1
provostmarshal,1
tilbury,1
unheated,1
macrocosm,1
retrogressive,1
disrobe,1
heartscalded,1
hitching,1
jotter,1
oozed,1
celebrate,1
drunkables,1
housemaid,1
merciable,1
agnathia,1
murtagh,1
coster,1
tante,1
tinnahinch,1
demurrer,1
geegee,1
pachyderm,1
consultation,1
unsheathe,1
der,1
computed,1
cerecloth,1
fourleaved,1
gustave,1
kobberkeddelsen,1
longdrawn,1
spicegardens,1
sua,1
iudicia,1
muskperfumed,1
thatched,1
interred,1
jude,1
comminated,1
swordhilt,1
gruelling,1
scientist,1
mullins,1
stationery,1
wideopen,1
cutlet,1
hayseed,1
scrappy,1
snowcake,1
zephyr,1
nutshell,1
yellowish,1
defrauding,1
preindicative,1
packer,1
seaquake,1
jalaps,1
cordiality,1
hydrokinetic,1
menstruation,1
dishcloth,1
foampool,1
squandermania,1
ruing,1
grandacious,1
frontdoor,1
lecking,1
skunked,1
seer,1
jingbang,1
inestimable,1
conny,1
misbirth,1
widgeon,1
crude,1
barspongers,1
bacilikil,1
zero,1
cedar,1
rubycoloured,1
rendezvoused,1
cantekissem,1
horsedrawn,1
bedvow,1
muchtreasured,1
cressid,1
slouching,1
dist,1
fatlings,1
sunphone,1
rathoath,1
repair,1
planking,1
hrim,1
coffeehouse,1
reassured,1
conned,1
prospective,1
dismount,1
cloyne,1
watercress,1
lipspeech,1
trinidad,1
neuralgia,1
ambushed,1
hopeful,1
carpathians,1
goldskinned,1
autonomy,1
hierarchical,1
accessory,1
rely,1
picnicmakers,1
yelping,1
synagogue,1
pisistratus,1
bucolic,1
antithesis,1
tested,1
millstone,1
bolero,1
spiritu,1
cruder,1
oldtime,1
sprawling,1
fatpapped,1
smoothly,1
excitable,1
reversion,1
enhanced,1
fulsome,1
tiroirs,1
unbridles,1
mitchelstown,1
acceptance,1
ali,1
snaggletusks,1
uphold,1
curved,1
nightboat,1
concertina,1
resembles,1
foundling,1
drowsing,1
oarweeds,1
bridesister,1
carting,1
uninhabited,1
ablution,1
abeakutic,1
outpassed,1
bestir,1
screechowls,1
rooney,1
horning,1
flogs,1
quicklime,1
reciprocated,1
idleness,1
trefoil,1
teacosy,1
ongot,1
lowskimming,1
kilbarrack,1
refeatures,1
crotty,1
endued,1
supine,1
reciprocally,1
certo,1
plamtroo,1
disturbance,1
waterjug,1
albeit,1
gage,1
clambering,1
filibegs,1
ragman,1
shottery,1
sotto,1
meinherr,1
shoefitter,1
chimiques,1
scaly,1
flayers,1
doomsday,1
pannier,1
buxton,1
filches,1
bronzed,1
anachronism,1
loveliest,1
pelter,1
limned,1
cuss,1
caniculus,1
quizzer,1
lurks,1
elba,1
millingtary,1
polly,1
tua,1
slaughterhouse,1
omnipollent,1
curlpapers,1
aver,1
pardies,1
kcirtap,1
evincing,1
agriculture,1
saracen,1
decoction,1
vulturing,1
unplumbed,1
stumble,1
logwood,1
optimo,1
sharons,1
windowpane,1
costive,1
curtseyed,1
fishwoman,1
archdiocese,1
toning,1
crinkly,1
noctambulist,1
townhithe,1
mizrach,1
axillary,1
bellhorses,1
exaltabuntur,1
morbous,1
viola,1
cardrive,1
wheaten,1
bernardus,1
broiled,1
rabbit,1
loathed,1
umbrage,1
pommelling,1
lugugugubrious,1
ridge,1
nidre,1
tomahawk,1
prognostication,1
matrimonially,1
plumb,1
stipulated,1
quarry,1
piscator,1
detained,1
hugebearded,1
heterodox,1
tramtracks,1
smoothworn,1
turd,1
unsatisfactory,1
karini,1
tompeeptom,1
brightbacked,1
unscrupulous,1
dieppe,1
grazie,1
cabrank,1
monkeydoodle,1
thot,1
remainer,1
frenzied,1
diddies,1
tracery,1
pumpkin,1
prefaced,1
peremptorily,1
shutup,1
sot,1
behoved,1
mulberrytree,1
aiding,1
androgynous,1
beethoven,1
balfe,1
nugget,1
swedish,1
consign,1
razed,1
borax,1
dufery,1
jewess,1
flahoolagh,1
franz,1
skirting,1
addleaddle,1
smashall,1
parasangs,1
tetrameter,1
exploitation,1
falutin,1
lifemate,1
banzai,1
adenoid,1
bated,1
adroit,1
vobiscum,1
greatgreatgrandmothers,1
incompatibility,1
utter,1
galle,1
capillary,1
janeiro,1
pfuiiiiiii,1
socratic,1
parenthesis,1
inferno,1
castleyard,1
crucifer,1
imprevidibility,1
haddies,1
hefty,1
whooping,1
sapience,1
landlubber,1
edelweiss,1
frightening,1
repugnant,1
pitt,1
ibsen,1
jalap,1
raleigh,1
nurseling,1
settin,1
bream,1
monastery,1
warningly,1
sheltering,1
pancake,1
annotation,1
idiotics,1
jap,1
armrest,1
dilating,1
foison,1
gib,1
community,1
apocrypha,1
yadgana,1
sept,1
pituitary,1
fagan,1
abatement,1
incendiated,1
wavespeech,1
thoughtout,1
peau,1
fallacious,1
tenantless,1
harkee,1
quasisensations,1
prhklstr,1
eatondph,1
greets,1
landau,1
griffin,1
naval,1
treacly,1
ribaldry,1
dho,1
corkman,1
billycock,1
episcopalian,1
commensurate,1
bluggy,1
hnhn,1
covert,1
bootssnout,1
consequently,1
icefloes,1
macebearer,1
reprover,1
unostentatiously,1
supposes,1
conceded,1
compensation,1
peninsular,1
musemathematics,1
vamoose,1
gelding,1
dickinson,1
vulcanic,1
unrecognisable,1
bugbear,1
walt,1
pacifica,1
anatomically,1
serviam,1
gutenberg,1
cultivator,1
islander,1
kink,1
wondrously,1
minimising,1
postsatisfaction,1
dazedly,1
parenthesised,1
carrick,1
goff,1
sheares,1
policeaided,1
croagh,1
demanded,1
alo,1
kiar,1
giveth,1
ardle,1
ninetythree,1
madrileno,1
contrastingly,1
guttersheet,1
simplification,1
recalcitrant,1
sodachapped,1
cooler,1
globed,1
delany,1
bordered,1
lisp,1
tholice,1
catterpillar,1
montenotte,1
cite,1
flattened,1
fleshhotpots,1
cognate,1
corsetlace,1
navigator,1
admonisher,1
ploughing,1
loveletter,1
clouding,1
mirthfully,1
frustrate,1
scimitar,1
suburb,1
husbandman,1
coatfront,1
unspeeched,1
toward,1
haught,1
licensee,1
homeward,1
grameful,1
revolutionary,1
pyatt,1
elbowing,1
hogshead,1
vegetation,1
horsecollar,1
masterly,1
whisking,1
godpossibled,1
housesteward,1
pursues,1
lychgate,1
stilt,1
isabella,1
gen,1
repression,1
obtunding,1
usury,1
unslaked,1
gaudium,1
quixote,1
anarchist,1
mio,1
lutestrings,1
longitude,1
assignment,1
delectation,1
selfabuse,1
sleet,1
trooping,1
escargot,1
mesh,1
duckling,1
limesalts,1
nutarians,1
cockcanary,1
flowery,1
townsman,1
knockmaroon,1
rosepetals,1
dynastical,1
recapitulate,1
clash,1
wildwood,1
lookeron,1
spyglass,1
gaptoothed,1
aftereffect,1
ghostbright,1
multos,1
airslits,1
feefawfum,1
millwright,1
soiling,1
cuore,1
unlabouring,1
coopfattened,1
eggshell,1
faits,1
womwom,1
lemonflavoured,1
hiccupped,1
feintruled,1
paula,1
cabbageleaf,1
gladys,1
commodiously,1
skatingrink,1
ironmould,1
descanted,1
japhet,1
taxpayer,1
montmorency,1
unglazed,1
stumpy,1
clubmen,1
rifle,1
oviparous,1
presbytery,1
uncrowned,1
kankury,1
sagaciating,1
winefizzling,1
cheat,1
excitation,1
mccann,1
unnecessary,1
agelong,1
incorrupted,1
belladonna,1
portentous,1
restated,1
idiosyncracies,1
rixdix,1
stopperrobber,1
liftboy,1
bushmills,1
grunted,1
alcohol,1
seadog,1
devouring,1
muchibus,1
wonderwide,1
lalor,1
wynn,1
mohammadan,1
turmoil,1
shocking,1
siphon,1
parentage,1
seafed,1
speakeasy,1
playwriter,1
carrickmines,1
plunket,1
businum,1
bronzegold,1
fireeater,1
brigittines,1
inducas,1
spinnaker,1
deathchamber,1
fireman,1
somethings,1
blacker,1
damnall,1
proparoxyton,1
biweekly,1
desirous,1
yook,1
unbiassed,1
paganism,1
boatraces,1
surging,1
waterlily,1
ecce,1
scan,1
riderless,1
hater,1
pianoplaying,1
muttoning,1
boldfaced,1
ponton,1
minotaur,1
wavenoise,1
oxy,1
titledeeds,1
lunge,1
orator,1
succeeding,1
occident,1
uomo,1
sidereal,1
shorter,1
daremo,1
oof,1
lig,1
uropoetic,1
warmish,1
productive,1
quiescence,1
threadbare,1
veneration,1
corduroy,1
gilmer,1
thibet,1
prided,1
snarled,1
justify,1
extraneous,1
extermination,1
sycophant,1
guessed,1
engraved,1
casement,1
divan,1
carneficem,1
exotically,1
lubricate,1
lidlydiawell,1
eoghan,1
flanders,1
annular,1
wildlooking,1
elephantine,1
selenographical,1
weatherwise,1
uff,1
woebegone,1
universality,1
tuberculosis,1
bedesman,1
lettering,1
sackerson,1
gasovens,1
lowed,1
oom,1
unhungrily,1
pollutes,1
appending,1
volunteering,1
flooded,1
marcello,1
fourflushers,1
detonation,1
nib,1
declaims,1
slouchy,1
bretaine,1
laddie,1
capiat,1
obsolescent,1
dispersed,1
titty,1
hornpipe,1
fantastical,1
redbaked,1
brineblinded,1
agenda,1
ladychapel,1
awed,1
mulligatawny,1
drachma,1
poached,1
combridge,1
parsimony,1
nefesch,1
herpyllis,1
enthusiasm,1
humdrum,1
minbad,1
budging,1
debagged,1
millionairess,1
drinkable,1
warding,1
alrightness,1
eyemasks,1
fido,1
incomprehension,1
luff,1
peacocktwittering,1
lonesome,1
ashpit,1
intangibility,1
flotilla,1
smuggled,1
betrayer,1
newgathered,1
completing,1
matchless,1
sirring,1
peggy,1
cornjuice,1
mallon,1
scrooching,1
thinker,1
stalled,1
allruthful,1
gazers,1
ghesabo,1
sieve,1
objectionable,1
elver,1
joyride,1
tommaso,1
claretwine,1
basis,1
fishguard,1
illstarched,1
toadbellied,1
deathtrap,1
acardiac,1
sloth,1
foregone,1
dervish,1
perforate,1
freshest,1
maccabees,1
similitude,1
furlough,1
restlessness,1
mortis,1
lightens,1
taptaptapping,1
sennet,1
khaan,1
ribband,1
blockwell,1
mingere,1
sixthly,1
haddington,1
eyry,1
sweeney,1
discrepancy,1
sectional,1
tranquilly,1
culdee,1
watered,1
floursmeared,1
rangoon,1
dit,1
imposs,1
clipclap,1
fortythreebutton,1
leprechaun,1
unco,1
roundly,1
commingle,1
espoused,1
goodwill,1
dominican,1
ellpodbomool,1
oxhide,1
glovepalm,1
outdone,1
hannibal,1
cultivate,1
godgiven,1
shameface,1
boarded,1
gratified,1
camaldolesi,1
lifegiver,1
pilosity,1
recooked,1
settedst,1
catalan,1
angered,1
emulsion,1
sparkled,1
krowawr,1
seafloor,1
lasting,1
acquirable,1
stickingplaster,1
wallace,1
averting,1
gabbled,1
pellmell,1
mobled,1
savourneen,1
bawler,1
israelitic,1
thees,1
immigrant,1
wily,1
wist,1
allwombing,1
septentrionalis,1
begetting,1
absorption,1
icecreamers,1
quadrireme,1
creaming,1
greenleaf,1
cowslip,1
elephantiasis,1
recounted,1
vocabitur,1
noxiousness,1
lieuten,1
expurgated,1
moonfoaming,1
phthook,1
husbandwords,1
stuffgown,1
gev,1
dunducketymudcoloured,1
peregrinus,1
cosmos,1
pestered,1
matin,1
shithouse,1
housejacket,1
cowing,1
spurning,1
plod,1
ghetto,1
horsehoofs,1
cagework,1
fopling,1
carking,1
fairest,1
headpiece,1
cacophonous,1
collops,1
ringropes,1
furtively,1
boilingcook,1
fursa,1
veer,1
crosseyed,1
darby,1
chalkscrawled,1
fillyfoal,1
softsoaping,1
handicapper,1
silversilent,1
unpretentious,1
apothecary,1
devanic,1
shearling,1
mallow,1
vivisect,1
congregated,1
unfancied,1
tyrian,1
horrorstruck,1
amusingly,1
freshcheeked,1
stronger,1
vanquished,1
iagogo,1
moonless,1
allmoist,1
hushaby,1
grasswidower,1
ani,1
baseness,1
disappear,1
conversely,1
shrewdly,1
secabest,1
douche,1
lustihead,1
ideated,1
figgis,1
chickensoup,1
boisterous,1
unadjustable,1
pfotts,1
joult,1
announcement,1
pegging,1
septuagenarian,1
copious,1
carbuncly,1
extend,1
epitasis,1
ebullition,1
vil,1
babyish,1
rheumatiz,1
readingrooms,1
feebleminded,1
filii,1
hominess,1
sadcoloured,1
bandnight,1
accountable,1
ok,1
atavism,1
embodied,1
insistence,1
shekel,1
cornfide,1
mummed,1
meaningfully,1
thirtyone,1
pisto,1
tlwo,1
personable,1
tutelam,1
prohibitory,1
disseminator,1
hyperduly,1
puffball,1
semisolidified,1
organgrinder,1
paschal,1
tendonous,1
spate,1
determination,1
cecilia,1
bulkily,1
amiss,1
heresiarchs,1
interpreted,1
calligraphed,1
unweeded,1
crished,1
sirius,1
rheumeyed,1
matched,1
warerooms,1
rummaging,1
sunamite,1
shybrightly,1
ventilated,1
glazily,1
shrieked,1
cockcock,1
pooling,1
lisped,1
farthest,1
exhorted,1
sacring,1
mecum,1
loyally,1
expiated,1
pronghorn,1
justified,1
sylvan,1
inquisitive,1
flax,1
accusation,1
intricate,1
rotation,1
amenable,1
buccinator,1
earlsfort,1
milkjug,1
gravid,1
arclamp,1
sluagh,1
judicial,1
tipstaff,1
sunray,1
firearm,1
fixe,1
waxedup,1
groangrousegurgling,1
palliate,1
aliquot,1
longfelt,1
fiftythree,1
herod,1
smokeplume,1
visibility,1
fasted,1
obstetrician,1
longhand,1
miraculous,1
libici,1
dringadring,1
claimant,1
toerings,1
blossomed,1
scoffing,1
bypath,1
divisor,1
embryo,1
oracled,1
slowmoving,1
dint,1
bumboosers,1
twocolumned,1
gloriam,1
clung,1
farming,1
slapbang,1
lifesize,1
facecloth,1
silberselber,1
monosyllable,1
oliphant,1
batiste,1
delectable,1
senility,1
streel,1
subjoin,1
reticence,1
troilus,1
peepofgold,1
barcarole,1
quailer,1
burgeoning,1
adderly,1
puddeny,1
poun,1
aholt,1
shew,1
mageeglinjohn,1
doz,1
mouthed,1
soared,1
mimosa,1
dimber,1
heed,1
clamart,1
saddleback,1
cornerman,1
tousled,1
lownecks,1
potwalloping,1
envious,1
shoeblack,1
trifling,1
cracker,1
fullfledged,1
lookin,1
impulse,1
frowsy,1
adjusts,1
stillorgan,1
kidnapping,1
trinacria,1
syrupped,1
aster,1
pediment,1
relegated,1
napecomb,1
lyum,1
nonexquisite,1
tibble,1
amortisation,1
woos,1
soak,1
pieter,1
fagend,1
unmaided,1
hai,1
cleaver,1
dado,1
cha,1
shraums,1
shesouls,1
delia,1
twentyfive,1
application,1
basque,1
curtana,1
dreeping,1
bunghole,1
clinker,1
behave,1
juvenal,1
og,1
fresher,1
citybound,1
epiphanius,1
gramercy,1
nobodyd,1
dinky,1
teased,1
hillside,1
stowaway,1
tierod,1
seared,1
courtly,1
manflower,1
disesteemed,1
watchchains,1
pigfoot,1
edw,1
anemic,1
busby,1
atmospherics,1
lionelleopold,1
virus,1
hoy,1
irlande,1
dowland,1
rifletta,1
unpleasantly,1
fondest,1
novelette,1
jehu,1
weedless,1
smoothed,1
luigi,1
cabinet,1
admiringly,1
auley,1
diplomatically,1
historicity,1
organgrinders,1
golloped,1
afeard,1
piglings,1
slogger,1
gatherer,1
oakframe,1
vilest,1
perversely,1
carmine,1
genealogy,1
capered,1
irradiation,1
genevieve,1
mahak,1
awoke,1
smellrump,1
semiluminous,1
hanaper,1
roofpanes,1
banging,1
antifat,1
egli,1
bookcart,1
unladylike,1
waylaid,1
meddles,1
heartstrings,1
pappin,1
sprat,1
xenophon,1
perigord,1
descriptive,1
judged,1
milkoozing,1
slinks,1
leapfrog,1
frowningly,1
epilogue,1
minxi,1
trouserfly,1
atop,1
unchster,1
cardsharping,1
dawdling,1
discovering,1
cooped,1
degradation,1
foxrock,1
hindbar,1
twoblade,1
salesmaster,1
madeleine,1
louth,1
whizzed,1
receivergeneral,1
abound,1
disunion,1
chafed,1
pasteur,1
aphro,1
efface,1
enkindled,1
rosebloom,1
upswelling,1
printingworks,1
fleck,1
actor,1
handier,1
charleville,1
unneth,1
heva,1
ooddleooddle,1
aboard,1
uplift,1
proclaimed,1
rowy,1
wispish,1
mitzvah,1
miguel,1
llandudno,1
heelmarks,1
onus,1
sirenen,1
sprague,1
freer,1
shakespearean,1
barcelona,1
griddlecake,1
organised,1
bountiful,1
dubbed,1
sec,1
frosted,1
lewers,1
undeniably,1
attentive,1
queerest,1
unilluminated,1
caballero,1
hobnobbing,1
matronly,1
calumet,1
misdemeanant,1
carthusian,1
aquamarine,1
rejoiced,1
fellah,1
weda,1
perforce,1
atten,1
charlemagne,1
hydrophobe,1
stiffening,1
eyeblink,1
biscuitfully,1
nourished,1
pry,1
punctated,1
khartoum,1
latere,1
chapbooks,1
entreaty,1
hued,1
debarred,1
bobsy,1
bulbul,1
eventempered,1
bucaneering,1
crispine,1
drawwell,1
vocabulary,1
ode,1
seamorse,1
mollycoddle,1
cormorant,1
frier,1
compensate,1
piercingly,1
enterprise,1
diurnal,1
freak,1
accuracy,1
redskin,1
foretold,1
outbreast,1
turningpoint,1
squealer,1
royce,1
mrkrgnao,1
hurhausdirektorpresident,1
puerperal,1
ines,1
appian,1
cleanlooking,1
tearoom,1
lytton,1
fruition,1
bondwoman,1
noodly,1
coleridge,1
crosstree,1
sunburnt,1
paff,1
haired,1
aprosopia,1
emphasised,1
lecherous,1
ripemeated,1
heavied,1
francy,1
treeless,1
humpty,1
calpornus,1
cassandra,1
rtststr,1
liveried,1
thereon,1
pensums,1
unsteadily,1
rapture,1
guarding,1
lett,1
incontinence,1
liv,1
conquering,1
fourwalker,1
megrim,1
vining,1
bloodflows,1
bedhead,1
blacknailed,1
madcap,1
mailer,1
edom,1
cockerel,1
dummymummy,1
muchinjured,1
trounced,1
elephantgrey,1
neptune,1
loosing,1
coolsoft,1
theresia,1
haggle,1
kraa,1
tinbad,1
dram,1
sweettoned,1
villiers,1
richlooking,1
beaked,1
orrery,1
showeth,1
neckcloth,1
musty,1
sinclair,1
hachure,1
nit,1
plough,1
murrain,1
cowcatcher,1
weeshy,1
southerly,1
embezzlement,1
shoplifting,1
yacht,1
incustomary,1
environing,1
wielding,1
insolency,1
midsummer,1
syllabus,1
potterton,1
dungdevourer,1
lengthens,1
apertly,1
cormack,1
quando,1
chastisement,1
uncontradicted,1
judgers,1
inscrutable,1
begetter,1
ejection,1
multifarnham,1
barndoor,1
postcreation,1
corpsemanure,1
depressing,1
startling,1
trawler,1
rossa,1
finbad,1
cored,1
sunlit,1
tlone,1
constraint,1
smathered,1
vineleaves,1
schschschschschsch,1
carman,1
steadying,1
scrivener,1
expostulated,1
encomium,1
sundam,1
ditchwater,1
yachtingcap,1
quartered,1
affly,1
hammerhurler,1
hortensio,1
goldhaired,1
sewed,1
wrastling,1
awl,1
deprive,1
stabbing,1
promiscuous,1
pailer,1
paintpot,1
goodygood,1
consistent,1
onan,1
indiges,1
quinze,1
ribald,1
comma,1
fruitcake,1
spooncase,1
renown,1
bloomite,1
delagracia,1
greeker,1
buxom,1
acceleration,1
sensibly,1
nutquesting,1
fambly,1
goathide,1
laterally,1
colon,1
peacemaker,1
presently,1
seminis,1
submission,1
clara,1
lawbooks,1
severed,1
hilaric,1
macdermott,1
pander,1
decomposed,1
priapic,1
bettered,1
posing,1
hazeleyes,1
unsunned,1
moulting,1
kennygiggles,1
rufus,1
resigned,1
rhabdomantic,1
jake,1
sleekcombed,1
aungier,1
mouldering,1
sieved,1
allincluding,1
payee,1
attainder,1
splendidly,1
panceltic,1
artilleryman,1
despise,1
simpler,1
unmoving,1
countrybred,1
tentationem,1
drifted,1
influx,1
density,1
inanity,1
manorhamilton,1
churl,1
parboiled,1
halfsilk,1
ripped,1
pompously,1
postulating,1
mishinnah,1
presstable,1
oakley,1
skeweyed,1
tiptoed,1
doherty,1
deglute,1
broadbrim,1
adread,1
booktalk,1
doaty,1
dashing,1
gimcrack,1
obtuse,1
kneelength,1
breezy,1
nyumnyum,1
dispensation,1
voit,1
barleybree,1
dabbing,1
cleanest,1
fitness,1
implanted,1
kaw,1
liptons,1
finny,1
rosebud,1
agus,1
darkvisaged,1
witching,1
eldorado,1
outoffices,1
disgust,1
worldish,1
revengeful,1
diffuses,1
drowsily,1
dresscircle,1
oceanflowing,1
beglamoured,1
blindfold,1
studfee,1
eas,1
provokes,1
periplipomenes,1
whitehatted,1
garnet,1
acidulous,1
jeru,1
unnumbered,1
caolte,1
balejwaw,1
untonsured,1
omaha,1
cit,1
tuber,1
decked,1
disagreeable,1
uncalledfor,1
relatively,1
caw,1
tranquilising,1
shaughraun,1
bootsboy,1
kerchiefed,1
feetstoops,1
sheepdip,1
plaudit,1
cigarettesmoke,1
moyvalley,1
crois,1
powdery,1
dotard,1
fordone,1
harvestmoon,1
hoarsed,1
static,1
sausagepink,1
bellshade,1
paintspeckled,1
madeline,1
brooded,1
snugly,1
snigger,1
jejune,1
hoik,1
jaundiced,1
scavenger,1
houselights,1
renewable,1
husht,1
sciatica,1
exitu,1
reassuraloomtay,1
trundled,1
englyn,1
quaywalls,1
enamour,1
contains,1
sheeses,1
suede,1
benady,1
breadcrumb,1
huntsman,1
manifestation,1
richest,1
frigidity,1
repentantly,1
wellshaped,1
desiderated,1
steadied,1
perspiring,1
considers,1
mazurka,1
bockedy,1
hostel,1
hackneyed,1
streetorgan,1
desiccated,1
swanmeat,1
outspanned,1
guid,1
extensively,1
declaration,1
rooked,1
thumbprint,1
bodyguard,1
synopsis,1
mullaghmast,1
matresfamiliarum,1
ramping,1
timidity,1
hidebound,1
firehose,1
pram,1
townsend,1
coaxingly,1
slidder,1
enoch,1
growler,1
longingly,1
crosslacing,1
laredo,1
lokum,1
vivacious,1
puffpuff,1
antibloomites,1
culprit,1
potstick,1
tother,1
townland,1
struggler,1
lucas,1
everwelcome,1
ivers,1
figne,1
immoral,1
strangles,1
epigastric,1
propounded,1
elizabethan,1
diversion,1
fallow,1
beryl,1
warehouseman,1
bethel,1
dockleaves,1
deathtalk,1
adelphi,1
universally,1
prejudice,1
pimping,1
pinhold,1
trainband,1
chargesheets,1
outofitnow,1
clapclopclap,1
squatting,1
olivepress,1
quidnunc,1
orchestra,1
rerepeated,1
teetee,1
incandescent,1
swaddler,1
heremon,1
hik,1
roba,1
postmortemity,1
kickshaw,1
coronal,1
davis,1
grandee,1
wedge,1
soliciting,1
pierrepaul,1
williamite,1
gregor,1
patio,1
huffed,1
aer,1
alighieri,1
stun,1
bomb,1
downcoming,1
lathering,1
shuttlecock,1
cohens,1
beerchops,1
parlous,1
compo,1
chinaware,1
inoculated,1
pounded,1
feathery,1
infirmarian,1
callipyge,1
cabbagestumps,1
atlas,1
obscene,1
oaken,1
unaccountable,1
unexploited,1
snottynosed,1
auspex,1
aimlessly,1
accommodatingly,1
embezzling,1
shalal,1
plexus,1
semblables,1
bewail,1
vesta,1
tarnation,1
amant,1
abramovitz,1
castletown,1
basiliskeyed,1
grange,1
shewbread,1
shoon,1
preponderance,1
omitting,1
warranted,1
comebig,1
chromolithographic,1
shalt,1
unsound,1
watercourse,1
outlolling,1
strewing,1
vega,1
pilldoctor,1
basketchair,1
ruled,1
blender,1
gargoyle,1
drooped,1
variability,1
sejunct,1
montmartre,1
narrowing,1
peaceable,1
paree,1
yawp,1
smouldered,1
abe,1
eeeee,1
kriegfried,1
lustiness,1
beautifulinsadness,1
cogitated,1
sensibility,1
coalscuttle,1
myrtle,1
slipshod,1
fulldrawn,1
tattooed,1
sevenfigure,1
panargyros,1
forbear,1
convince,1
pampooties,1
pickaxe,1
labelled,1
observes,1
latrine,1
noserags,1
shockmaned,1
arbutus,1
scumspittle,1
premonition,1
una,1
paraffin,1
priestified,1
softcreakfooted,1
rowboat,1
jobber,1
alcibiades,1
afterwits,1
sterlink,1
blackthumbed,1
trippant,1
hidingplace,1
strive,1
lamplight,1
messengerboy,1
arabesquing,1
sixchamber,1
uncoils,1
gammer,1
dure,1
eightfour,1
demonstration,1
louy,1
galoptious,1
brittany,1
niggerlips,1
novice,1
vult,1
whatll,1
seduce,1
cellarflap,1
aphrodite,1
greedily,1
superciliously,1
mongolian,1
chiseller,1
demeter,1
slows,1
infantilic,1
carrotty,1
occurs,1
bassooned,1
whitbred,1
coddoubled,1
travail,1
punctilio,1
desists,1
spoonfed,1
swineheaded,1
tester,1
quorum,1
demimondaine,1
heelclacking,1
pshent,1
kippered,1
malingering,1
mighthavebeen,1
haha,1
submersion,1
thirsted,1
goodwins,1
screwing,1
gelindo,1
aram,1
irresolute,1
jeunesse,1
belike,1
matriculation,1
widely,1
carnivore,1
sartin,1
stilthops,1
shinar,1
langtry,1
agreeably,1
sunnygolden,1
anointed,1
leugarde,1
dabbled,1
uterine,1
sacrificing,1
widemouthed,1
twine,1
shesoul,1
shackled,1
appliance,1
compactness,1
babyclothes,1
ecstatically,1
populo,1
longshoreman,1
cooky,1
pooly,1
plaguegraves,1
boyconnell,1
ss,1
vespertinal,1
mossy,1
yellowly,1
dearg,1
wardance,1
lacustrine,1
squabbling,1
stolid,1
precision,1
centralised,1
poky,1
athirst,1
flay,1
hoopla,1
bespoke,1
manna,1
windraw,1
boating,1
waterlover,1
lunita,1
paradigm,1
blacked,1
bung,1
beautifying,1
tearlessly,1
heaping,1
wom,1
virgo,1
jinbad,1
undermines,1
tipup,1
inagh,1
nectarous,1
explos,1
woodwork,1
occultation,1
mantrap,1
harman,1
ooos,1
perceptive,1
hearsedrivers,1
whenceness,1
navan,1
fatto,1
crosstempered,1
drizzling,1
allround,1
spearpoint,1
sinai,1
thornley,1
slowsyrupy,1
overcame,1
cataractic,1
silkdames,1
pseudonym,1
dime,1
bandy,1
marcella,1
operaglasses,1
selfcovered,1
hashbaz,1
scurrilous,1
oldly,1
reproving,1
barleystraw,1
loneliest,1
soapsun,1
medlar,1
corrugated,1
keyess,1
democratic,1
duchesse,1
mantailored,1
decamping,1
granddaddy,1
orangepeels,1
occupies,1
wellcut,1
caulfield,1
circumnavigated,1
yodel,1
herschel,1
jugular,1
giovine,1
osculation,1
mower,1
changeable,1
privately,1
thurifer,1
silksocked,1
rakish,1
injustice,1
monarch,1
sugarbin,1
trilingual,1
ringaring,1
mirada,1
toxicum,1
frightens,1
odoriferous,1
threemasted,1
laggard,1
postexilic,1
paven,1
raddy,1
peevish,1
raymonde,1
dring,1
soapsuddy,1
fingal,1
werburgh,1
frustration,1
pityingly,1
manola,1
quiverful,1
couchant,1
trinketed,1
trental,1
osmond,1
magnetising,1
geary,1
fatness,1
eljen,1
misbelieving,1
palliative,1
untimely,1
ballymun,1
nonexistence,1
johann,1
racking,1
mackey,1
proboscidal,1
nurseryman,1
looping,1
worldfamous,1
septuagint,1
grievous,1
dorans,1
irreparable,1
prattled,1
acquittal,1
necessarium,1
lumbago,1
brassplate,1
subtracted,1
tunket,1
shapeless,1
smilesmirked,1
hurtling,1
widewinged,1
wame,1
charenton,1
bowery,1
sixpenceworth,1
rof,1
corollary,1
cadges,1
preformed,1
twict,1
singed,1
phiz,1
gasteropod,1
pinchbeck,1
adulterated,1
shilly,1
handtufted,1
totting,1
collie,1
lampset,1
dullgarbed,1
smock,1
legibility,1
bloodred,1
culo,1
besteglinton,1
sop,1
bateman,1
recreant,1
icecap,1
demirep,1
economising,1
scrapy,1
proboer,1
warpaint,1
litmus,1
newbarbered,1
wheresoever,1
reside,1
mrkgnao,1
rgt,1
review,1
peacock,1
turreting,1
baird,1
bemoiled,1
rugheaded,1
journalic,1
eatinghouse,1
sublimate,1
manipulated,1
bituminous,1
antelucan,1
emptied,1
hydrocephalic,1
lollard,1
ticed,1
gutted,1
buoyancy,1
hirsute,1
undiminished,1
dependence,1
ultan,1
gaspipe,1
oldfashioned,1
durance,1
greybearded,1
seldomseen,1
proclaiming,1
raincloak,1
heredity,1
dislove,1
swinking,1
quire,1
intuitive,1
implerentur,1
bellicosus,1
categorical,1
ruddyfaced,1
polygonal,1
harbourmouth,1
recovery,1
pursepoke,1
trencherman,1
haytedder,1
seconded,1
sevenmonths,1
beseeming,1
cadogan,1
scowling,1
pallbearer,1
bellhanger,1
rochfort,1
corsetlover,1
knockkneed,1
bonedry,1
walpole,1
unquiet,1
guttersnipe,1
recrudescent,1
crispation,1
grownup,1
redpanting,1
blumenduft,1
antimacassar,1
vulva,1
desklamp,1
peatsmoke,1
inexistence,1
niche,1
circumterrestrial,1
allhorse,1
wormfingers,1
satchelled,1
gummed,1
seasoning,1
ephod,1
envied,1
uranian,1
darkgreener,1
cynical,1
buckmulligan,1
sabretaches,1
galloway,1
budgy,1
salivation,1
wavewhite,1
unlikelihood,1
chubb,1
harbourmasters,1
conduce,1
lessen,1
inodorous,1
ballast,1
gorsespine,1
heaviness,1
inflexible,1
doublebasses,1
longwool,1
culotte,1
conflagration,1
pronunciati,1
potentate,1
mammary,1
jovially,1
tallhatted,1
fanaticism,1
acumen,1
hyperborean,1
jacko,1
pantalette,1
mischievously,1
borris,1
houseflag,1
borrows,1
thunderation,1
sisterly,1
deciphered,1
aitcha,1
carroll,1
domus,1
diddleiddle,1
handker,1
prude,1
bonnyclaber,1
raindrop,1
shipworm,1
gobbler,1
gyved,1
rectas,1
retraversing,1
fingall,1
accep,1
bestia,1
whitman,1
iridescent,1
wampum,1
harelip,1
rabbitpie,1
ozone,1
straightways,1
outtohelloutofthat,1
sinope,1
enarrant,1
blear,1
halfmoon,1
donal,1
telescopic,1
excites,1
wilding,1
jaunt,1
fellowthatsolike,1
hipshot,1
bubbled,1
oddly,1
hellprate,1
confectioner,1
hopk,1
misappropriation,1
culdees,1
quoted,1
cootehill,1
misconducting,1
trunkhose,1
intimately,1
remonstrated,1
ventry,1
lovewords,1
dion,1
pettycash,1
debouching,1
avuto,1
havoc,1
woodbine,1
coocoo,1
impetus,1
reserving,1
tnetopinmo,1
jutting,1
balbriggan,1
focussing,1
exaltation,1
kensington,1
basso,1
distrusting,1
hornrimmed,1
crimsoned,1
noteworthy,1
singled,1
suet,1
bluerobed,1
tying,1
glasstopped,1
masseur,1
correspond,1
placentation,1
militia,1
dale,1
complementary,1
fieldlark,1
cozening,1
gasflame,1
londonderry,1
rebus,1
vee,1
galtees,1
fungus,1
fantasy,1
invece,1
ascribed,1
orchidised,1
tuition,1
desiring,1
voting,1
triumphaliter,1
telegraphic,1
rutilance,1
eeee,1
uttered,1
quopped,1
seedbags,1
unaltered,1
contradicting,1
strongroom,1
nuzzling,1
booksatchel,1
brainsick,1
manuscript,1
arrises,1
shoneens,1
grandly,1
freedom,1
merge,1
lassie,1
lusted,1
shrub,1
lizardlettered,1
parlar,1
unobserved,1
blazure,1
palefaced,1
brownsocked,1
compatriot,1
countrybound,1
fowlingpiece,1
argue,1
britishborn,1
iamb,1
terribility,1
aitch,1
lolls,1
cromlech,1
farnaby,1
riviera,1
sloven,1
mem,1
shee,1
bestiality,1
purgefire,1
obstructing,1
shaping,1
petered,1
dogsniff,1
sugared,1
puked,1
chitterling,1
featureless,1
cellarage,1
dryingline,1
mullioned,1
hart,1
finespun,1
yahoo,1
homily,1
distrained,1
derbyshire,1
footed,1
uncondensed,1
cynically,1
giglot,1
welltailored,1
lintstock,1
silkwebs,1
aunty,1
inducing,1
karamelopulos,1
rouletted,1
dedicated,1
scholarment,1
exclaiming,1
phonetically,1
creepystools,1
noded,1
comestible,1
bestquoted,1
sooty,1
zingari,1
theorising,1
hinderparts,1
embalming,1
restores,1
halberdier,1
frere,1
rives,1
pettishly,1
hanukah,1
buoyant,1
satellitic,1
watchtower,1
maledictive,1
graize,1
longford,1
selfweighing,1
mortified,1
scourger,1
carper,1
swanmews,1
selfinflicted,1
celestials,1
lismore,1
astounding,1
goutte,1
spike,1
doldy,1
treatystone,1
gautier,1
pussful,1
lavery,1
boyson,1
twentysecond,1
titillating,1
lolloped,1
rosette,1
trombone,1
sheathmail,1
toothed,1
fecundation,1
montague,1
chimneypot,1
dorothy,1
brill,1
heavyweight,1
holly,1
wroth,1
rrrrrrrsss,1
mizraim,1
suetfaced,1
featherskins,1
maimy,1
doggone,1
poppysyrup,1
eightyseven,1
hencods,1
cockahoop,1
jinks,1
sacral,1
artcolours,1
keown,1
goooooooooood,1
dubiosity,1
reinforced,1
downturning,1
sagegreen,1
helterskelterpelterwelter,1
operatop,1
sprinkle,1
cockalorum,1
noor,1
bruin,1
bludgeon,1
rinbad,1
whined,1
estrellados,1
bleared,1
karoly,1
yodled,1
tangible,1
silkette,1
sorra,1
implicit,1
selfpretence,1
admirably,1
natality,1
bordel,1
riser,1
torpor,1
playwright,1
seacold,1
contractee,1
halma,1
betaken,1
dyspepsia,1
unreadiness,1
misprint,1
conglomeration,1
storesheep,1
absorb,1
pastor,1
queerlooking,1
blackedged,1
girder,1
whitelivered,1
mudsplashed,1
fourbottle,1
seacook,1
convenience,1
manfully,1
rouging,1
steamship,1
birdcage,1
projection,1
loftier,1
manningham,1
contra,1
casino,1
waterbury,1
stagedoor,1
snakespiral,1
evly,1
resented,1
sandblind,1
ostiarii,1
unclamping,1
untaught,1
generic,1
fastened,1
mercilessly,1
hairgrowth,1
benson,1
paled,1
deathlair,1
shamefaced,1
antoinette,1
hullaballoo,1
calisthenics,1
cycleshop,1
mixedup,1
hydrophobia,1
updraught,1
rheum,1
preexisting,1
perambulator,1
lasher,1
proscription,1
seventyfive,1
amour,1
tighe,1
broom,1
forthbringing,1
coexreligionist,1
italia,1
autem,1
pasteboard,1
stateaided,1
reriddled,1
juridical,1
cruse,1
pold,1
sackpossets,1
darkening,1
selfsupporting,1
wriggled,1
wayside,1
morganatic,1
crashing,1
magrane,1
aquin,1
garbage,1
lacefringe,1
pyjaum,1
milesius,1
hermes,1
gallivanting,1
streamed,1
unconquered,1
tumultuary,1
morecambe,1
mitchell,1
todos,1
gabbling,1
middleaged,1
joylessly,1
retaliation,1
footless,1
knowall,1
pigeonhole,1
thoughtest,1
popo,1
swaddling,1
equipping,1
binomial,1
potherb,1
eructation,1
massor,1
widowhood,1
damascened,1
somnolence,1
gombeenwoman,1
hermetists,1
almosting,1
noblewoman,1
scowled,1
buttocksmothered,1
huit,1
purr,1
epipsychidion,1
cadging,1
hoofirons,1
beechleaf,1
repayable,1
alevats,1
ringworm,1
restraining,1
fishslicers,1
droma,1
learnt,1
calculate,1
broo,1
caparisoned,1
salesman,1
navelcords,1
prickle,1
widespread,1
philippic,1
christina,1
purdon,1
aphelion,1
galling,1
moonwards,1
squab,1
yanked,1
uncertainty,1
sodabread,1
lassitude,1
mouthorgan,1
fornicating,1
viand,1
yak,1
heatwave,1
lyrist,1
inniskillings,1
incontinently,1
auspicated,1
towhorse,1
reaccepted,1
calced,1
shillyshallyers,1
consignment,1
dastard,1
palestrina,1
furnishing,1
porcelain,1
bawways,1
calcata,1
abstrusiosities,1
howbeit,1
hogwash,1
augustus,1
seduced,1
phthisical,1
placard,1
plumeyes,1
ivytod,1
russia,1
eschewing,1
trente,1
porkshop,1
wednesday,1
sidled,1
marchpane,1
postagestamps,1
residential,1
saba,1
padlock,1
maledicity,1
postnuptial,1
shira,1
cloacamaker,1
budgers,1
whiteeyed,1
funkyish,1
thummim,1
parried,1
bestial,1
eht,1
coronado,1
doggybowwowsywowsy,1
bombast,1
troth,1
ghaghahest,1
chelaship,1
pointsman,1
unaffectedly,1
benoith,1
mandolines,1
lavished,1
surcharge,1
nullify,1
billiardmarking,1
halffed,1
arisen,1
ama,1
glorified,1
meila,1
deceive,1
daisychain,1
letterpress,1
kissy,1
blossomtime,1
inscribed,1
chopine,1
ferreol,1
flowerbed,1
demonstrative,1
airbladders,1
epicene,1
nookshotten,1
connoro,1
capt,1
shiftstraps,1
sealingwax,1
paroxysm,1
fiddlestrings,1
deadwood,1
repentant,1
hounded,1
trik,1
procreating,1
jerking,1
seventyyear,1
gunboat,1
nightblue,1
variably,1
axminster,1
vicereine,1
polloi,1
unfettered,1
disparity,1
manufacturing,1
transept,1
peccato,1
rottenness,1
pestilential,1
botheration,1
hammerfall,1
plotting,1
bagstrousers,1
engross,1
saddened,1
augurative,1
nativity,1
seasnakes,1
midpoint,1
revers,1
hosanna,1
grapses,1
aran,1
twere,1
biliary,1
imperiously,1
istria,1
carboned,1
ratsteeth,1
nightclouds,1
chorusgirl,1
farraginous,1
avow,1
macdonogh,1
handrail,1
bibulous,1
skullneck,1
broadsheet,1
obeyed,1
bearbaiters,1
neath,1
pestle,1
maguires,1
mayoress,1
hindustanish,1
faithfultheman,1
profusely,1
overweening,1
boomerang,1
unwrinkled,1
spectacled,1
seddon,1
disunited,1
cranium,1
wigged,1
riceslop,1
presupposed,1
sanctificantur,1
dejected,1
backstairs,1
hindhead,1
hardhumped,1
punctually,1
bonded,1
obligingness,1
azazel,1
hover,1
devoir,1
arval,1
ornamented,1
touchy,1
serpenting,1
foodlift,1
hutched,1
trumplee,1
forcible,1
paragon,1
emmanuel,1
gravesores,1
ebb,1
reputation,1
windscreen,1
conjugials,1
halfseasover,1
townlands,1
ringroundabout,1
witchery,1
clipclaps,1
plashing,1
butty,1
obligated,1
rilling,1
weeshwashtkissinapooisthnapoohuck,1
shrewridden,1
anticipatorily,1
coughball,1
tremour,1
clashed,1
catchment,1
sweelinck,1
wrack,1
bloowhose,1
overtaking,1
aired,1
maintenance,1
ultonian,1
reapproached,1
selfish,1
wil,1
berenice,1
vary,1
politician,1
dittoh,1
newbaked,1
louisa,1
cymbeline,1
moaned,1
rolledup,1
stopper,1
nevil,1
muratti,1
bisexually,1
junejulyaugseptember,1
evans,1
circuitous,1
clenched,1
gratingly,1
besetting,1
glasscase,1
sentenced,1
differentiating,1
decimating,1
coldness,1
duenna,1
cargo,1
misericord,1
smellsipped,1
vilaplana,1
reclaimed,1
yellowgreen,1
declaimed,1
hied,1
lambes,1
cubic,1
disobey,1
usus,1
aggrandising,1
rammed,1
coursing,1
averts,1
voce,1
goo,1
sew,1
arabella,1
terminate,1
ickylickysticky,1
laburnum,1
hentrusion,1
cuckquean,1
euchred,1
dewily,1
pif,1
gym,1
nettle,1
nasally,1
finicking,1
subjoined,1
neckarching,1
hhhhm,1
descent,1
graveplot,1
synagogical,1
peccadillo,1
sweetlike,1
subadjacent,1
fane,1
mucosities,1
mirrored,1
zone,1
burrowing,1
mich,1
galoot,1
mimic,1
avait,1
foregoing,1
solidity,1
capriciously,1
goldseam,1
lunged,1
fireraiser,1
patiens,1
assiduous,1
hippodrome,1
uncommented,1
indigoblue,1
attain,1
mildhearted,1
morality,1
tritely,1
grig,1
conceiving,1
watershed,1
hygienic,1
polygamy,1
crytears,1
whirling,1
levant,1
eugenic,1
greenroom,1
prius,1
riverbank,1
baywindow,1
bo,1
cistercian,1
theeee,1
comprehensive,1
coquette,1
goner,1
pinny,1
congenial,1
sancti,1
tick,1
misconception,1
hydrochlor,1
scutter,1
col,1
wap,1
sdegno,1
mitten,1
wellread,1
woolgathering,1
refutes,1
warned,1
tapster,1
ranelagh,1
loathing,1
jno,1
weepest,1
shapland,1
rosegardens,1
assaulted,1
halfclosed,1
rearadmirals,1
hoving,1
illstarred,1
ladyship,1
typesheets,1
perfumesprayed,1
rossnaree,1
gort,1
rookshooting,1
buttonless,1
moomb,1
epithalame,1
pedagogic,1
paisley,1
bathslippers,1
blending,1
thousandth,1
rancid,1
ineffectual,1
privacy,1
winejug,1
bluntungulated,1
seagems,1
creamery,1
dubosc,1
redress,1
bowieknife,1
hokypoky,1
digidi,1
therell,1
bronzelid,1
threateningly,1
venereal,1
smallsized,1
farreaching,1
forcemeat,1
cleverest,1
barebum,1
metallic,1
schiffe,1
curchycurchy,1
dunams,1
jackdaw,1
herbert,1
houseboat,1
tantalising,1
humiliation,1
deceived,1
bitterer,1
gaberdine,1
bartle,1
overgrown,1
bespeaks,1
scaling,1
cronion,1
crimsoning,1
genuflecting,1
joyed,1
gear,1
cly,1
wetbob,1
confer,1
icily,1
arruginated,1
nauseous,1
simonlionel,1
seascape,1
lascivas,1
unholy,1
bumptiousness,1
chanceable,1
ramsbottom,1
scoffingly,1
vool,1
tooled,1
boyes,1
maw,1
invests,1
lancecorporal,1
roschaschana,1
heelless,1
morgan,1
embraided,1
mah,1
shrine,1
grimy,1
discretion,1
swimmingly,1
pelted,1
moutpat,1
bullseye,1
choler,1
stouter,1
dropsy,1
lacklustre,1
troglodyte,1
beaker,1
bracket,1
wolfeyes,1
garth,1
guardhouse,1
jackpriests,1
shyly,1
druggist,1
scullion,1
beamy,1
stonewall,1
workhouse,1
newness,1
sherbet,1
banba,1
transform,1
cyr,1
prominence,1
whitegloved,1
unmannerly,1
ported,1
dico,1
binocular,1
housebells,1
rien,1
brehons,1
fortyfive,1
bide,1
jamjar,1
darkmans,1
raven,1
catched,1
scarborough,1
whitworth,1
italianos,1
kyries,1
diplodocus,1
phonetic,1
meadero,1
twopenny,1
cretic,1
evensong,1
saleshop,1
affirmative,1
spontaneous,1
swire,1
dominical,1
cautious,1
imprecisely,1
trollop,1
jaundice,1
notts,1
clucking,1
counterflap,1
luxuriant,1
dishclout,1
minette,1
dwarfmen,1
ternoon,1
groundswells,1
discernment,1
turlehide,1
protrudes,1
crossfire,1
overflow,1
gelong,1
ingoing,1
bopeep,1
embattled,1
feverpits,1
buttonhooking,1
flux,1
noseless,1
faunal,1
despagne,1
queerities,1
abstractedly,1
broadshouldered,1
shirtcuffs,1
parturient,1
guzzling,1
bilks,1
whiteflattened,1
shipahoy,1
knockmedown,1
breadth,1
liplapping,1
holmes,1
bispherical,1
inquisitively,1
stinkpot,1
handigrips,1
horryvar,1
flitters,1
hugecloaked,1
cynosure,1
leaper,1
gallus,1
preclude,1
lotty,1
dil,1
fairway,1
dealt,1
frantic,1
borealis,1
bossed,1
unusually,1
citronlemon,1
dorador,1
whereupon,1
manifestly,1
readymade,1
strongmembered,1
constipation,1
poisoning,1
blingee,1
bewley,1
suspiration,1
problematic,1
lachrymal,1
upwardcurving,1
teen,1
spanking,1
luteofulvous,1
caskhoop,1
shunted,1
dinbad,1
blackspectacled,1
tuorum,1
inverse,1
servest,1
borneo,1
ville,1
weggebobbles,1
alienated,1
truant,1
yellowed,1
revenue,1
kallipyge,1
hohohohohome,1
contaminate,1
heroic,1
sguardo,1
moated,1
tolerant,1
windandwatery,1
slobber,1
tallowy,1
fullbellied,1
philosophaster,1
showy,1
boatpole,1
cockspurred,1
groundsman,1
amalgamation,1
jo,1
alexandria,1
privily,1
talc,1
concentrate,1
threat,1
tipster,1
chaffering,1
tophet,1
feasted,1
puttee,1
hanna,1
thorntree,1
swingswong,1
affluence,1
ploughshare,1
bodice,1
hampered,1
killchild,1
fetching,1
cits,1
melodiously,1
vase,1
seadeath,1
ruthful,1
toupee,1
caucus,1
loveful,1
pardonable,1
groyne,1
salvage,1
dedalo,1
bastile,1
leadpaper,1
crupper,1
cripple,1
masquerading,1
toured,1
spinal,1
turnkey,1
paranoic,1
hurl,1
judashand,1
semiflexed,1
accretion,1
thermal,1
backslapping,1
weaned,1
beare,1
fivebarred,1
hake,1
lush,1
goosegog,1
roundwood,1
sidedoor,1
sunnywinking,1
kraandl,1
templar,1
joyously,1
duskfall,1
misdemeanour,1
ardilaun,1
dewey,1
leith,1
provoke,1
slicked,1
precociously,1
stomacher,1
uz,1
uncloaks,1
hambones,1
eggsniping,1
meam,1
intense,1
wrinkling,1
squalling,1
epaulette,1
goldtooled,1
ablation,1
hugeness,1
landward,1
mountcashel,1
eclecticon,1
kaleidoscope,1
birdseye,1
moulding,1
implication,1
faroff,1
fauntleroy,1
suspendit,1
ruggy,1
nettled,1
zoological,1
coffinships,1
della,1
waken,1
forbid,1
exactitude,1
fruitarians,1
lonechill,1
tabinet,1
tacked,1
alumno,1
distracting,1
oversoul,1
hebdomadary,1
vocalist,1
scuttled,1
rapparee,1
excogitate,1
bootless,1
hismy,1
conan,1
maudlin,1
throttled,1
colonial,1
bating,1
extravagantly,1
hesouls,1
goosefat,1
clohissey,1
sanctum,1
wilkie,1
ind,1
ooeeehah,1
muzzling,1
hastings,1
fixing,1
lambkin,1
heavenward,1
failte,1
locomotor,1
golfer,1
illgirt,1
chopstick,1
effendi,1
bonaparte,1
favouring,1
manless,1
demoralising,1
geological,1
apt,1
huddled,1
missive,1
sabre,1
crossbuns,1
linking,1
cachou,1
cog,1
ableeding,1
confronted,1
flotsam,1
creepycrawl,1
delucidate,1
leath,1
initiation,1
unbuttoning,1
bellying,1
recession,1
southampton,1
trellis,1
reentered,1
allegation,1
jawbo,1
meatfaced,1
quadrangle,1
smoothsliding,1
porkbutchers,1
poisoner,1
consecutively,1
intelligently,1
rawly,1
strasburg,1
ignorancy,1
aniseed,1
ropenoose,1
raillery,1
pickmeup,1
firmament,1
billhook,1
paradisiacal,1
blessedness,1
sleuthhound,1
apologise,1
radiated,1
availing,1
sociable,1
infirmary,1
acquiesced,1
flagger,1
lively,1
bedwarmed,1
drugged,1
matriculated,1
fennygreek,1
bollopedoom,1
scarfpin,1
wingshoulders,1
debater,1
dishscrubbers,1
fistic,1
mafeking,1
rubbishtip,1
mulberrycoloured,1
fratricidal,1
cuprani,1
staylewit,1
magnanimity,1
domineering,1
flannelette,1
blemblem,1
hundredheaded,1
obdurately,1
withdraw,1
prostituted,1
clave,1
bisley,1
parturition,1
gomorrah,1
scooped,1
inyah,1
trench,1
papish,1
artesian,1
barked,1
ego,1
coiffeuse,1
youkstetter,1
dessert,1
minaret,1
unnarrated,1
lowlying,1
westend,1
unfledged,1
scolding,1
matinee,1
retta,1
tinderbox,1
hie,1
glendalough,1
influenced,1
preternatural,1
whatten,1
constitutional,1
concupiscimus,1
collapsible,1
ponytraps,1
sarebbe,1
shakedown,1
brook,1
veribest,1
spittoon,1
crookbacked,1
dangerouslooking,1
highspliced,1
deserve,1
glaucous,1
treestems,1
isosceles,1
solidungular,1
efficaciously,1
transitive,1
mayer,1
pontius,1
lawksamercy,1
buckley,1
amicitia,1
singlepane,1
fagbutt,1
aegospotami,1
bringforth,1
canis,1
presentable,1
hawthorne,1
enchantment,1
ghouleaten,1
leet,1
hockeysticks,1
liberator,1
brighter,1
moat,1
noodle,1
chapwithawen,1
ruling,1
giantantlered,1
pintpots,1
superpolitely,1
jaspberry,1
debouched,1
subtlest,1
opportunely,1
cuffedge,1
advocating,1
teartap,1
unexplored,1
livermore,1
cordiale,1
maleficent,1
duggan,1
toyable,1
talkative,1
equivocal,1
paperhoop,1
rivetted,1
flushing,1
wibbly,1
reproduction,1
aweel,1
enjoyer,1
wyndham,1
nichols,1
austro,1
wellset,1
baboon,1
wud,1
brandes,1
unlocked,1
plabbery,1
wimble,1
typescript,1
winecoloured,1
astounded,1
carelessness,1
quebec,1
womoonless,1
palely,1
nie,1
demagogue,1
barging,1
morphy,1
kipkeeper,1
chevalier,1
foreland,1
meacock,1
rollingpins,1
veux,1
accompanist,1
expounded,1
tramped,1
ennel,1
anthropoid,1
nonpareil,1
selfadministered,1
interchanging,1
via,1
aroon,1
dolorous,1
villainy,1
lovesome,1
rrrpr,1
amassed,1
bookloving,1
circumcision,1
circumlocution,1
scour,1
backgate,1
glutear,1
spearspikes,1
dims,1
openwork,1
brandished,1
insolence,1
tithefarmer,1
teetotum,1
greedy,1
mirthful,1
awast,1
cabletow,1
reappears,1
closestools,1
kyrios,1
basketcar,1
culpa,1
bullswords,1
ardently,1
filter,1
pearson,1
smokingcap,1
indecent,1
sunwarm,1
forsooth,1
eskimo,1
ahome,1
flaunting,1
hmmm,1
omitted,1
drowns,1
shandygaff,1
longindying,1
unliving,1
shaggybearded,1
gassy,1
scurvy,1
podmore,1
bludso,1
vehicular,1
sidearms,1
trinkst,1
sandglass,1
relinquishing,1
tun,1
macarthur,1
brutus,1
rosily,1
resonantly,1
angerly,1
camiknickers,1
doyles,1
sappyhead,1
sixpenny,1
fallback,1
developing,1
splayfoot,1
esant,1
harpooning,1
lockup,1
sawest,1
hancock,1
flockmasters,1
rippled,1
fisher,1
polychrome,1
footsoles,1
beekeeper,1
whinge,1
shuddering,1
hindpaws,1
bode,1
osiris,1
elephantuliasis,1
roteatingly,1
lasted,1
sedge,1
veg,1
mechanic,1
retires,1
hegoat,1
contradicts,1
morbidminded,1
welterweight,1
abscission,1
baulk,1
intercede,1
hauding,1
tantalus,1
liveliest,1
flattening,1
merging,1
swoony,1
streetwalking,1
cursory,1
spurred,1
dinnerparty,1
coz,1
connect,1
flabby,1
mavourneen,1
reprove,1
annesley,1
newpowdered,1
laneway,1
securing,1
temporal,1
dell,1
brightdayler,1
barb,1
solfa,1
meretricious,1
carapace,1
deploy,1
enteric,1
granddaughter,1
agnostic,1
belial,1
waterlilies,1
laqueo,1
crinoline,1
finucane,1
tyke,1
oaten,1
rarefied,1
maturing,1
stillflowing,1
lucrece,1
forepassed,1
delving,1
beaumont,1
inscrutability,1
reposeful,1
baldness,1
lir,1
tuckin,1
creamlaid,1
undergarment,1
siete,1
pikestaff,1
maturation,1
tinny,1
brenningly,1
coventry,1
twirled,1
nettight,1
baruch,1
mersey,1
servasius,1
fie,1
claspknife,1
chirruped,1
nist,1
rabbitry,1
juliet,1
sweetness,1
ruder,1
undoubted,1
expressible,1
extraracial,1
watchpocket,1
combination,1
taptun,1
spanned,1
carver,1
garths,1
established,1
irradiate,1
uncobbled,1
worshipping,1
whodoyoucallhim,1
rossies,1
aliquid,1
plumply,1
botch,1
wagged,1
quasimonosyllabic,1
convalescent,1
piannyer,1
muriatic,1
bigdrumming,1
lawrence,1
gregory,1
institute,1
geisha,1
hyperphrygian,1
eius,1
socialiste,1
hatter,1
vibrating,1
jigajiga,1
tammy,1
comfortress,1
cree,1
genuflected,1
sawbones,1
withdrawing,1
hereof,1
hother,1
sallow,1
derogatory,1
guesswork,1
plumbing,1
hardon,1
verrier,1
roseate,1
deviating,1
oth,1
deadhouse,1
britannia,1
rogers,1
misbegotten,1
houseful,1
glycera,1
celebrates,1
nemasperms,1
darky,1
pillared,1
balked,1
keg,1
unturned,1
gramme,1
eppss,1
sneeringly,1
strangest,1
bason,1
kells,1
sundry,1
eggflip,1
turpitude,1
pacific,1
undulating,1
gobbled,1
goerz,1
raining,1
melonous,1
mayoralty,1
ataxy,1
blackguardism,1
stoneheaps,1
cappoquin,1
irk,1
ellipse,1
fingertame,1
fifenotes,1
pigsticky,1
contemplated,1
repelled,1
roulette,1
septentrional,1
medicinebottle,1
abstracted,1
bathroom,1
monypeny,1
insular,1
centigrade,1
gossoon,1
superfine,1
reckless,1
gaud,1
toga,1
incessantly,1
revueltas,1
slabbed,1
exactable,1
devastation,1
unwed,1
pokethankertscheff,1
frolic,1
laceflare,1
aureoling,1
lionmaned,1
growney,1
buena,1
whisht,1
cycling,1
maninthestreet,1
rearranged,1
alicui,1
dienen,1
moondrawn,1
contrarious,1
caruso,1
ptarmigan,1
milkman,1
soaped,1
maaaaaa,1
goldrimmed,1
sully,1
uncork,1
pudendal,1
purity,1
flout,1
vibrates,1
diverting,1
drap,1
deathscene,1
bullnose,1
caoutchouc,1
queste,1
adoration,1
whereto,1
maintain,1
pooles,1
uneager,1
assuralooms,1
ffoo,1
gatebell,1
mesial,1
culpepper,1
huntress,1
distribute,1
corroborated,1
ttob,1
bathtub,1
illuminating,1
barebones,1
southing,1
inkbottle,1
liquorice,1
tealess,1
welch,1
ak,1
littered,1
embarrassed,1
abstainer,1
truedup,1
basaltic,1
vinegadding,1
lighthearted,1
globular,1
hygrographic,1
jippert,1
bagnio,1
beest,1
ghostcandled,1
crackingly,1
flecked,1
monkeyhouse,1
daring,1
harnessed,1
afterclang,1
lynchehaun,1
biennial,1
goatfell,1
pallas,1
directress,1
haft,1
reaching,1
sepoys,1
cavil,1
hilarity,1
strumming,1
composer,1
trampellers,1
lawdeedaw,1
noir,1
footbath,1
astronomer,1
hydrostatic,1
quadruped,1
ryehigh,1
codology,1
knickerbockers,1
regatta,1
senhor,1
aflame,1
outwards,1
scortatory,1
intercessory,1
dever,1
nonluminous,1
filibustering,1
bloodmaking,1
cornet,1
rumoured,1
frusquin,1
jaysus,1
shipchandler,1
counterretort,1
boatclub,1
abovementioned,1
immobilised,1
spindlelegs,1
hurling,1
epilepsy,1
claire,1
translocated,1
chastity,1
abraded,1
bungiveagh,1
verlachst,1
cubilibus,1
veneral,1
umpteen,1
amounting,1
saddest,1
foresaw,1
concession,1
supplanter,1
whaler,1
copiously,1
threecornered,1
passe,1
illusory,1
nab,1
perpetrator,1
medicineman,1
manhandle,1
greenish,1
whrrwhee,1
signifies,1
housedoor,1
sedately,1
rehearsed,1
permanently,1
barrenness,1
brandyshipper,1
footplate,1
treadmill,1
jigtime,1
lin,1
stormtossed,1
alphabetical,1
prophetical,1
wirst,1
throve,1
rectum,1
deteriorated,1
koch,1
pouting,1
stuttering,1
disparage,1
baggot,1
politic,1
foreigns,1
reascended,1
chawbacon,1
vegetative,1
stargroup,1
diadem,1
consistently,1
rune,1
twill,1
roared,1
wavering,1
lisle,1
popgun,1
subsubstantiality,1
halibut,1
penetrativeness,1
gamehogs,1
myers,1
tofore,1
quickbreathing,1
bonny,1
lineament,1
peppe,1
millwheel,1
urbright,1
rigadoon,1
supermanence,1
sunrise,1
todi,1
portent,1
dogged,1
counterestimating,1
chimera,1
bathingsuits,1
heartbroken,1
mesmerised,1
glycerine,1
trou,1
rictus,1
kwawr,1
nightcap,1
moooikill,1
losel,1
objurgation,1
ceaselessly,1
udderful,1
bolting,1
chintz,1
dearmylove,1
pica,1
patching,1
peanutbrained,1
lassy,1
silverhaired,1
powderpuff,1
mildest,1
amazon,1
whorusalaminyourhighhohhhh,1
prairie,1
investigation,1
velasquez,1
gibbed,1
harpoon,1
meaty,1
frseeeeeeeefronnnng,1
bloodbright,1
compensated,1
quondam,1
muy,1
ungyved,1
enumerated,1
watling,1
lightshod,1
pite,1
closeclutched,1
godlike,1
horsepiss,1
superseded,1
levelheaded,1
trapdoor,1
jakers,1
technic,1
peeling,1
windbag,1
hewed,1
focussed,1
tellus,1
huckster,1
shipton,1
uncongenial,1
lipless,1
waggonette,1
overdrawn,1
outsmiled,1
scrambled,1
tolloll,1
brailed,1
austell,1
diuretic,1
hoe,1
echad,1
limped,1
blackburn,1
ingram,1
weirdlooking,1
printingcase,1
unattached,1
aswing,1
bere,1
stevie,1
mantelshelf,1
gatelodge,1
mailvans,1
hayfever,1
malaga,1
pinafore,1
rectifier,1
molestors,1
attired,1
apposite,1
fattish,1
lagan,1
juggle,1
fundament,1
squalid,1
tooraloo,1
hairylegged,1
deelish,1
hayjuice,1
melonsmellonous,1
evolutionary,1
hippogriff,1
inshore,1
gert,1
scarified,1
impressively,1
ponto,1
synchronous,1
verdure,1
testcase,1
salutation,1
effunde,1
jawing,1
dibs,1
pygmalion,1
accoutrement,1
velveteen,1
israelite,1
upstiffed,1
dispense,1
boyl,1
thereunto,1
suspending,1
erectness,1
recruiting,1
mendoza,1
vocalism,1
buoyed,1
darkrimmed,1
lighter,1
steamtram,1
girlwoman,1
commandment,1
smoothshaven,1
peekaboo,1
roun,1
bash,1
bicycler,1
booed,1
winejar,1
hieroglyph,1
comically,1
neversetting,1
ewe,1
wusser,1
blud,1
buttercooler,1
billyo,1
kohol,1
trowed,1
ire,1
reynolds,1
unhating,1
kangaroohopping,1
wigwam,1
surge,1
upturning,1
archduke,1
discern,1
middling,1
acuminated,1
impending,1
wellpraised,1
rapier,1
casteele,1
aquiring,1
jeshurum,1
sanitatem,1
hothouse,1
rotha,1
paperweight,1
plumpuddered,1
require,1
adolescence,1
passionpale,1
nightsun,1
carbine,1
beery,1
exorcism,1
miser,1
lancashire,1
wage,1
convected,1
sealing,1
distastefully,1
metchnikoff,1
jangled,1
sidesaddle,1
ahoy,1
chode,1
sown,1
deedaw,1
manuo,1
mimber,1
baaaa,1
ungentlemanly,1
leper,1
horseshow,1
mdccxi,1
neuralgic,1
nauseated,1
paget,1
waitingroom,1
pelican,1
preestablished,1
herringpies,1
harmonial,1
arbraccan,1
lichen,1
initially,1
affianced,1
catheter,1
stoker,1
gratiarum,1
euge,1
although,1
hest,1
goodheartedness,1
naminedamine,1
synechdoche,1
forge,1
buggery,1
shewed,1
dittoed,1
triviality,1
mm,1
billing,1
piu,1
volunteer,1
streetsingers,1
smartsuited,1
jewjesuit,1
newbegotten,1
donought,1
fletcher,1
tobias,1
surpassed,1
kindest,1
wilkins,1
fortyone,1
glibly,1
tepping,1
newbought,1
incessant,1
greaser,1
linkboy,1
starred,1
crockery,1
imogen,1
crawled,1
raiment,1
aspenall,1
peccaminous,1
gobfuls,1
maloney,1
cohabited,1
unsleeping,1
spermacetic,1
tryon,1
nosehole,1
clonturk,1
postern,1
orchard,1
orts,1
haggling,1
propaganda,1
waterpartings,1
heavyhooved,1
sedate,1
recollecting,1
newbridge,1
edith,1
hotfoot,1
quassia,1
bingbang,1
hertwig,1
impudent,1
atque,1
erectionibus,1
habemus,1
condescending,1
naughties,1
spared,1
masoch,1
contravention,1
amused,1
junk,1
libertine,1
blephen,1
turncoat,1
commentary,1
tilebooks,1
retain,1
pretermit,1
spilikins,1
yrfmstbyes,1
ransacks,1
athwart,1
eczema,1
oxonian,1
dignum,1
lowsized,1
flatulent,1
testoon,1
clothesline,1
honourablest,1
streaked,1
honking,1
beguiled,1
entente,1
unloaded,1
transpierced,1
saunter,1
tidysized,1
flo,1
scissors,1
monkwords,1
concrete,1
jewies,1
posy,1
plais,1
upheaval,1
bareback,1
tuk,1
tottenham,1
cornflower,1
tasteless,1
complied,1
goffered,1
testa,1
ums,1
galliard,1
consumes,1
dustspecks,1
winepress,1
bn,1
hosting,1
jackass,1
tiddledy,1
thrall,1
knighterrant,1
wellbuilt,1
repicturing,1
unforgiven,1
hollyberries,1
shopsoiled,1
suggester,1
archery,1
achieving,1
tweaked,1
predicament,1
bamboo,1
vioo,1
bumpkin,1
clamoured,1
sleepwalking,1
horus,1
aglow,1
hearkened,1
systematisation,1
proctor,1
orthographical,1
galaxy,1
tache,1
courcy,1
teardrop,1
herebefore,1
ferdinand,1
exegetical,1
secretsearching,1
glauming,1
welshcombed,1
undespairing,1
chestnutmeal,1
merchandise,1
honeysauces,1
fourcorners,1
silverbuttoned,1
seaweedy,1
photocard,1
jollily,1
bunchiness,1
astanding,1
justiciary,1
differ,1
domine,1
remarkablest,1
plaguily,1
forkfingers,1
pandies,1
feminist,1
barrelly,1
whistler,1
wholepepper,1
annuntio,1
devilled,1
valedictory,1
erase,1
glasthule,1
maintaining,1
cong,1
fourworded,1
smudged,1
lazarillo,1
finebred,1
bosky,1
singsong,1
squaring,1
mickey,1
wined,1
earwashing,1
incitation,1
blueglancing,1
underbrim,1
anacoustic,1
taildangler,1
kailpot,1
pasturefields,1
foolery,1
halp,1
rubbishy,1
horsedung,1
dedaluses,1
sharpening,1
povertystricken,1
banished,1
underdarkneath,1
skullcap,1
pederasty,1
yeates,1
aqueduct,1
proverbially,1
clodcrusher,1
scolded,1
brig,1
colander,1
croit,1
desiderate,1
interpret,1
progeny,1
unsleeved,1
unfair,1
scrum,1
hawklike,1
mortally,1
ferrule,1
grouped,1
beaconjars,1
vixen,1
roebuck,1
cruise,1
regretfully,1
pinprick,1
reunite,1
languidly,1
syphilis,1
meekness,1
forgetfully,1
deephid,1
cunt,1
loophole,1
brightwindbridled,1
eroticism,1
flaxenhaired,1
vyfor,1
benzoin,1
vladinmire,1
kakachakachak,1
seca,1
capsized,1
seclusion,1
lewis,1
gumption,1
purcell,1
tobin,1
sackragman,1
glinting,1
baconflitches,1
broadcloth,1
leaked,1
fairhaired,1
sincere,1
retire,1
decayed,1
poorbox,1
lablache,1
ursuline,1
galeria,1
pothunting,1
leaded,1
clogged,1
doubledecker,1
cheesy,1
vulcanite,1
bereavement,1
hayfork,1
gastronomy,1
virgular,1
khrrrrklak,1
denned,1
superabundance,1
pooah,1
unmerciful,1
nucleus,1
shis,1
perigee,1
floodgate,1
forgetmenot,1
swashbuckler,1
unclothed,1
nasodoro,1
sharpset,1
tiptouch,1
bucktooth,1
socratididion,1
mutoscope,1
statelily,1
drumcondra,1
lessing,1
fertiliser,1
toros,1
levitates,1
rarer,1
girlgold,1
buybull,1
chewchewchew,1
planetree,1
bumboat,1
mendes,1
oakroom,1
sidelight,1
exhilarated,1
chortling,1
highreared,1
churned,1
atrocity,1
pipy,1
charnelhouses,1
forcingcase,1
deiparae,1
gloryhole,1
sandfrog,1
miaow,1
unclaimed,1
primrosevested,1
shallowest,1
verified,1
endorsing,1
conserve,1
intershowed,1
blay,1
longcasted,1
willowy,1
counterbalance,1
plumpudding,1
grandstand,1
mothering,1
kybosh,1
daylabourers,1
margin,1
blmstup,1
milch,1
foostering,1
heartburn,1
mirandola,1
suffrage,1
chazen,1
unascertained,1
invisibility,1
lastmentioned,1
midbrow,1
intemperance,1
encompassing,1
sufficed,1
breasting,1
laci,1
tougher,1
tuckstitched,1
serpented,1
silverbuckled,1
ellipsis,1
ballocknaked,1
prostatic,1
olhausen,1
humourous,1
reafforestation,1
unconsumed,1
sorrowful,1
macart,1
freezing,1
rodot,1
lovesoft,1
precipitating,1
bankbook,1
hayloft,1
mustachioed,1
supperroom,1
disrespect,1
nantee,1
febuary,1
gentlest,1
repartee,1
wellused,1
smellow,1
ahunger,1
paralytic,1
lilypots,1
dignams,1
jeremiah,1
fanshoals,1
exudes,1
boohoo,1
kale,1
larum,1
unleavened,1
spearmint,1
exclaims,1
uprightness,1
pleiades,1
footballboots,1
disconcerted,1
eliminating,1
perpetuating,1
quirefolded,1
decimal,1
birdsnies,1
wellbeloved,1
imperious,1
irately,1
hacked,1
timing,1
blubble,1
tanned,1
immune,1
menfriends,1
erewhile,1
embarra,1
dewsilky,1
vomiting,1
swam,1
funnybone,1
objected,1
disgraceful,1
iridzman,1
sloughing,1
godblazeqrukbrukarchkrasht,1
jinkleman,1
sigerson,1
beholdeth,1
luckily,1
incorrigible,1
bloodsmeared,1
expatiating,1
houseparty,1
topsyturvy,1
lyre,1
persistently,1
lancinating,1
nuncio,1
color,1
soothering,1
muskin,1
grundy,1
lilacgarden,1
trundling,1
matey,1
decamp,1
meatpot,1
hatched,1
canyon,1
fictitious,1
eddy,1
linseywoolsey,1
leathern,1
biberimus,1
shipwreck,1
comprised,1
groom,1
rawskinned,1
tongued,1
tunbelly,1
ranns,1
exchequer,1
bandez,1
chartreuse,1
norma,1
loudlatinlaughing,1
cann,1
risible,1
striated,1
prognosticator,1
fling,1
expiry,1
shielings,1
frows,1
poignancy,1
wellcreamed,1
ponsonby,1
pidgeon,1
hotbed,1
clapclipclap,1
thingamerry,1
imported,1
neckfillet,1
amberoid,1
nervy,1
asthma,1
flapdoodle,1
sixshilling,1
deceitful,1
hausi,1
rippling,1
hagar,1
ranker,1
glasseyed,1
candleflame,1
gravefaced,1
onepiece,1
pulchritudinous,1
muscovy,1
mossoo,1
engraver,1
twelvetrees,1
broadsmen,1
diaconal,1
mity,1
spallanzani,1
undersea,1
ferrywash,1
transpontine,1
dundrearies,1
fieldmarshals,1
resintipped,1
beanfeast,1
madagascar,1
baba,1
speriamo,1
ananias,1
lucrative,1
senescence,1
chemistry,1
hydroelectric,1
xanthippe,1
glumly,1
unlace,1
teasing,1
intacta,1
encrusted,1
rarest,1
mixolydian,1
jellily,1
vitus,1
inces,1
revile,1
conquistador,1
dongiovannism,1
unfastened,1
portico,1
uncovers,1
reciprocate,1
twankey,1
pendennis,1
oignons,1
sizing,1
olivetans,1
aherlow,1
speeeed,1
pullpull,1
camisole,1
habiliment,1
bestknown,1
bleed,1
xl,1
orangetainted,1
starkly,1
fuerit,1
thereupon,1
virtuoso,1
ebony,1
bast,1
fleshless,1
phantasmal,1
agglutinated,1
fib,1
illusing,1
pyx,1
jointure,1
hammam,1
pshaw,1
socialist,1
granuaile,1
vicissitude,1
cloaked,1
baronial,1
solvency,1
falciform,1
kok,1
botty,1
blackmasked,1
pchp,1
worthington,1
relentment,1
unhearing,1
catching,1
hottest,1
imparts,1
weve,1
indigent,1
introducing,1
remanded,1
supremest,1
triplet,1
whitefriars,1
audibly,1
bulkier,1
sequin,1
sweetsour,1
leitrim,1
wicklowmen,1
menstruate,1
twofaced,1
saga,1
deepchested,1
wartsblood,1
mileage,1
thumbed,1
limping,1
inglorious,1
firefly,1
dykedropt,1
palps,1
pulsatilla,1
unreeled,1
giblet,1
winelodge,1
fanlight,1
calamitous,1
remembrancer,1
boneless,1
powerscourt,1
gaseous,1
firstfruits,1
dander,1
rupert,1
surname,1
coalminers,1
limehouse,1
minx,1
rosales,1
prayerbook,1
enrique,1
vertebrate,1
fellowchristians,1
harty,1
exasperated,1
weedgrown,1
daunt,1
concent,1
vobis,1
gipsylike,1
lurched,1
poohpooh,1
stemglass,1
thickveiled,1
gasping,1
undeathliness,1
cookable,1
bert,1
gandery,1
unsealed,1
colza,1
marsala,1
flaring,1
pneumonia,1
alchemist,1
ollave,1
displodes,1
gnome,1
popinjay,1
compile,1
selfabbreviating,1
chokingly,1
cipria,1
frighted,1
medina,1
bata,1
grier,1
posadas,1
vere,1
strool,1
testiness,1
bobrikoff,1
filibeg,1
doleful,1
intersecting,1
beneficial,1
deluthering,1
plucky,1
wought,1
vinery,1
pettiwidth,1
reclosing,1
winningly,1
eccolo,1
everard,1
hibernia,1
artifice,1
compriments,1
dizzily,1
durned,1
combativeness,1
cornetcy,1
recovers,1
circe,1
garish,1
bolus,1
unfurnished,1
admonishing,1
magistra,1
vamping,1
lowcorsaged,1
bottleful,1
sourapple,1
entwine,1
fortyfour,1
glyphic,1
sedulously,1
ruffled,1
frigging,1
chinchin,1
godmother,1
birdgod,1
swaggersticks,1
millennium,1
buskined,1
compriment,1
peru,1
hardest,1
gifted,1
eyesockets,1
nicked,1
archons,1
versatile,1
musk,1
wd,1
unbeknownst,1
ardri,1
buttering,1
crossguns,1
flocking,1
grouping,1
magenta,1
unsavoury,1
disposing,1
rectification,1
appropriately,1
combustible,1
salesmasters,1
meatjuice,1
spelling,1
trio,1
flowerlike,1
behung,1
cox,1
glimmered,1
bridenight,1
nostre,1
rigour,1
souppot,1
eyepleasing,1
charlemont,1
sierra,1
fitzpatrick,1
fob,1
misguidedly,1
drogheda,1
excelsis,1
heaved,1
graceless,1
frightfully,1
vient,1
stagestruck,1
feudalism,1
occulted,1
woffington,1
hatten,1
hawkins,1
upturn,1
milliner,1
blackrimmed,1
replying,1
fitton,1
suspired,1
discrete,1
leda,1
bannons,1
quiescent,1
theodotus,1
ballalley,1
flog,1
vinegared,1
glovesilent,1
christass,1
schoolurchin,1
continuity,1
lakecontained,1
dense,1
deepest,1
hoondert,1
deathclothes,1
daredevil,1
atoned,1
convinto,1
hamadryad,1
dispensing,1
practise,1
lightyears,1
owlin,1
scorching,1
smackfatclacking,1
twixt,1
pining,1
candescent,1
acracking,1
flyblown,1
abaft,1
quirke,1
stigma,1
pleasance,1
taurus,1
postmortem,1
altruism,1
gourme,1
conservatory,1
beeoteetom,1
capsize,1
fragrance,1
crestfallen,1
honing,1
mitigants,1
judging,1
buster,1
fingertipping,1
shamming,1
injured,1
hovering,1
cocktail,1
whowhat,1
handrunning,1
ruff,1
bijou,1
hardening,1
deface,1
prrprr,1
counterproposal,1
smirked,1
dogdays,1
ponchielli,1
polestar,1
gruff,1
mousewatching,1
voluntatem,1
planed,1
ahumming,1
gatepost,1
defender,1
ginsizzling,1
warningfully,1
brayed,1
spasmodic,1
cashregister,1
frogwise,1
applecart,1
sobbing,1
emerges,1
brokenhearted,1
spaugs,1
windowsash,1
curricle,1
borrower,1
maestro,1
saturn,1
fondles,1
versicle,1
ramshorns,1
vicelike,1
sprinkling,1
baptist,1
surnamed,1
abrupt,1
hohohohome,1
bilbos,1
firebrasses,1
mh,1
sucksucculent,1
sweeeetsonnnng,1
josssticks,1
felly,1
pissabed,1
appreciate,1
collard,1
lightened,1
hustled,1
minnow,1
palmistry,1
volubly,1
yokefellow,1
spirt,1
froeken,1
modder,1
coffincart,1
bedpal,1
tuneful,1
spongy,1
lunnon,1
oatmealwater,1
sledded,1
wellesley,1
prandypalls,1
saltee,1
secreted,1
inalterably,1
sankey,1
slaver,1
aughty,1
flatcaps,1
paramour,1
fawning,1
cattlecreep,1
teruth,1
chinked,1
matted,1
rained,1
utility,1
removing,1
ubicity,1
wellfed,1
turfbarge,1
brusselette,1
nob,1
tacitus,1
grassbox,1
moo,1
fullgrown,1
fourthly,1
enjoyment,1
doffs,1
eyeful,1
lazenby,1
kennefick,1
manshape,1
morley,1
historically,1
wardmaid,1
praisegod,1
spiro,1
selvedge,1
sadgrove,1
drunkenness,1
walnut,1
profusion,1
nekum,1
learner,1
bedraggled,1
deft,1
romany,1
columba,1
dapping,1
independence,1
cottager,1
portcullis,1
ivan,1
fallingoff,1
fecal,1
prompted,1
keats,1
ginnees,1
pout,1
testifying,1
tapestried,1
istsbeg,1
earwig,1
invading,1
cose,1
negress,1
heavenborn,1
twigged,1
willer,1
silvered,1
terpsichorean,1
warns,1
scoffer,1
fancier,1
chinee,1
gildedlettered,1
reassuralooms,1
orion,1
wolfing,1
newel,1
communing,1
pronounce,1
tace,1
scaring,1
gansy,1
swansea,1
deprecate,1
sinewyarmed,1
dalcassians,1
iota,1
fullstop,1
veined,1
phillaphulla,1
gesticulating,1
rugfringe,1
bombarding,1
undying,1
attracta,1
wotted,1
inkle,1
beefeater,1
poursuivant,1
dressinggown,1
candia,1
machinery,1
chandler,1
grhahute,1
aldborough,1
martinet,1
roastbeef,1
relax,1
lung,1
submittal,1
showerbath,1
thoroughbred,1
adonis,1
traceable,1
choppy,1
scout,1
undercutting,1
bernagh,1
tearful,1
leafage,1
sealevel,1
coche,1
pensioner,1
indelible,1
juan,1
bartholomona,1
istas,1
awfur,1
compactly,1
aperient,1
peasestraw,1
narrowly,1
expiration,1
fishgods,1
milligramme,1
stephaneforos,1
perragordas,1
curdling,1
accosting,1
intensity,1
doneraile,1
neap,1
connivance,1
unwholesome,1
unsqueaked,1
traduced,1
intermezzo,1
furled,1
methusalem,1
everytime,1
remarkable,1
largesize,1
gasballs,1
pyemia,1
hohohohohohoh,1
actuality,1
lethe,1
grasswidow,1
lateral,1
kossuth,1
morpheus,1
amhain,1
boatswain,1
crock,1
goodsized,1
rambunctious,1
glimpsed,1
shegoat,1
ni,1
woozy,1
consternation,1
makebelieve,1
pored,1
wanhope,1
chortle,1
hamrashers,1
inked,1
pursestrings,1
fitzedward,1
flanagan,1
pecked,1
vesical,1
anvil,1
mooing,1
vibrate,1
seasand,1
vouchsafed,1
hypertrophied,1
afresh,1
nixie,1
tyrannous,1
nimium,1
quinlan,1
estimate,1
huntswomen,1
blather,1
intricately,1
overtaken,1
misbehave,1
cataclysmic,1
incriminated,1
plutocratic,1
offchance,1
selfinterest,1
induce,1
yogibogeybox,1
arenary,1
junius,1
jockeyed,1
vibrator,1
panza,1
clench,1
glared,1
jesu,1
brangling,1
raindew,1
endeared,1
sloe,1
hortative,1
tokio,1
laddered,1
churn,1
commonly,1
slipperslapper,1
crepuscular,1
crookedly,1
pullet,1
coquettish,1
bestest,1
amsir,1
haulage,1
huskily,1
perform,1
actuate,1
broughtedst,1
attends,1
sisyphus,1
tater,1
habaa,1
bedsmiling,1
tiptapping,1
indios,1
wu,1
onwards,1
mudflake,1
uptodate,1
dolmetsch,1
watermarked,1
seedfield,1
microscope,1
figured,1
coaxed,1
mou,1
sneered,1
winglike,1
skeeting,1
fencibles,1
cable,1
casqued,1
knotting,1
earring,1
cancrenous,1
speedy,1
avenger,1
volleyed,1
guelph,1
leaningplace,1
instructing,1
belluomo,1
vamp,1
bobtail,1
verbal,1
destitution,1
petrel,1
registration,1
flatcut,1
snipped,1
gustav,1
intraracial,1
bedthanes,1
mynheer,1
chaining,1
inquiring,1
insubordination,1
lima,1
cammin,1
fiendish,1
dismiss,1
carted,1
fin,1
matador,1
whoredom,1
lassalle,1
mudchoked,1
lizard,1
accosts,1
terrene,1
laved,1
jackjohn,1
robust,1
yourn,1
giantkiller,1
faultless,1
kailer,1
weedbeds,1
tiptoeing,1
cotta,1
piffpaff,1
sixtyfour,1
borderer,1
aftercourse,1
buzzard,1
gested,1
isosyllabic,1
sausaged,1
lashing,1
twinging,1
stravaging,1
flypaper,1
unspeaking,1
mendacious,1
speckled,1
restrained,1
lundy,1
gnash,1
dooooooooooog,1
upsala,1
hieroglyphic,1
selecting,1
maureen,1
crepitant,1
lycidas,1
lackaday,1
brienite,1
coppaleen,1
wayawayawayawayaway,1
longlashed,1
shortest,1
amby,1
bookpocket,1
informant,1
gopherwood,1
pigeonlivered,1
endows,1
unearthly,1
pickwick,1
shinily,1
harrier,1
clarendon,1
jewy,1
spatting,1
soapdish,1
bograghs,1
morituri,1
calpe,1
lieabed,1
preapprehended,1
lamplighter,1
liberally,1
saturnine,1
oleograph,1
voraciously,1
mangongwheeltracktrolleyglarejuggernaut,1
anthony,1
bowend,1
crash,1
standup,1
outrageous,1
fortuned,1
saturnian,1
pentateuch,1
evidenced,1
bassoonist,1
opossum,1
biggish,1
erigible,1
soulth,1
cottonwool,1
primed,1
paperstuck,1
duckloving,1
maundy,1
refiner,1
vear,1
explanatorily,1
finlandy,1
pacem,1
puttiest,1
exclusive,1
jehovah,1
amendment,1
tupthrob,1
reedy,1
snappy,1
ramming,1
boustrophedonic,1
postcenal,1
vehement,1
jabber,1
gravetrestles,1
bonafides,1
basking,1
kol,1
athena,1
chewer,1
slep,1
myriorama,1
cornerpieces,1
seaboard,1
rededged,1
shrivel,1
umbershoot,1
dogvans,1
doldrums,1
mise,1
yilo,1
morny,1
leftabed,1
cyclone,1
exclusively,1
harshed,1
achieve,1
brolly,1
cumbrously,1
maple,1
gig,1
foamborn,1
predominance,1
twingtwang,1
swooping,1
oratorians,1
raisin,1
squall,1
transliterated,1
tomtoms,1
thyme,1
veuillot,1
twentythree,1
unable,1
patris,1
maugre,1
moulang,1
tway,1
lopez,1
hupinkoff,1
bellyful,1
kave,1
dogcart,1
gadzooks,1
recline,1
xinbad,1
relapsed,1
turpentine,1
massachusetts,1
stewgravy,1
preconditioned,1
sheffield,1
carpentry,1
gillespie,1
thicklugged,1
tugela,1
beelzebub,1
enormously,1
homing,1
judicium,1
wettstein,1
frisk,1
acetic,1
alnight,1
spoonseat,1
camphorated,1
mahone,1
inflamed,1
succinctly,1
yooka,1
plumjuice,1
peregrination,1
choc,1
bulkhead,1
cruiskeen,1
oceangoing,1
stonesthrow,1
beshrew,1
tellurian,1
scoopful,1
sentence,1
tinahely,1
lunging,1
kolod,1
cutler,1
talith,1
flatties,1
fertilising,1
loathsome,1
chettle,1
reconstructed,1
ventcock,1
amend,1
cuneiform,1
boyo,1
barleycorn,1
leperyards,1
bloombella,1
assuefaction,1
quakergrey,1
behest,1
castleconnel,1
desperate,1
raked,1
slife,1
bellyband,1
frolicsome,1
testamentary,1
stepnephew,1
ownest,1
preen,1
quinsy,1
prettiest,1
distilling,1
duumvirate,1
carnally,1
lemony,1
fortitude,1
tenpence,1
retrieved,1
cadby,1
corporators,1
bremond,1
surmounted,1
tomgin,1
prosecutrix,1
overpowers,1
helmsman,1
blanca,1
wincing,1
lengthened,1
rutted,1
exhumed,1
vede,1
flue,1
aspirant,1
consenting,1
somewhereabouts,1
wilhelmina,1
footgong,1
helotic,1
lauded,1
invariability,1
creecries,1
nurtured,1
priscilla,1
herman,1
cupola,1
unlicensed,1
yer,1
utricle,1
strives,1
engulfer,1
midget,1
twentyseventh,1
duodene,1
lieut,1
ignoramus,1
bewitching,1
thistle,1
bois,1
cleave,1
schoolprizes,1
babylinen,1
sexus,1
pewter,1
leered,1
exac,1
conserved,1
dahlia,1
posted,1
distinguishable,1
hak,1
cognisance,1
beamend,1
velocitous,1
plebeian,1
discoursed,1
choirboy,1
heartless,1
whittier,1
plainclothes,1
vin,1
moher,1
expound,1
jurist,1
noticing,1
punctual,1
unwrapped,1
occiput,1
spoiling,1
manse,1
trickleaps,1
emunctory,1
wilkinson,1
commerce,1
oillamp,1
horsehair,1
candescence,1
ebon,1
frostyface,1
greyly,1
selects,1
lic,1
momentarily,1
ballet,1
vacationist,1
instantaneously,1
brekky,1
petted,1
weathercock,1
alimentary,1
twentyfifth,1
treeshade,1
clauber,1
accessible,1
session,1
fraidrine,1
calligraphy,1
sovrano,1
dusted,1
flabbyarse,1
eggnog,1
hok,1
mended,1
combed,1
tootling,1
quadrilinear,1
malthusiasts,1
mudcabins,1
looooves,1
sausageeating,1
refectory,1
impotable,1
spatted,1
playactor,1
ennobling,1
paletinted,1
dishcover,1
posed,1
appreciable,1
selfcontrol,1
attorney,1
dana,1
inaffirmative,1
whinny,1
scantily,1
softened,1
marvellously,1
wavyavyeavyheavyeavyevyevyhair,1
amicability,1
lesurques,1
repentance,1
jerky,1
hasp,1
stringed,1
marshland,1
tomlinson,1
withers,1
proprietary,1
imbalsamation,1
maypole,1
codger,1
pinstripe,1
pitapat,1
lldo,1
minches,1
bellstrap,1
structural,1
reaping,1
upcurling,1
porte,1
invocationem,1
wagnerian,1
encyclopaedic,1
bogswamp,1
cussedness,1
croppies,1
communicative,1
riprippled,1
dimple,1
heartening,1
tabled,1
whitewash,1
sued,1
genuflection,1
avila,1
brushtray,1
jadegreen,1
hugewinged,1
cadge,1
shutting,1
superbly,1
hackle,1
paternoster,1
goodbody,1
director,1
iusti,1
rereward,1
accounting,1
prophylactic,1
gorey,1
satanic,1
logue,1
maneaters,1
asset,1
torcs,1
hollandais,1
counterassaulted,1
quasisimultaneous,1
fingerling,1
ruptured,1
tarred,1
clappyclap,1
confutation,1
punctuated,1
codling,1
syringing,1
floss,1
sketched,1
precautiously,1
emanated,1
nard,1
frocktails,1
skinfood,1
constance,1
fecundity,1
facile,1
bruited,1
drummond,1
wariest,1
johnyellows,1
flyboard,1
unblessed,1
forger,1
nailscraped,1
convinced,1
noctambules,1
purer,1
yellowslobbered,1
zurich,1
nursetender,1
crossexamination,1
chokeechokee,1
omnipotens,1
romped,1
aggrieved,1
putoff,1
adjourn,1
andy,1
assailed,1
entanglement,1
ropepulling,1
petting,1
molefur,1
tidied,1
odessa,1
elimination,1
oceangreen,1
inelastic,1
eared,1
semiviri,1
beerfroth,1
plenitude,1
bantry,1
symbolical,1
artificer,1
cowheel,1
ban,1
diabolus,1
sugaun,1
assassination,1
shane,1
houri,1
concubine,1
corpsechewer,1
headsman,1
tiberias,1
propelled,1
thenar,1
kellett,1
chivying,1
scavenging,1
husbandly,1
lifebelt,1
callowhill,1
everflying,1
hushmoney,1
headstrong,1
donnez,1
hindering,1
acrimony,1
haircombs,1
astroscopist,1
twinge,1
daylit,1
ollebo,1
killala,1
slighting,1
wastest,1
incentive,1
cressida,1
tintack,1
mickle,1
linbad,1
likens,1
charter,1
foam,1
comprises,1
wifeless,1
williamites,1
verborum,1
mondo,1
tempest,1
francois,1
hombre,1
thereabout,1
confirmation,1
actuary,1
venville,1
fabulous,1
parthenon,1
circumposition,1
clicking,1
shunned,1
circumscribed,1
grimm,1
snotrag,1
misdemeanants,1
rit,1
carrantuohill,1
dewlap,1
lydiahand,1
reveille,1
lowerclass,1
undertow,1
phrased,1
cornetplayer,1
frogmore,1
syllabax,1
underlinen,1
bosthoon,1
disliking,1
musterred,1
kidfitting,1
broadtoed,1
ardentbold,1
vividly,1
uram,1
bounder,1
chasuble,1
aeroliths,1
ghostwoman,1
seafarer,1
cirque,1
ripplecloth,1
blubber,1
promoter,1
mademoiselle,1
percolating,1
visuality,1
drol,1
printinghouse,1
sherlockholmesing,1
hornhandled,1
comprising,1
cowered,1
frseeeeeeeeeeeeeeeeeeeefrong,1
awfullygladaseeagain,1
cockyolly,1
brunetto,1
addressing,1
enrolled,1
olivet,1
sheeted,1
piteously,1
mischna,1
mullett,1
parallactic,1
lickitup,1
manacle,1
blumenbach,1
keekeereekee,1
phallopyrotechnic,1
deadman,1
unexpurgated,1
bracken,1
battledog,1
impermanent,1
tearle,1
majestad,1
incarnation,1
porterbottle,1
cupful,1
vicechairmen,1
jane,1
ford,1
tunnel,1
ristori,1
lubric,1
rubios,1
starves,1
puling,1
nasturtium,1
cometobed,1
approximated,1
pique,1
heraldic,1
burntoffering,1
uriner,1
willis,1
sunder,1
garnishee,1
plainlooking,1
disclosed,1
bitched,1
messtins,1
oxygenated,1
calandrino,1
masspriest,1
warmhosed,1
salanka,1
interposed,1
keepsake,1
nestling,1
brokenwinded,1
berchmans,1
womanhood,1
verged,1
tootsies,1
intervened,1
poddle,1
dermot,1
fireside,1
granpapachi,1
deathmoths,1
disvested,1
cobble,1
fated,1
coatsleeve,1
pogue,1
insufficient,1
overhear,1
desuetude,1
inebriated,1
pianostool,1
boucicault,1
opaque,1
freshened,1
bladderbags,1
fleshtights,1
laity,1
drinkingtrough,1
sandman,1
rosslare,1
encircled,1
pervaginal,1
szesfehervar,1
voluntarily,1
minorates,1
shuttled,1
gleet,1
gilead,1
winegrapes,1
apostrophe,1
identified,1
fleshflower,1
unplugged,1
justifiable,1
legplates,1
disregarding,1
slievemargy,1
lullaby,1
menial,1
mortimer,1
anearby,1
gutterpress,1
rus,1
plood,1
elbowdeep,1
rousseau,1
carracarracarra,1
ivorylike,1
righteousness,1
ail,1
urbane,1
illustrated,1
rainvapour,1
allpox,1
bulletin,1
fullblooded,1
heatless,1
precipat,1
tiddledywinks,1
laughingstock,1
depreciation,1
debating,1
nobbling,1
cuckstool,1
margaret,1
oshea,1
prizering,1
flavour,1
groped,1
corrected,1
seacows,1
polis,1
breadsoda,1
irelandear,1
catholicam,1
hopped,1
gomez,1
fragende,1
ranged,1
upstanding,1
htengier,1
ministering,1
chawley,1
lollards,1
searocks,1
ithacans,1
palmam,1
compressibility,1
hauberk,1
cutaway,1
sparrowfarts,1
thighplates,1
wangle,1
suing,1
businessmen,1
crawler,1
hauling,1
sweetish,1
seehears,1
nightstalk,1
reminiscent,1
intercepted,1
remuneration,1
choirstairs,1
intermittently,1
bullfight,1
grahamise,1
smartest,1
scrutinises,1
pronoun,1
chanah,1
gluepot,1
sicksweet,1
arbitration,1
mentre,1
makar,1
merited,1
soothe,1
audacious,1
ueberallgemein,1
warmgloved,1
footdrill,1
heliotherapy,1
handrest,1
footmark,1
suspend,1
stability,1
daringly,1
playbox,1
asphyxiating,1
pothecaries,1
salut,1
accomplishing,1
enlist,1
communicate,1
bisected,1
bemused,1
abbess,1
gingerpop,1
fownes,1
dollop,1
stormbirds,1
auctore,1
winced,1
oreilly,1
marcellus,1
hotchapotch,1
impersonation,1
hungerford,1
nomenclature,1
angelus,1
frittered,1
wellmeaning,1
waldmann,1
pasiphae,1
davenant,1
conneff,1
griselda,1
guardedly,1
damascus,1
headhanger,1
bristow,1
splendiferous,1
aquacities,1
clepen,1
illdyed,1
longlost,1
surpassing,1
insusceptible,1
intestation,1
goosestep,1
preordained,1
stylishdressed,1
radius,1
apronlaps,1
carcase,1
beurla,1
arboreal,1
loyalty,1
polysyllabic,1
junonian,1
douced,1
bloodoath,1
praesta,1
higgledypiggledy,1
haihooping,1
mincingly,1
gash,1
avuncular,1
uncover,1
slaving,1
auditive,1
starborn,1
gruntlings,1
stockwhips,1
victual,1
scenery,1
idolatry,1
tiled,1
covertly,1
gervasius,1
ruffling,1
tenney,1
ryebloom,1
breastsparklers,1
gestation,1
blackgrouse,1
sorrowing,1
isidore,1
figlia,1
aphis,1
indicating,1
bigheaded,1
withstand,1
actively,1
predecessor,1
pensi,1
passout,1
fallopian,1
yulelog,1
frostbound,1
tittlemouse,1
incoming,1
operating,1
trend,1
squallers,1
eeltraps,1
thatll,1
apostate,1
figrolls,1
transport,1
banderillero,1
rancher,1
phraseology,1
servitude,1
erta,1
amazingly,1
circumference,1
broomstick,1
hurdygurdy,1
blubbery,1
stertorous,1
listigkeit,1
confessing,1
viragitis,1
sainted,1
corresponding,1
foliated,1
rabble,1
wenching,1
tramping,1
overplus,1
chic,1
irrevocably,1
erheard,1
surveyed,1
intermarriage,1
credulously,1
rental,1
misericordiae,1
rower,1
howitzer,1
minutia,1
measureful,1
carful,1
spoilsport,1
joey,1
lifebrightener,1
loodheramaun,1
larn,1
neumonia,1
counterledge,1
bubbling,1
underfed,1
corpulent,1
iopas,1
heavystringed,1
pneumatic,1
roguishly,1
regardant,1
harlequinade,1
trove,1
tipsycake,1
kithogue,1
prrwht,1
unlawfully,1
bandanna,1
biggest,1
foraneous,1
ogham,1
prudenter,1
copperas,1
workbasket,1
successfully,1
adhering,1
dichten,1
groundling,1
sur,1
vidit,1
grady,1
fourpenceworth,1
impecuniosity,1
disobliging,1
pansy,1
realise,1
covin,1
alpenstock,1
nationalised,1
retracing,1
bottleshouldered,1
pwfungg,1
gloriana,1
jugged,1
moonycrowned,1
pseudomalachi,1
expectant,1
scott,1
compassionate,1
gasteful,1
caved,1
cespite,1
armorial,1
fairyhouse,1
glorias,1
rendita,1
samaritan,1
arising,1
tuis,1
announces,1
aho,1
sowpigs,1
monkshood,1
tramper,1
caudlelectures,1
brimful,1
piquantly,1
bordeaux,1
kake,1
bermuda,1
organisation,1
wheelspokes,1
purblind,1
rainbedraggled,1
precipitancy,1
revivability,1
sul,1
coverless,1
farst,1
purefoys,1
upended,1
recluse,1
unprepossessing,1
bloowho,1
nolasco,1
shrugging,1
marius,1
slog,1
equestrian,1
maccool,1
sperrin,1
botched,1
mucksweat,1
verra,1
clucked,1
mew,1
confessedly,1
anker,1
puckered,1
hoo,1
halfempty,1
cocotte,1
ninbad,1
eightday,1
wirily,1
greatgranduncle,1
prolonging,1
horsewhipping,1
depose,1
poser,1
lumbershed,1
brotherly,1
medi,1
hanoverian,1
oppor,1
ragsackman,1
shulomowitz,1
harpstrings,1
schorach,1
sowish,1
herbivorous,1
unbeheld,1
ribsteak,1
sweeeee,1
legging,1
parasol,1
scoundrel,1
hawthornden,1
po,1
yeomanry,1
carnose,1
tablenumpkin,1
atmic,1
argol,1
obesity,1
insignia,1
clarke,1
hushed,1
insincere,1
gigglegiggled,1
mullee,1
whoremistress,1
conversing,1
breastmole,1
stolewise,1
trifled,1
mogg,1
tully,1
refrigerator,1
clopped,1
zigzagging,1
corbeille,1
towering,1
clarion,1
hola,1
preserver,1
triliteral,1
uwantit,1
unassumingly,1
teazle,1
fostersister,1
lakeshore,1
assessor,1
arctic,1
trent,1
slag,1
sacrifica,1
declamation,1
stenography,1
osborne,1
speedily,1
quivered,1
womaneyes,1
steppingstones,1
frankeyed,1
talmud,1
vobiscuits,1
adelaide,1
hydrant,1
chuted,1
roo,1
nested,1
couped,1
pleasantry,1
blacking,1
niall,1
baaaahabaaa,1
bogeyman,1
paddyrisky,1
linear,1
hailer,1
coffeeroom,1
craig,1
adapted,1
rectorial,1
bivouac,1
intres,1
sliced,1
repulse,1
pledgebound,1
contrite,1
graphic,1
effectively,1
housesteps,1
prophesy,1
sepsis,1
oration,1
succeed,1
laird,1
phenomenologist,1
centred,1
propinquity,1
bodycoats,1
bretelles,1
teahouse,1
karmic,1
shriven,1
blases,1
redhaired,1
litigation,1
rainspouts,1
falmouth,1
neary,1
longstablished,1
goldpinnacled,1
bethought,1
cead,1
loquat,1
muttonleg,1
goodfornothings,1
courageous,1
tumescent,1
resent,1
verbo,1
wellkempt,1
ugling,1
baited,1
flagged,1
pursuant,1
faure,1
widebrimmed,1
viennese,1
sender,1
instilled,1
eeled,1
pillarbox,1
yale,1
incommensurable,1
ignat,1
beseeched,1
incandescence,1
revived,1
chree,1
trailed,1
muggyish,1
thighcasing,1
reluctantly,1
vico,1
rovina,1
coifed,1
schlepps,1
nosed,1
subsidised,1
expenditure,1
coylo,1
gavel,1
heartbeat,1
clamn,1
resp,1
tilting,1
kilballymacshonakill,1
cockloft,1
inveigling,1
tention,1
lemonjuice,1
mediumsized,1
spillings,1
illuminators,1
omnium,1
rocklike,1
comic,1
runnel,1
loped,1
resolute,1
dropblind,1
grotto,1
cistern,1
stophim,1
asphalted,1
ook,1
paganry,1
florid,1
abject,1
cretonne,1
reafforest,1
adulteration,1
ceiled,1
bloohimwhom,1
golf,1
rosenberg,1
ahasuerus,1
denial,1
wayfarer,1
compromising,1
manchester,1
trumped,1
gobbet,1
invective,1
vindictively,1
longs,1
penned,1
lifebuoy,1
besthearted,1
tyro,1
misleading,1
semigrand,1
attentiveness,1
hosiery,1
leopoldi,1
yearly,1
indefinitely,1
embittered,1
hasarded,1
multiform,1
unbought,1
largenosed,1
capricorned,1
nudged,1
waspwaisted,1
fellowcraft,1
jarlath,1
conscript,1
whitehall,1
rabbinical,1
kin,1
sandflats,1
alliterative,1
decapitated,1
thu,1
seminators,1
subleader,1
namby,1
neatsleather,1
flare,1
taim,1
spyingpoint,1
protomartyr,1
flinging,1
dragoon,1
sleepin,1
bla,1
carob,1
beadle,1
honeymilk,1
executing,1
perplexed,1
goldcurb,1
swillale,1
dislodged,1
walrus,1
progressing,1
terminating,1
indubitably,1
squarely,1
psychophysicotherapeutics,1
lustful,1
hardihood,1
blithering,1
upupa,1
workaday,1
sanctissimi,1
underwriter,1
haggadah,1
cottonopolis,1
alb,1
sparring,1
paybox,1
palpation,1
incontr,1
ronda,1
wateringplaces,1
reck,1
mac,1
steuerli,1
tommycans,1
illumined,1
jerkined,1
couth,1
wiving,1
photographer,1
vapid,1
luitpold,1
taciturn,1
grianauns,1
spirituality,1
confection,1
ponderosis,1
cutter,1
unlet,1
cakewalk,1
ascension,1
exhaust,1
suncompelled,1
groggy,1
felicitously,1
whitelined,1
batteringram,1
cruachan,1
steering,1
fullnosed,1
sackshouldered,1
enamelled,1
wheatkidneys,1
parturiate,1
tatterdemalion,1
mooncalf,1
mus,1
tomaltach,1
glacier,1
malta,1
shrilldeep,1
drawback,1
patricio,1
strident,1
aresouns,1
comprehended,1
judith,1
cunnythumb,1
whitetallhatted,1
tooralooloo,1
bullnecked,1
redbordered,1
paragoric,1
venery,1
shrouded,1
wade,1
thalatta,1
mending,1
insisted,1
postdiluvian,1
intonation,1
palme,1
ephebe,1
quel,1
scalded,1
droppings,1
yo,1
macadamised,1
chryselephantine,1
stunk,1
tobaccoshopgirls,1
comerford,1
ruttime,1
beddyhouse,1
lowering,1
sufferance,1
orderbook,1
seasmiling,1
thrifty,1
kraark,1
breedy,1
abetting,1
taraxel,1
dubedatandshedidbedad,1
peagreen,1
rienzi,1
strengthy,1
rejoining,1
chancel,1
midwatch,1
simplicity,1
larceny,1
ringed,1
swiney,1
wellconducted,1
vane,1
regulator,1
guncarriage,1
fornication,1
sacrificed,1
overlooking,1
philosophised,1
phaeton,1
decently,1
magician,1
kinsman,1
pluckiest,1
shipping,1
trekking,1
gentlemanly,1
daubily,1
spitfire,1
darkshawled,1
unfurl,1
kinchite,1
ormolu,1
secrecy,1
asquint,1
wrongways,1
sniffle,1
syrinx,1
roped,1
mosquito,1
mortgaged,1
winebottle,1
deepen,1
runefal,1
livre,1
jerrybuilt,1
huggard,1
bottleneck,1
spiritus,1
sloothering,1
willun,1
lentulus,1
devolution,1
animality,1
jesse,1
suadency,1
breeks,1
slat,1
sooooooooooong,1
scilly,1
catchpole,1
macanaspey,1
adhuc,1
faultfinding,1
fjord,1
rustyouvee,1
disfavour,1
gombeen,1
counsellor,1
polygon,1
bloodgouts,1
licky,1
omnis,1
mobbed,1
icy,1
streamy,1
bladderwrack,1
eftsoons,1
bookseller,1
misunderstanding,1
sendoff,1
washingsoda,1
eglantine,1
swooped,1
corporosity,1
swarmed,1
broach,1
poorest,1
depositor,1
uppercross,1
lotus,1
earthname,1
appellative,1
mastino,1
ensues,1
landless,1
holyoake,1
minishing,1
infallibly,1
brawlaltogether,1
terrorising,1
bagman,1
filing,1
maladroit,1
quince,1
cigary,1
altarlist,1
ig,1
applauded,1
rathe,1
fontenoy,1
marksmanship,1
commended,1
cowhouse,1
epistolary,1
enthralled,1
albino,1
capecoat,1
adiutorium,1
wrestling,1
mcmiv,1
tenderish,1
abbreviation,1
chivalrous,1
designated,1
prognathic,1
delapaz,1
spill,1
egressive,1
hospitator,1
bloodz,1
turbine,1
jutted,1
bookkeeper,1
catholicism,1
sifted,1
tipple,1
jiggered,1
moonlit,1
mansmell,1
campaign,1
appetisingly,1
gridiron,1
samee,1
deploying,1
interrupting,1
unoccupyable,1
baldynoddle,1
tightrope,1
profuse,1
scald,1
foror,1
druidism,1
bookshop,1
submarine,1
reentrant,1
ratified,1
sugarplum,1
decidua,1
scheduled,1
quisquis,1
auditorium,1
milkjugs,1
robinredbreasted,1
bestow,1
horace,1
exhaling,1
convicted,1
contemplate,1
pipeage,1
breechpad,1
bloodpoisoning,1
strainveined,1
swatheturner,1
jennet,1
fluctuating,1
dorsal,1
hermetic,1
ahorizontal,1
plaining,1
mastermystic,1
coadjutor,1
profitably,1
historian,1
mousey,1
heresiarchus,1
calefaction,1
perpetrating,1
proviso,1
boomhammer,1
impress,1
fizzing,1
encountering,1
pulsing,1
kenny,1
gonorrheal,1
suffused,1
urination,1
kirtle,1
occultly,1
thankibus,1
destined,1
grilse,1
decompose,1
seachange,1
honorificabilitudinitatibus,1
upstart,1
lynches,1
behoof,1
mollificative,1
sized,1
mitigating,1
portsmouth,1
skykicking,1
inadvisable,1
greasepaint,1
voulez,1
profoundly,1
nemo,1
careering,1
lupus,1
auspicious,1
standoffish,1
afasting,1
fairytale,1
demerara,1
pseudo,1
breathlessly,1
levanter,1
participating,1
demisemiquaver,1
courtdress,1
myra,1
rowel,1
aeronautical,1
purloined,1
solicitorgeneral,1
deathsman,1
sohan,1
surrey,1
capsicum,1
brud,1
crimp,1
scutchmills,1
creaminess,1
laur,1
seductive,1
abomination,1
aldebaran,1
dympna,1
cakeshops,1
bungle,1
obscurely,1
fossicle,1
requesting,1
granados,1
grassing,1
leask,1
mercenary,1
bankrupt,1
variorum,1
monotone,1
speranza,1
coax,1
irreducible,1
kildares,1
delightedly,1
toasting,1
armless,1
attend,1
cultivation,1
darkinbad,1
selfprolonging,1
dissertation,1
cuisine,1
prospered,1
rightaboutface,1
monachus,1
wallflower,1
brooder,1
taittering,1
inkhorns,1
naples,1
unam,1
wishing,1
gravemould,1
earns,1
devolved,1
bulbous,1
goldenbrown,1
manfield,1
beaglebaying,1
gounod,1
hallstand,1
natheless,1
wobbler,1
undergraduate,1
reynard,1
imposture,1
cyril,1
hauck,1
thickplotting,1
incuneated,1
bungardilaun,1
unscrews,1
cowry,1
theolologicophilolological,1
benedetto,1
militant,1
conveys,1
regius,1
loofah,1
societate,1
halfcastes,1
jerry,1
tyrannise,1
darting,1
fogeydom,1
dwellinghouse,1
longbreak,1
malora,1
genitals,1
voiced,1
crawthumpers,1
undivided,1
antipode,1
wastage,1
coalesced,1
modelled,1
bingham,1
azured,1
devan,1
paleolithic,1
discursiveness,1
scaped,1
trenchancy,1
bester,1
emitting,1
scrutinised,1
eg,1
ninetyfour,1
jauntyhatted,1
empedocles,1
osier,1
scrag,1
liability,1
insensible,1
congo,1
physiologist,1
infantry,1
clockwork,1
territory,1
engrailed,1
shotgun,1
darkhidden,1
chestnote,1
happed,1
agreement,1
stiffpointed,1
paysayenn,1
inkeraser,1
immolates,1
fuming,1
seul,1
fellowplayer,1
adorned,1
compassionated,1
howdah,1
lowringing,1
pippi,1
desperado,1
enjoyable,1
wariness,1
marmalade,1
waterbutt,1
principal,1
menthol,1
centurionum,1
simmer,1
jemina,1
bacillus,1
raffle,1
molecular,1
nescit,1
sweetest,1
tetuan,1
lammermoor,1
allee,1
betokened,1
distich,1
monumental,1
fetterchain,1
steelyringing,1
frau,1
personalty,1
blackbird,1
executioner,1
exhibitionististicicity,1
imprisons,1
brack,1
roguewords,1
longwise,1
superincumbent,1
embargo,1
grousing,1
varicose,1
hosier,1
chainies,1
silhouette,1
flasher,1
blowbags,1
rollshutter,1
hostility,1
litt,1
fromage,1
tutt,1
hajajaja,1
polycimical,1
dandered,1
uninverted,1
premonstratensians,1
postulant,1
virid,1
paraphenomena,1
frauenzimmer,1
namine,1
disserving,1
redconecapped,1
ungrate,1
milled,1
riverbed,1
bowknotted,1
cran,1
thoughtreading,1
claffey,1
walsingham,1
doubledyed,1
licked,1
monopolising,1
elucidate,1
duff,1
mincepies,1
foible,1
faites,1
prophesied,1
dunn,1
terra,1
toothsome,1
subsidence,1
eppoi,1
hellohellohello,1
utterl,1
turbary,1
overclouding,1
sacrificial,1
languideyed,1
colleagual,1
bullawurrus,1
weakened,1
ushered,1
maharajah,1
dosshouse,1
aphrodis,1
tulle,1
schoolman,1
clause,1
locksmith,1
hairshirt,1
coatpans,1
gurls,1
hecat,1
caning,1
hallows,1
recuperation,1
varlet,1
taunted,1
lefthand,1
postmenstrual,1
britannica,1
mumpsypum,1
vifargent,1
earlocks,1
commissioned,1
cherish,1
swancomb,1
geneva,1
ovoca,1
external,1
clonskea,1
sweetens,1
creel,1
fatchuck,1
threnes,1
feety,1
viterbo,1
jeremies,1
pressgang,1
naught,1
amawf,1
beaconsfield,1
whatdoyoucallthem,1
moneypenny,1
selfinvolved,1
parachute,1
stockingette,1
fingernail,1
callow,1
oxenford,1
diddled,1
fattening,1
debauch,1
symposiarchal,1
plopslop,1
archimedes,1
kerwan,1
jagged,1
riot,1
whalemeat,1
impelled,1
affray,1
dou,1
botchup,1
ninefooter,1
rowe,1
tod,1
fumed,1
escutcheon,1
distracted,1
zaretsky,1
nescient,1
gobstuff,1
ingredient,1
uu,1
vom,1
jocundly,1
tempted,1
emptily,1
bloodypapered,1
frugal,1
grained,1
jocoserious,1
osprey,1
tampered,1
vergerfaced,1
arrogant,1
consecrated,1
flippant,1
transcendentalism,1
lynne,1
denoted,1
ponders,1
sewn,1
quickset,1
goshawk,1
poundage,1
immortelle,1
halfwon,1
panoply,1
inkshining,1
signalling,1
ventriloquial,1
enticing,1
coelo,1
exhibited,1
romanus,1
blueribboned,1
pree,1
daft,1
bloodboltered,1
depressed,1
demarcation,1
pawnshop,1
chapterhouse,1
miseris,1
intoxication,1
backmost,1
untastable,1
leching,1
potitus,1
reduplication,1
unbind,1
pimlico,1
smokepalled,1
rechristened,1
bus,1
bagslops,1
precise,1
jesusmario,1
vastness,1
hillcat,1
withouten,1
clamped,1
adulterously,1
mangled,1
gea,1
pu,1
milchcows,1
machale,1
jacquard,1
jellibees,1
fermanagh,1
nevertell,1
unconcernedly,1
fattened,1
answ,1
hanker,1
bowsy,1
diamondtrimmed,1
dived,1
clerkenwell,1
suffers,1
extract,1
debit,1
homegrown,1
bisection,1
tact,1
smelly,1
ahbeesee,1
fragility,1
leopoldleben,1
selection,1
scribble,1
perfervidly,1
grabbed,1
abjectly,1
lardy,1
chutney,1
bellew,1
mensa,1
bluebags,1
masetto,1
pprrpffrrppffff,1
wright,1
ballyhooly,1
fellowship,1
bloke,1
identically,1
ponts,1
mournfully,1
flowingbearded,1
satisfying,1
jovian,1
realising,1
infatuation,1
sunnier,1
muhammad,1
ermine,1
honeying,1
buddh,1
aimless,1
putrefied,1
coolwrappered,1
yailer,1
yokel,1
fired,1
perfuming,1
theft,1
grieve,1
gospeltrue,1
controversy,1
difficultly,1
turgidly,1
exeunt,1
druidy,1
sp,1
dreamhusband,1
tuned,1
bluesilver,1
pursily,1
steerage,1
aerial,1
glasseyes,1
appellation,1
expedient,1
unwilling,1
postea,1
bastinado,1
dunderhead,1
famileye,1
gambol,1
entwining,1
tittered,1
gamp,1
curley,1
roan,1
wickedness,1
contrariwise,1
kidnapped,1
jeffs,1
dishybilly,1
greying,1
shaggychested,1
taper,1
abandoning,1
baad,1
tailormade,1
bloodbeaked,1
stalestunk,1
pippin,1
unsaluted,1
eloped,1
mailcars,1
thistledown,1
herz,1
catalogue,1
fullam,1
goosegrease,1
regimental,1
quoting,1
harsher,1
luckpenny,1
opeecue,1
womanbody,1
christum,1
misdeed,1
imperatively,1
sartorial,1
underskirt,1
fursey,1
paramount,1
shoreward,1
wassailing,1
remotest,1
recd,1
imperfectly,1
brilliants,1
chrism,1
forlornlooking,1
fullback,1
vive,1
drought,1
goy,1
hig,1
kibe,1
unsympathetic,1
emeraldgartered,1
trunkleg,1
artisan,1
contorting,1
barbarity,1
signior,1
workingman,1
alms,1
stopwatch,1
cornu,1
inoperative,1
slinking,1
resuscitation,1
disparition,1
aquiline,1
smiledyawnednodded,1
hardheaded,1
disheartened,1
jailer,1
conviviality,1
frogsplits,1
pained,1
madre,1
qu,1
circumjacent,1
lexicon,1
piston,1
oblate,1
thaumaturgic,1
consanguineous,1
hopscotch,1
scornfully,1
ticketwriters,1
kristos,1
glossycombed,1
donation,1
maximilian,1
ossifrage,1
confucius,1
surefooted,1
parsley,1
swingchains,1
addio,1
flabbily,1
ween,1
multisecular,1
harrowed,1
resume,1
wishly,1
daintily,1
classified,1
plaything,1
obstreperous,1
antesatisfaction,1
hick,1
procrastination,1
acky,1
abhorrence,1
deepseashadow,1
tiptoing,1
steeled,1
bathingplace,1
pieta,1
transfer,1
predestination,1
winebig,1
dottyville,1
compendium,1
gipsy,1
tanderagee,1
howandever,1
imperceptibly,1
stethoscope,1
sallied,1
grandjoker,1
sequence,1
fenians,1
beautyspot,1
bartholdy,1
allhardest,1
pouncing,1
chucking,1
background,1
pabulum,1
rostrevor,1
posthumous,1
urban,1
capitalistic,1
cancan,1
linenhall,1
skit,1
gigglegold,1
masculinely,1
ignore,1
inverness,1
dungeon,1
brangan,1
complication,1
agate,1
bandog,1
unfurled,1
aeronautic,1
neverrip,1
unintelligible,1
plank,1
berth,1
faddist,1
aquam,1
secondleg,1
rabid,1
madding,1
wrongdoing,1
dumpy,1
mapas,1
foreskin,1
embarked,1
gabby,1
reappearance,1
soled,1
gumjelly,1
glauber,1
confab,1
bayleaves,1
boof,1
afflatus,1
cobbler,1
papoose,1
noch,1
selfcompelled,1
delved,1
viridum,1
trowlers,1
crook,1
nonconformist,1
quietude,1
mocassin,1
diphthong,1
arena,1
resisting,1
soulfully,1
superiority,1
mercerised,1
donate,1
upanishad,1
dower,1
quota,1
toady,1
troppo,1
sandbag,1
haltyaltyaltyall,1
annually,1
lifetask,1
sesquipedalian,1
inquest,1
harmsworth,1
kelomen,1
kraahraark,1
surreptitiously,1
gravidancy,1
seasoned,1
trademark,1
posticipated,1
bawns,1
catechetical,1
thickness,1
goldring,1
avec,1
burner,1
revealment,1
malley,1
vaster,1
snowy,1
ludamassy,1
drouthy,1
strategy,1
edifying,1
tolerably,1
sackville,1
shielding,1
kyrie,1
silverstringed,1
gu,1
semper,1
pudor,1
snubnose,1
typical,1
gallstone,1
semilaterally,1
comisky,1
grandam,1
invest,1
parsimonic,1
eureka,1
orchestral,1
mu,1
sion,1
confectionery,1
superquality,1
catacomb,1
globule,1
regis,1
paunchbrow,1
drunkenly,1
corresponded,1
conquest,1
unceasingly,1
discussing,1
rockgun,1
cinquespotted,1
slewed,1
unbloused,1
efficient,1
requisitioned,1
levanted,1
incrustation,1
terrified,1
absorbing,1
pubhunting,1
emprise,1
austin,1
woodshadows,1
strumpet,1
dumpty,1
beent,1
bloodhued,1
cordelia,1
fellowfaces,1
philotheology,1
redlabelled,1
lattiginous,1
kratchinabritchisitch,1
pocketcomb,1
azote,1
lope,1
erst,1
nates,1
demi,1
foxeyes,1
polla,1
priestylooking,1
polled,1
orotund,1
rawhead,1
symph,1
hobnailed,1
reappropriated,1
diminution,1
halfshut,1
spoutless,1
biddeth,1
sofacorner,1
castagnettes,1
browned,1
smoothing,1
interplanetary,1
invokes,1
prima,1
wal,1
dapper,1
toepoint,1
hainau,1
recommended,1
precombustible,1
drad,1
zermatt,1
disappearing,1
lightingup,1
browbeating,1
endangering,1
silversmile,1
monasterboice,1
sowcunt,1
hangende,1
alkali,1
rooshian,1
keating,1
fainter,1
prototype,1
chaperoned,1
shoehorn,1
ballstop,1
iagogogo,1
ticktacktwo,1
stallfed,1
lang,1
ovoblastic,1
pigott,1
poyntz,1
smi,1
soutane,1
disclosure,1
prow,1
fratres,1
quickened,1
wisely,1
scuse,1
incredibly,1
pewopener,1
vizier,1
orgy,1
follower,1
indigestion,1
squawk,1
guvnor,1
looser,1
bulgar,1
lockjaw,1
wanly,1
clotheshorse,1
nefarious,1
peachy,1
greenvested,1
operatic,1
wheelgear,1
porthole,1
rustic,1
sewell,1
monetary,1
hagan,1
puritan,1
fishingcap,1
mightnt,1
baconhogs,1
argal,1
hogjowled,1
dour,1
insure,1
monocle,1
ramhead,1
shivery,1
smattering,1
modulation,1
reactivity,1
shipload,1
perversion,1
negroid,1
slogan,1
spurgeon,1
marfeast,1
uncoiled,1
civilly,1
stuckup,1
nutsteak,1
alemates,1
pitifully,1
interlacing,1
sideseats,1
lowpower,1
equidifferent,1
unearned,1
rallied,1
boreens,1
reconnoitring,1
tutelary,1
phedo,1
culler,1
lansdowne,1
feetshuffling,1
bootle,1
tryst,1
elbowlength,1
heligoland,1
braceletted,1
cometary,1
simulation,1
persist,1
voisin,1
dolt,1
sickening,1
wheysour,1
gemmed,1
compiled,1
pilfering,1
posited,1
agnus,1
wagtail,1
barrister,1
providing,1
turpin,1
plotching,1
loftiest,1
salutant,1
rigmarole,1
abstract,1
divinely,1
modicum,1
entry,1
astrological,1
dustbrown,1
circumprocession,1
remobilised,1
proboscis,1
uneatable,1
eightpenny,1
flunkey,1
strewn,1
odalisk,1
horsenostrilled,1
selfnodding,1
outsize,1
cucumber,1
prodding,1
ravenhaired,1
pentonville,1
garrotted,1
inherit,1
globetrotter,1
leeolee,1
jetsam,1
prostitution,1
counterblast,1
scampering,1
soothed,1
cramer,1
spying,1
waaaaaaalk,1
gelid,1
exparte,1
vailed,1
countless,1
excluding,1
supererogatory,1
phosphorescence,1
hodden,1
ignarus,1
blackbottom,1
rampart,1
disparate,1
terrorcausing,1
girling,1
certifying,1
rakatejch,1
gloaming,1
graduated,1
hierarchy,1
redbank,1
auriga,1
deluder,1
sabred,1
research,1
communards,1
arrears,1
forgiveness,1
opprobrium,1
comether,1
jailbreaking,1
anxious,1
textile,1
gasworks,1
semitic,1
squarepushing,1
cornerboys,1
joyce,1
threescore,1
athy,1
touraine,1
braiding,1
swimmer,1
squabble,1
capuchin,1
suff,1
norton,1
depravity,1
poaching,1
overarching,1
pipespills,1
boywomen,1
fuddled,1
balderdash,1
physicist,1
ferons,1
thor,1
ethiop,1
plumy,1
redmond,1
cicatrice,1
wristwatch,1
scampered,1
byrd,1
eglintonus,1
spatchcocked,1
perused,1
underground,1
chastened,1
conglomerated,1
consciousness,1
hoh,1
staved,1
cooperation,1
soften,1
ridingboots,1
benedict,1
hornbeam,1
infare,1
evangel,1
receipt,1
toastrack,1
tidying,1
forsaken,1
deathbell,1
wrecked,1
thenceforward,1
immeasurably,1
hackleplume,1
ensemble,1
eruption,1
alter,1
cinque,1
fellmongers,1
napping,1
trinitarian,1
conservio,1
culled,1
horserides,1
participle,1
ove,1
puritanisme,1
accompanying,1
swifter,1
repugnance,1
rattler,1
thirdly,1
hollering,1
brusquely,1
precipitated,1
adorer,1
boardinghouse,1
muscularity,1
silverware,1
keyed,1
servi,1
masstime,1
insinuating,1
bohemia,1
bather,1
jordan,1
pulp,1
childman,1
crowding,1
dullbrained,1
atonement,1
radical,1
pouched,1
annex,1
auctioneer,1
akeled,1
lenehans,1
girding,1
ricepowdered,1
nebulous,1
lefthanded,1
choker,1
epsom,1
invitasti,1
mandoline,1
teabrown,1
dogbiscuits,1
ordinal,1
progressed,1
peatmot,1
seawrack,1
lilywhite,1
configuration,1
justin,1
lambe,1
