lemma,frequency
.,19667
",",16361
the,14953
of,8158
be,7290
and,7213
a,7112
he,5793
to,4967
in,4935
i,4002
his,3330
that,3131
:,2562
it,2521
with,2513
—,2358
?,2176
on,2113
's,2043
you,2021
have,2013
say,1997
for,1952
her,1795
),1787
they,1769
not,1753
_,1594
!,1468
do,1455
all,1320
at,1290
by,1267
she,1223
as,1184
_(,1125
from,1087
bloom,1007
what,985
or,957
out,898
my,884
up,827
there,809
like,780
one,752
their,725
we,721
mr,717
see,708
go,695
will,694
but,694
no,670
(,651
come,647
so,615
man,599
then,578
would,576
stephen,570
good,567
know,556
when,552
this,546
if,543
about,534
get,523
which,518
who,518
old,509
your,507
hand,494
look,463
eye,457
time,454
down,452
make,445
over,443
too,442
now,438
after,427
take,418
two,393
give,391
could,388
other,381
back,370
off,370
tell,364
yes,358
day,336
woman,332
where,330
into,330
more,315
some,315
o,311
thing,308
think,307
father,307
street,306
...,303
our,298
way,297
here,296
its,293
well,293
little,291
can,288
how,284
first,278
turn,276
ask,276
face,272
want,268
hear,262
long,259
name,259
call,258
god,258
head,256
only,253
through,252
put,252
never,252
round,249
right,249
just,249
night,245
again,244
word,230
let,227
very,226
must,225
under,224
love,222
himself,221
because,220
sir,220
before,218
life,214
walk,207
-,206
pass,205
year,204
young,203
mrs,202
voice,200
wait,200
house,198
still,195
john,194
hat,193
why,191
any,191
feel,189
place,188
last,187
poor,187
j.,185
stand,183
might,181
hold,180
something,179
away,179
dedalus,174
always,174
three,174
course,173
fellow,171
than,169
though,169
same,168
light,164
mulligan,163
white,163
much,163
bring,162
foot,162
leave,161
ever,160
own,159
world,159
bit,158
laugh,157
water,157
lord,157
cry,155
great,155
read,155
point,154
new,154
write,153
bear,152
open,152
high,152
watch,151
wife,150
most,150
mother,149
black,147
door,147
miss,146
behind,144
girl,144
arm,141
every,141
smile,140
heart,140
speak,140
fall,140
run,139
suppose,138
without,138
dark,136
sit,136
joe,135
show,134
bad,134
till,134
find,134
person,133
between,133
lay,132
answer,132
big,132
mouth,132
son,132
upon,131
boy,131
side,131
such,130
while,129
hair,128
against,128
lady,128
another,127
once,127
even,125
half,125
die,124
far,124
s.,124
dublin,123
dead,123
near,123
wonder,122
try,122
air,121
keep,121
towards,120
morning,119
gentleman,119
child,119
home,119
letter,119
use,119
sing,118
buck,117
follow,116
kind,116
along,116
sea,114
bed,114
talk,114
live,113
red,113
irish,112
draw,112
drink,112
mean,111
play,110
paper,110
bloody,108
end,108
meet,108
money,107
second,107
lose,107
martin,107
lenehan,107
finger,106
remember,106
book,106
pocket,105
both,105
citizen,103
full,102
zoe,102
past,101
mind,101
green,100
nothing,100
eat,100
power,100
friend,100
sure,99
corner,98
forget,98
._,98
land,97
rise,97
four,97
moment,95
lip,95
window,95
each,95
pay,94
case,94
gold,93
begin,93
may,93
soul,92
death,92
work,92
five,92
wear,91
touch,91
stop,91
believe,91
king,91
master,90
body,89
form,89
ear,89
part,89
anything,88
lift,87
also,87
sweet,86
ireland,86
hour,86
break,85
quite,85
left,85
step,84
should,84
brother,84
wind,83
ah,83
yet,83
table,83
line,83
dear,83
blue,83
!_,82
sun,82
send,82
ten,82
change,82
flower,82
dignam,82
nice,82
dress,81
throw,81
horse,81
stick,81
perhaps,81
low,80
many,80
kiss,80
move,79
henry,79
dog,78
professor,78
lovely,77
rest,77
hope,77
private,77
cunningham,77
gaze,76
few,76
smell,76
fine,76
saint,76
ben,76
forward,75
music,75
hang,75
seem,74
matter,74
today,73
tea,72
de,72
leopold,72
conmee,72
nose,71
slowly,71
myself,71
boot,71
bob,71
rock,71
close,71
molly,71
enough,70
order,70
lynch,70
bend,69
shoulder,69
nature,69
set,69
number,69
grey,68
next,68
lie,68
earth,68
shilling,67
buy,67
wall,67
present,67
ned,67
chap,66
shall,66
evening,66
idea,66
listen,66
hard,66
fact,66
cissy,66
cross,65
shake,65
stone,65
figure,65
fire,65
ought,65
return,65
leg,64
haines,64
across,64
raise,64
sleep,64
gerty,64
boylan,64
1,63
room,63
cold,63
free,63
daughter,63
age,62
large,62
glance,62
late,62
true,62
law,62
catch,62
fair,61
pray,61
p.,61
c.,61
save,60
breath,60
brown,60
lead,60
rather,60
whole,60
tear,59
blow,59
holy,59
church,59
nor,59
human,59
dollard,59
together,58
roll,58
priest,58
around,58
question,58
six,58
learn,57
pull,57
simply,57
tap,57
soft,57
country,57
city,57
road,57
blind,57
pound,57
among,57
bless,56
art,56
ring,56
often,56
beauty,56
office,56
pat,56
o’,56
alf,56
care,55
pick,55
page,55
cup,55
sign,55
marry,55
lot,55
female,55
2,54
shadow,54
quickly,54
hot,54
cut,54
warm,54
carry,54
mary,54
quick,54
understand,54
somewhere,54
help,54
gone,54
ay,54
act,54
thou,54
*,54
blood,53
neck,53
jew,53
cap,53
seat,53
lambert,53
start,53
appear,53
add,52
milk,52
language,52
month,52
fly,52
tongue,52
bridge,52
court,52
simon,52
themselves,52
small,52
husband,52
yellow,51
stare,51
sigh,51
bread,51
sister,51
forth,51
queen,51
since,51
wave,51
short,51
company,51
trouble,50
tooth,50
pair,50
car,50
alone,50
strike,50
hell,50
star,50
ago,50
douce,50
skin,49
bow,49
job,49
eh,49
knock,49
really,49
fat,49
mirror,48
halt,48
general,48
hide,48
heavy,48
clean,48
card,48
penny,48
itself,48
crown,48
anyhow,48
corny,48
kelleher,48
account,48
wish,47
silent,47
bright,47
enter,47
whom,47
whisper,47
paddy,47
different,47
caffrey,47
cover,46
trousers,46
knee,46
thy,46
sort,46
field,46
silk,46
sound,46
thought,46
mark,46
tree,46
m.,46
cause,46
royal,46
per,46
family,46
certain,46
bronze,46
please,45
grow,45
however,45
someone,45
damn,45
beside,45
secret,45
shakespeare,45
tom,45
nine,45
race,45
devil,45
lane,45
sad,45
notice,45
sailor,45
hundred,45
thanks,44
fear,44
colour,44
memory,44
glass,44
reason,44
thank,44
bell,44
week,44
sin,44
deasy,44
least,44
none,44
bar,44
thousand,44
drive,44
hall,44
inside,44
double,44
milly,44
cowley,44
o’molloy,44
crawford,44
public,44
ad,43
slow,43
song,43
above,43
heaven,43
prince,43
richie,43
natural,43
skirt,43
drop,43
herself,43
breen,43
virag,43
sell,42
wrong,42
twice,42
note,42
rich,42
kick,42
offer,42
possible,42
square,42
hotel,42
moon,42
male,42
jack,42
florry,42
kill,41
within,41
silver,41
whose,41
seven,41
win,41
ball,41
gate,41
business,41
rose,41
carriage,41
eglinton,41
kitty,41
bello,41
[,40
],40
instant,40
cheek,40
heel,40
pour,40
grave,40
flesh,40
wash,40
press,40
front,40
address,40
william,40
myles,40
flynn,40
fold,39
poet,39
suddenly,39
spirit,39
shout,39
else,39
deep,39
school,39
key,39
state,39
become,39
north,39
sand,39
flow,39
cat,39
george,39
suit,39
need,39
row,39
kernan,39
edy,39
gently,38
yourself,38
whether,38
slip,38
eleven,38
south,38
beautiful,38
la,38
beyond,38
salute,38
piece,38
everything,38
dance,38
tommy,38
contain,38
id,38
top,37
happen,37
pity,37
butter,37
fresh,37
less,37
virgin,37
pleasure,37
scene,37
funeral,37
outside,37
bottle,37
garden,37
hate,37
whore,37
kennedy,37
bella,37
5,36
sight,36
silence,36
shirt,36
breast,36
jesus,36
wine,36
egg,36
sense,36
quiet,36
spring,36
either,36
wild,36
amid,36
bury,36
rain,36
ground,36
summer,36
minute,36
picture,36
animal,36
baby,36
reverend,36
pretty,36
a.,36
wyse,36
during,36
stay,35
brow,35
laughter,35
shine,35
coin,35
hamlet,35
simple,35
happy,35
button,35
sometimes,35
burke,35
soon,35
probably,35
marion,35
receive,35
grace,35
madden,35
james,34
strong,34
loose,34
ancient,34
french,34
character,34
bull,34
b.,34
story,34
moses,34
sheet,34
easy,34
wet,34
smoke,34
fish,34
quay,34
certainly,34
whatever,34
hynes,34
various,34
mention,34
birth,34
attention,33
quietly,33
real,33
knife,33
handkerchief,33
clear,33
dream,33
ship,33
crack,33
softly,33
floor,33
remark,33
subject,33
remind,33
bone,33
hello,33
tail,33
lamp,33
fool,33
goulding,33
view,33
desire,33
object,33
opposite,33
hee,33
peer,32
shut,32
middle,32
aside,32
almost,32
coat,32
mass,32
curse,32
doctor,32
lock,32
chair,32
bag,32
speech,32
ghost,32
bird,32
hole,32
host,32
youth,32
sink,32
;,32
cool,32
usual,32
beard,32
davy,32
nosey,32
common,31
indeed,31
image,31
leap,31
nod,31
space,31
',31
fight,31
widow,31
murder,31
bare,31
park,31
stuff,31
jingle,31
m’,31
dr,31
patrick,31
ward,31
coffin,31
produce,31
kinch,30
taste,30
bay,30
flash,30
island,30
loudly,30
kitchen,30
approach,30
fill,30
candle,30
grand,30
third,30
visit,30
national,30
quarter,30
christ,30
clothes,30
crowd,30
tram,30
tight,30
bank,30
meat,30
london,30
o.,30
luck,30
worth,30
fashion,30
twin,30
several,30
carr,30
twenty,29
shoot,29
float,29
hurry,29
drunk,29
doorway,29
paris,29
shade,29
explain,29
town,29
wide,29
breathe,29
march,29
w.,29
thee,29
blazes,29
piano,29
effect,29
party,29
phenomenon,29
begit,29
mount,28
tower,28
mountain,28
tone,28
greek,28
malachi,28
english,28
lean,28
beat,28
brain,28
print,28
imagine,28
spot,28
glove,28
war,28
cigarette,28
shell,28
history,28
afraid,28
repeat,28
slide,28
feed,28
study,28
honour,28
pin,28
tomorrow,28
editor,28
belly,28
position,28
shoe,28
pure,28
heat,28
instance,28
envelope,28
match,28
soap,28
reply,28
d.,28
guest,28
gob,28
drown,27
pain,27
fit,27
tall,27
fancy,27
cow,27
serve,27
food,27
truth,27
ashplant,27
prove,27
plain,27
example,27
ruin,27
burn,27
dry,27
pace,27
remain,27
kidney,27
queer,27
spanish,27
faith,27
false,27
pipe,27
perfume,27
cream,27
tiny,27
railway,27
million,27
wheel,27
bottom,27
menton,27
byrne,27
e.,27
perceive,27
ho,27
whistle,26
murmure,26
dull,26
circle,26
drawer,26
thick,26
reach,26
medical,26
stretch,26
easily,26
empty,26
thomas,26
mourn,26
sail,26
salt,26
flat,26
horn,26
influence,26
bald,26
bath,26
strange,26
train,26
violet,26
tweedy,26
allow,26
straight,26
college,26
statue,26
surprise,26
straw,26
shape,26
game,26
bosom,26
reflection,26
boardman,26
£,26
burst,25
manner,25
lightly,25
guinea,25
peter,25
petticoat,25
cheap,25
bill,25
collar,25
twelve,25
waistcoat,25
sacred,25
thumb,25
hill,25
glasses,25
ride,25
bite,25
justice,25
clock,25
soldier,25
paw,25
gentle,25
tip,25
potato,25
reflect,25
bucket,25
accept,25
chew,25
umbrella,25
l.,25
particular,25
dinner,25
society,25
h.,25
occasion,25
dillon,25
admire,25
somebody,25
besides,25
promise,25
rev.,25
cease,24
frown,24
wipe,24
dirty,24
loud,24
link,24
noise,24
push,24
cough,24
cloud,24
bid,24
student,24
pint,24
expect,24
tie,24
roman,24
michael,24
curve,24
weak,24
fade,24
excuse,24
dame,24
chain,24
pretend,24
rub,24
castle,24
fruit,24
coy,24
glad,24
organ,24
early,24
shop,24
poldy,24
nymph,24
smart,24
possibly,24
martha,24
joy,24
evidence,24
chance,24
special,24
habit,24
cast,24
noble,24
means,24
clap,24
murmur,24
result,24
4,23
10,23
plump,23
peep,23
sideways,23
brush,23
quid,23
suffer,23
beneath,23
chord,23
terrible,23
ready,23
wake,23
sake,23
reveal,23
joseph,23
harry,23
tonight,23
odd,23
board,23
moustache,23
soil,23
darling,23
pillar,23
stamp,23
strand,23
porter,23
counter,23
gibraltar,23
nail,23
purchase,23
box,23
concert,23
swell,23
weight,23
force,23
honourable,23
nurse,23
rush,23
cork,23
term,23
trinity,23
3,22
pleasant,22
delight,22
hero,22
teach,22
palm,22
veil,22
peace,22
tide,22
enjoy,22
breakfast,22
toss,22
plate,22
wonderful,22
library,22
problem,22
mad,22
proud,22
movement,22
cock,22
sky,22
nation,22
parnell,22
highly,22
awfully,22
pig,22
finish,22
nobody,22
possess,22
c,22
doran,22
feeling,22
prayer,22
fast,22
chief,22
purpose,22
accord,22
mile,22
design,22
machugh,22
t.,22
period,22
neither,22
suggest,22
poetry,22
due,22
article,22
f.,22
lidwell,22
cloth,22
gravely,21
original,21
servant,21
except,21
engage,21
swing,21
post,21
rule,21
meeting,21
damned,21
et,21
lump,21
growl,21
oil,21
west,21
hoof,21
build,21
tired,21
italian,21
england,21
photo,21
cure,21
already,21
naked,21
pink,21
lover,21
famous,21
settle,21
interesting,21
regard,21
scarlet,21
philip,21
golden,21
handsome,21
lyons,21
naughty,21
mercy,21
yard,21
member,21
mina,21
purefoy,21
holles,21
event,21
mix,21
don,21
remove,21
dilly,21
terry,21
jacky,21
existence,21
throat,20
gay,20
aunt,20
thrust,20
upper,20
loan,20
slightly,20
odour,20
wax,20
joke,20
flush,20
sovereign,20
sudden,20
measure,20
favour,20
creature,20
stiff,20
dare,20
stranger,20
officer,20
shove,20
river,20
shelter,20
vast,20
witness,20
stain,20
wood,20
lap,20
monday,20
hurt,20
skull,20
station,20
roar,20
count,20
soup,20
yesterday,20
plant,20
everyone,20
cake,20
stage,20
especially,20
bantam,20
action,20
seek,20
blush,20
stream,20
interest,20
j,20
nun,20
hospital,20
embrace,20
chamber,20
concern,20
perfect,20
?...,20
distant,20
future,20
dixon,20
observe,20
rudolph,20
render,20
couple,20
pale,19
liver,19
alive,19
steel,19
pen,19
harm,19
pluck,19
merry,19
boat,19
gift,19
jump,19
twist,19
tender,19
iron,19
brief,19
angel,19
silly,19
shift,19
band,19
sharp,19
o’connell,19
union,19
price,19
stock,19
wise,19
howth,19
le,19
health,19
coffee,19
proper,19
rapidly,19
blaze,19
stocking,19
wit,19
sway,19
beast,19
garter,19
weather,19
lo,19
captain,19
newspaper,19
thigh,19
brute,19
sorry,19
fault,19
duck,19
evil,19
christian,19
cheer,19
marriage,19
p,19
direction,19
list,19
sick,19
charles,19
consequence,19
stair,18
fork,18
elbow,18
clasp,18
sugar,18
corpse,18
nearer,18
tremble,18
flung,18
inner,18
welcome,18
eight,18
cattle,18
personal,18
path,18
treat,18
join,18
papa,18
wisdom,18
issue,18
strength,18
drag,18
uncle,18
judge,18
dan,18
include,18
suck,18
bang,18
respect,18
trick,18
barrel,18
nostril,18
scent,18
scratch,18
boil,18
increase,18
tooraloom,18
poison,18
theatre,18
sport,18
tribe,18
service,18
majesty,18
mayor,18
premise,18
wink,18
messrs,18
proceed,18
compton,18
6,17
bowl,17
staircase,17
edge,17
sleeve,17
silently,17
ash,17
seize,17
pop,17
pot,17
doubt,17
garment,17
huge,17
tale,17
goodbye,17
flame,17
british,17
battle,17
weep,17
ink,17
fifteen,17
copy,17
shame,17
leather,17
purple,17
edward,17
orange,17
presence,17
duke,17
butcher,17
opinion,17
scheme,17
sinn,17
womb,17
extend,17
tickle,17
rag,17
raw,17
stout,17
safe,17
bishop,17
lick,17
wander,17
value,17
chip,17
jarvey,17
m’coy,17
maid,17
funny,17
prize,17
forehead,17
police,17
lace,17
tour,17
neighbour,17
otherwise,17
fix,17
ye,17
unless,17
leonard,17
experience,17
express,17
anybody,17
rope,17
expression,17
keyes,17
properly,17
june,17
clay,17
oyster,17
erin,17
onion,17
condition,17
declare,17
elijah,17
hose,17
infant,17
nolan,17
ormond,17
tap.,17
costume,17
belong,17
intelligence,17
hed,17
9,16
15,16
awhile,16
recall,16
search,16
mute,16
hail,16
news,16
strain,16
slap,16
feature,16
..._,16
dust,16
slight,16
chant,16
duty,16
limp,16
equal,16
anyone,16
stomach,16
chest,16
bench,16
possibility,16
jerk,16
fox,16
purse,16
sock,16
splendid,16
gesture,16
jacket,16
disease,16
trade,16
cousin,16
broad,16
crush,16
exactly,16
mare,16
bride,16
monk,16
drunken,16
file,16
altar,16
ticket,16
brass,16
nerve,16
flood,16
climb,16
scream,16
bet,16
jaw,16
gallop,16
butt,16
curious,16
style,16
ha,16
traveller,16
spain,16
sex,16
ruby,16
limb,16
heigho,16
type,16
capital,16
denis,16
fifty,16
fun,16
companion,16
mistake,16
mortal,16
decease,16
below,16
residence,16
spectacle,16
madam,16
favourite,16
listener,16
similar,16
charge,16
u.,16
degree,16
moral,16
keeper,16
size,16
afar,16
report,16
advance,16
macdowell,16
pa,16
costello,16
fan,16
11,15
trip,15
kneel,15
curl,15
smooth,15
crooked,15
symbol,15
accent,15
stuck,15
glow,15
choke,15
charming,15
glory,15
gut,15
leader,15
peak,15
base,15
firm,15
wing,15
meal,15
goat,15
tissue,15
darkness,15
diamond,15
drum,15
merchant,15
sandymount,15
prefer,15
egypt,15
punch,15
richard,15
grief,15
property,15
deliver,15
steal,15
pleased,15
county,15
cook,15
sheep,15
constable,15
twilight,15
toe,15
jolly,15
wag,15
volume,15
arch,15
afternoon,15
request,15
instead,15
regular,15
solicitor,15
legal,15
flag,15
apart,15
nelson,15
married,15
corporation,15
pump,15
anyway,15
major,15
accompany,15
passage,15
consider,15
continue,15
...?,15
charm,15
latter,15
deed,15
literature,15
horne,15
aid,15
rochford,15
van,15
nay,15
constellation,15
bawd,15
cuckoo,15
bitch,15
acquaintance,15
project,15
vincent,15
ill,15
evidently,15
satisfaction,15
suggestion,15
former,15
narrator,15
8,14
pause,14
gather,14
gown,14
gaily,14
shave,14
bard,14
knolt,14
waste,14
faint,14
hollow,14
sweep,14
sunlight,14
tin,14
beg,14
sensation,14
level,14
mystery,14
apple,14
clever,14
fry,14
dish,14
immortal,14
sorrow,14
forefinger,14
snap,14
date,14
talbot,14
verse,14
thursday,14
rattle,14
grass,14
bargain,14
pile,14
shore,14
visible,14
deeply,14
lower,14
opera,14
europe,14
greet,14
harp,14
rat,14
sniff,14
shawl,14
storm,14
lonely,14
spend,14
hook,14
coal,14
height,14
sweat,14
hip,14
bold,14
agendath,14
government,14
olive,14
balance,14
seaside,14
beef,14
thunder,14
beaufoy,14
rate,14
conroy,14
curbstone,14
rip,14
friday,14
sunday,14
religion,14
museum,14
kildare,14
fare,14
reuben,14
nearly,14
agent,14
bachelor,14
beggar,14
awful,14
railing,14
gas,14
ow,14
everybody,14
being,14
store,14
alexander,14
advertisement,14
sober,14
lamb,14
region,14
puff,14
sofa,14
motion,14
shed,14
wire,14
dozen,14
labour,14
moore,14
coincidence,14
david,14
apply,14
farmer,14
curtain,14
plan,14
area,14
blouse,14
venus,14
absence,14
virtue,14
angle,14
lydia,14
mutual,14
foreign,14
particularly,14
inch,14
navvy,14
20,14
sustain,13
begg,13
refuse,13
glorious,13
scrape,13
loaf,13
lemon,13
slice,13
agree,13
divine,13
swiftly,13
flutter,13
dick,13
fail,13
catholic,13
blame,13
title,13
blank,13
erect,13
final,13
swallow,13
scarcely,13
weary,13
stale,13
bind,13
empire,13
lunch,13
literary,13
vain,13
nought,13
eve,13
si,13
pillow,13
avenue,13
invent,13
kevin,13
tuck,13
bark,13
knight,13
stoop,13
bat,13
nodd,13
lightning,13
rank,13
travel,13
split,13
eccles,13
excellent,13
handle,13
vein,13
goodwin,13
bump,13
writing,13
dislike,13
cabbage,13
choice,13
display,13
inclined,13
recognise,13
protestant,13
asleep,13
perfectly,13
bernard,13
mental,13
heir,13
twirl,13
affirm,13
bennett,13
swear,13
invisible,13
paint,13
r.,13
parcel,13
murray,13
nannetti,13
councillor,13
practice,13
hit,13
sceptre,13
university,13
lieutenant,13
supply,13
genius,13
appeal,13
altogether,13
previously,13
record,13
abbey,13
bass,13
appearance,13
system,13
clerk,13
howard,13
science,13
cane,13
quaker,13
discussion,13
blond,13
wail,13
commercial,13
urge,13
market,13
necessary,13
sixteen,13
barney,13
sweetheart,13
musical,13
amount,13
k.,13
subsequently,13
pianola,13
poulaphouca,13
cant,13
7,12
16,12
mild,12
calm,12
friendly,12
blade,12
chin,12
mighty,12
choose,12
trust,12
dancing,12
descend,12
bitter,12
powder,12
incense,12
ray,12
fume,12
teapot,12
blessing,12
_in,12
blink,12
spit,12
swim,12
dangle,12
plunge,12
latin,12
club,12
bending,12
able,12
rare,12
innocent,12
delicate,12
slope,12
reek,12
hue,12
porch,12
carefully,12
machine,12
pride,12
temple,12
russell,12
mutter,12
screw,12
bawl,12
vision,12
terrace,12
throne,12
fist,12
pad,12
choir,12
?_,12
decent,12
slender,12
tumble,12
custom,12
centre,12
creep,12
breeche,12
trot,12
gull,12
root,12
spread,12
rum,12
planet,12
east,12
kettle,12
rough,12
signal,12
pack,12
cart,12
mullingar,12
doyle,12
draught,12
dolphin,12
occupy,12
comb,12
bazaar,12
creak,12
difference,12
cigar,12
gallon,12
buzz,12
main,12
wreath,12
canal,12
arrangement,12
upright,12
wretch,12
mauve,12
screen,12
announce,12
murderer,12
policy,12
hely,12
yawn,12
giant,12
lombard,12
depart,12
initial,12
sack,12
postcard,12
delivery,12
newsboy,12
wellknown,12
waiter,12
'',12
viceregal,12
gerald,12
prepare,12
yell,12
stable,12
bother,12
interval,12
bicycle,12
mistress,12
conscious,12
hast,12
stripling,12
librarian,12
create,12
schoolboy,12
describe,12
quantity,12
amen,12
attend,12
unknown,12
heave,12
i.,12
kiernan,12
murphy,12
direct,12
modern,12
provide,12
solution,12
possession,12
benefit,12
klook,12
arise,12
canon,12
whereas,12
gun,12
author,12
insult,12
class,12
reduce,12
obtain,12
/,12
jesuit,11
solemnly,11
gent,11
dreadful,11
lend,11
stir,11
liquid,11
g.,11
kindly,11
rib,11
lawn,11
boom,11
hoarse,11
disappear,11
beer,11
heavily,11
begob,11
ann,11
praise,11
crouch,11
somewhat,11
rotten,11
prey,11
owe,11
intend,11
warmth,11
preced,11
grandfather,11
elder,11
somehow,11
gaiety,11
pope,11
surely,11
harbour,11
elderly,11
army,11
spoon,11
pier,11
bleeding,11
flap,11
heap,11
seal,11
fee,11
shy,11
seed,11
pencil,11
tis,11
nervous,11
palace,11
sum,11
thin,11
tray,11
lodge,11
error,11
shock,11
column,11
exchange,11
lion,11
solid,11
respectable,11
clutch,11
invincible,11
idiot,11
arrest,11
walking,11
steam,11
cheese,11
e,11
malahide,11
starve,11
lust,11
enemy,11
fortune,11
bound,11
cocked,11
claw,11
blast,11
distance,11
weed,11
tread,11
ocean,11
monsieur,11
stupid,11
cruel,11
eyelid,11
track,11
larry,11
circular,11
citron,11
parlour,11
plaster,11
slim,11
plume,11
ass,11
paul,11
saturday,11
armpit,11
kid,11
neat,11
uniform,11
grip,11
affair,11
share,11
ale,11
sale,11
punish,11
supper,11
crimson,11
guinness,11
comfort,11
rome,11
repose,11
bugger,11
cod,11
recline,11
oath,11
compare,11
invention,11
pike,11
deal,11
brian,11
fragment,11
bushe,11
temper,11
propose,11
spade,11
basket,11
faithful,11
freeman,11
co,11
query,11
arse,11
biscuit,11
junior,11
strode,11
swift,11
accordingly,11
success,11
muse,11
x,11
edmund,11
whirl,11
scotch,11
maginni,11
self,11
whoever,11
criminal,11
bacon,11
tankard,11
peasant,11
manners,11
assume,11
fate,11
hughes,11
forty,11
merely,11
accuse,11
boody,11
fanning,11
danger,11
gallant,11
vessel,11
discharge,11
examine,11
departure,11
surface,11
attract,11
conclude,11
series,11
complete,11
corley,11
1/2,11
14,10
length,10
shrill,10
patron,10
perch,10
trouser,10
stroke,10
trunk,10
clack,10
calf,10
deaf,10
mask,10
ourselves,10
spurn,10
brood,10
sacrament,10
horror,10
tramp,10
drinking,10
relief,10
melt,10
honey,10
maybe,10
goodness,10
twopence,10
rent,10
o’er,10
dusty,10
doll,10
farewell,10
breed,10
creation,10
familiar,10
irishman,10
swollen,10
lily,10
struggle,10
meaning,10
polished,10
caress,10
brand,10
brightness,10
riddle,10
loop,10
angry,10
brogue,10
generation,10
bible,10
desk,10
freeze,10
coloured,10
stride,10
adam,10
corn,10
lately,10
bolt,10
cost,10
herring,10
echo,10
sole,10
net,10
pigeon,10
egan,10
aha,10
overcoat,10
sip,10
non,10
slave,10
liffey,10
york,10
mock,10
ahead,10
mongrel,10
carpet,10
spoil,10
load,10
anywhere,10
keen,10
tilt,10
pan,10
lake,10
drift,10
beware,10
mutton,10
pork,10
grunt,10
grade,10
string,10
shot,10
o'clock,10
pub,10
boss,10
multiply,10
model,10
boldly,10
netaim,10
immense,10
exercise,10
sore,10
keogh,10
metempsychosis,10
barn,10
dearest,10
fond,10
rudy,10
goods,10
regret,10
bee,10
brace,10
westland,10
gape,10
cheque,10
cash,10
midnight,10
eunuch,10
excitement,10
america,10
opportunity,10
collis,10
gallaher,10
stink,10
bastard,10
likely,10
independent,10
shower,10
eagerly,10
croppy,10
callan,10
aged,10
loss,10
powerful,10
bunch,10
farrell,10
forgive,10
turf,10
encourage,10
extreme,10
divide,10
cuffe,10
thoroughfare,10
jimmy,10
chapel,10
fore,10
whenever,10
arrive,10
_hamlet_,10
macintosh,10
weigh,10
living,10
acre,10
photograph,10
robert,10
parallel,10
solemn,10
ascend,10
tenor,10
thump,10
foreman,10
spare,10
license,10
feast,10
decline,10
contrast,10
therefore,10
admiration,10
globe,10
countenance,10
mooney,10
copper,10
belief,10
throwaway,10
transparent,10
port,10
lucky,10
relation,10
guard,10
cashel,10
o’connor,10
connect,10
establishment,10
harness,10
squeeze,10
total,10
beam,10
badly,10
goddess,10
message,10
frederick,10
gap,10
emerald,10
constant,10
theory,10
earl,10
passion,10
honest,10
encore,10
francis,10
artifoni,10
hugh,10
division,10
truly,10
accident,10
reminiscence,10
yorkshire,10
castile,10
description,10
lionel,10
excite,10
domestic,10
pom,10
sterling,10
generally,10
corporal,10
execute,10
scholar,10
advantage,10
statement,10
worthy,10
universal,10
babe,10
feminine,10
social,10
slipper,10
successively,10
impression,10
nocturnal,10
cohen,10
1886,10
attraction,10
sternly,9
mockery,9
parapet,9
oxford,9
neatly,9
rage,9
wilde,9
seymour,9
ribbon,9
whip,9
chase,9
giddy,9
humour,9
offence,9
exclaim,9
chuck,9
vanish,9
rattling,9
whisky,9
hearth,9
valise,9
earnestly,9
text,9
exist,9
patient,9
ladder,9
manage,9
tug,9
trail,9
detach,9
calmly,9
growth,9
void,9
bundle,9
cling,9
spur,9
jet,9
pole,9
smoking,9
navy,9
poke,9
infinite,9
recent,9
damp,9
sixpence,9
misery,9
generous,9
pious,9
galway,9
difficulty,9
geese,9
patience,9
commit,9
troy,9
o’rourke,9
limit,9
no.,9
sword,9
widower,9
artist,9
player,9
walter,9
pill,9
pebble,9
mariner,9
_la,9
telegram,9
noon,9
arthur,9
escape,9
fog,9
scan,9
abandon,9
dwarf,9
slaughter,9
basin,9
hallway,9
dainty,9
reign,9
burning,9
swirl,9
foul,9
relish,9
bedroom,9
auction,9
picnic,9
daily,9
ginger,9
dung,9
prime,9
wrap,9
hay,9
policeman,9
turkish,9
owner,9
jar,9
parade,9
mastiansky,9
cloak,9
linen,9
katey,9
upstairs,9
programme,9
sprawl,9
monster,9
affection,9
kisse,9
electric,9
stephens,9
payment,9
yield,9
patent,9
gloom,9
ma,9
belfast,9
packet,9
relieve,9
baton,9
poster,9
plumtree,9
missus,9
thoughtfully,9
kate,9
droop,9
cabman,9
mantle,9
kingdom,9
beverage,9
atmosphere,9
gardiner,9
weapon,9
gallery,9
convent,9
huguenot,9
gradually,9
remedy,9
strawberry,9
trace,9
greatly,9
rendering,9
sadly,9
standard,9
instinct,9
plum,9
grant,9
ennis,9
cardinal,9
insurance,9
woe,9
important,9
gravedigger,9
caretaker,9
standing,9
knowledge,9
native,9
oblige,9
alderman,9
ordinary,9
local,9
par,9
weekly,9
authority,9
heartily,9
edition,9
cutting,9
proof,9
peel,9
jacob,9
spite,9
johnny,9
discover,9
promptly,9
twa,9
hungarian,9
attempt,9
b,9
dudley,9
remote,9
wealth,9
supple,9
hungry,9
bergan,9
effort,9
annual,9
belt,9
thoroughly,9
shelf,9
myler,9
boose,9
forest,9
fully,9
moonlight,9
tan,9
attendant,9
bearded,9
worship,9
league,9
represent,9
equally,9
mister,9
champion,9
vary,9
immediate,9
maggy,9
lacquey,9
dock,9
almidano,9
lad,9
wee,9
anear,9
retreat,9
crystal,9
tank,9
plus,9
minor,9
conceal,9
higgins,9
prison,9
saith,9
violent,9
pisser,9
h,9
occur,9
specimen,9
leo,9
eagle,9
career,9
o’hanlon,9
conversation,9
introduce,9
hm,9
insert,9
command,9
professional,9
individual,9
resident,9
driscoll,9
partially,9
instruction,9
reverse,9
matrimonial,9
0,9
razor,8
awake,8
rapid,8
sleepy,8
briskly,8
nicely,8
oval,8
absurd,8
groan,8
attack,8
pinch,8
swindle,8
matthew,8
frank,8
landing,8
wound,8
fever,8
agony,8
tune,8
grogan,8
folk,8
puzzle,8
jug,8
frequently,8
quart,8
scorn,8
serpent,8
englishman,8
stroll,8
curiosity,8
cliff,8
nimbly,8
ballad,8
behold,8
daresay,8
rite,8
weave,8
german,8
stew,8
alarm,8
thus,8
impatience,8
pyrrhus,8
dalkey,8
envy,8
bracelet,8
shepherd,8
aristotle,8
wove,8
drain,8
treasure,8
bulk,8
albert,8
frame,8
goal,8
pardon,8
classical,8
allusion,8
vital,8
scatter,8
telegraph,8
rusty,8
di,8
eternity,8
liberty,8
substance,8
dun,8
writ,8
squint,8
pinn,8
squeak,8
thirst,8
qui,8
à,8
1904,8
moist,8
crime,8
victoria,8
stool,8
loll,8
maiden,8
piss,8
brick,8
couch,8
slop,8
rere,8
everywhere,8
mouse,8
drouth,8
governor,8
legend,8
doorstep,8
halldoor,8
avoid,8
conduct,8
robber,8
instrument,8
greeting,8
whack,8
winter,8
grimace,8
metal,8
twentyeight,8
victim,8
easter,8
inhal,8
gravy,8
papli,8
vacant,8
ape,8
careful,8
thirteen,8
hum,8
tore,8
quality,8
patch,8
reserve,8
abode,8
profit,8
lever,8
needle,8
nag,8
marble,8
deny,8
rosary,8
slut,8
coombe,8
eightpence,8
coach,8
entrance,8
seventh,8
rake,8
lotion,8
found,8
pear,8
maximum,8
creaking,8
lurch,8
ignatius,8
cemetery,8
usually,8
dawson,8
opening,8
crofton,8
jury,8
rudely,8
civil,8
intelligent,8
hairy,8
antonio,8
riordan,8
fifth,8
block,8
throng,8
mourner,8
cone,8
gasp,8
mat,8
saviour,8
conceive,8
dig,8
mamma,8
telephone,8
glide,8
parliament,8
y,8
israel,8
adonai,8
greasy,8
pensive,8
fringe,8
eternal,8
entertainment,8
violently,8
crow,8
grin,8
loyal,8
imagination,8
gumley,8
recorder,8
someway,8
sufficient,8
advise,8
wring,8
deserve,8
compliment,8
bellow,8
licence,8
sour,8
anchor,8
pie,8
josie,8
boyle,8
tisdall,8
juice,8
attendance,8
owen,8
monkey,8
group,8
landlord,8
lure,8
napkin,8
stagger,8
consume,8
mustard,8
consumption,8
toast,8
claret,8
courage,8
brave,8
sung,8
discovery,8
useful,8
necessity,8
magee,8
score,8
brilliant,8
notion,8
understanding,8
snake,8
friar,8
upturned,8
wed,8
chime,8
emotion,8
hardly,8
actual,8
judas,8
honoure,8
range,8
poll,8
beheld,8
maria,8
raoul,8
opulent,8
hoarsely,8
wylie,8
single,8
subsheriff,8
assistant,8
jaunt,8
exquisite,8
cider,8
consideration,8
painful,8
compose,8
vendor,8
process,8
willy,8
grab,8
affect,8
correct,8
arrange,8
etc.,8
immediately,8
garb,8
firework,8
utter,8
alice,8
robe,8
proportion,8
simultaneously,8
pushcar,8
dignity,8
jealousy,8
suspicion,8
happiness,8
connection,8
phantom,8
support,8
apartment,8
increasingly,8
30,8
attach,8
performance,8
separate,8
yews,8
borlan,8
ute,8
cocoa,8
political,8
1893,8
solitary,8
1st,8
theres,8
12,7
13,7
17,7
lather,7
surround,7
grain,7
smartly,7
genuine,7
current,7
frankly,7
panther,7
crumple,7
kingstown,7
abruptly,7
seriously,7
china,7
rid,7
cranly,7
hop,7
tailor,7
cape,7
sleeping,7
visitor,7
beastly,7
richmond,7
function,7
offend,7
shield,7
dim,7
mirth,7
shapely,7
reappear,7
kip,7
gloomy,7
daylight,7
howl,7
hush,7
sandycove,7
fumble,7
darken,7
messenger,7
loin,7
gaelic,7
forearm,7
fourpence,7
washing,7
knot,7
agenbite,7
leer,7
prudent,7
withdraw,7
warning,7
believer,7
sidepocket,7
personally,7
squeal,7
idle,7
await,7
prolonged,7
applause,7
fathom,7
bannon,7
grasp,7
medicine,7
backward,7
satchel,7
lack,7
deftly,7
reluctant,7
eager,7
sow,7
rustle,7
buckle,7
grandmother,7
sargent,7
linger,7
plead,7
signature,7
ugly,7
borne,7
snug,7
gentile,7
hasty,7
stow,7
handy,7
useless,7
mantelpiece,7
communion,7
_the,7
dictate,7
speed,7
winner,7
pitch,7
liverpool,7
channel,7
department,7
surgeon,7
hospitality,7
uncertainly,7
creator,7
helen,7
ulster,7
beach,7
wool,7
alpha,7
spouse,7
bulg,7
conclusion,7
campbell,7
isle,7
upward,7
waist,7
ringsend,7
goose,7
il,7
n.,7
hunger,7
comment,7
tatter,7
griffith,7
hag,7
les,7
kish,7
dusk,7
louis,7
marie,7
plague,7
ivory,7
hare,7
shriek,7
rear,7
egyptian,7
ruffian,7
scribble,7
tawny,7
stark,7
roast,7
squat,7
mew,7
chicken,7
pepper,7
lid,7
cave,7
whiff,7
tramline,7
cent,7
sausages,7
ideal,7
saunter,7
barefoot,7
sauce,7
birthday,7
mob,7
capel,7
develop,7
destiny,7
allude,7
brady,7
batter,7
slack,7
oriental,7
sensitive,7
thirtytwo,7
unfold,7
dart,7
postoffice,7
redcoat,7
badge,7
outsider,7
noisy,7
unroll,7
incomplete,7
committee,7
palmer,7
stump,7
haunch,7
sinner,7
disturb,7
exhaust,7
liquor,7
convert,7
apparition,7
chalice,7
healthy,7
prostitute,7
glimpse,7
chemist,7
philosopher,7
drug,7
fortnight,7
barber,7
risk,7
christmas,7
fleming,7
pane,7
stitch,7
spat,7
nut,7
retrospective,7
ware,7
un,7
elephant,7
guide,7
wrinkle,7
burial,7
temporary,7
stake,7
pawn,7
kelly,7
steer,7
guilty,7
clothing,7
rein,7
anniversary,7
brandnew,7
plenty,7
thread,7
chinese,7
protect,7
tweed,7
frockcoat,7
charley,7
aim,7
wither,7
branch,7
wedding,7
gramophone,7
wriggle,7
remains,7
clapp,7
provincial,7
journal,7
reading,7
hint,7
canvasser,7
tourist,7
molloy,7
extra,7
debt,7
incipient,7
racing,7
crossblind,7
meditation,7
ponder,7
successful,7
goggle,7
protest,7
phoenix,7
route,7
rude,7
callinan,7
american,7
aught,7
taylor,7
fitzgibbon,7
estate,7
frock,7
contrary,7
hearing,7
vow,7
penelope,7
_a,7
almighty,7
sacrifice,7
strictly,7
loosen,7
dose,7
parallax,7
lottery,7
absorb,7
fitzmaurice,7
chalk,7
recover,7
driver,7
method,7
bun,7
retire,7
indian,7
nasty,7
fein,7
apron,7
salmon,7
pursue,7
dreamy,7
chat,7
completely,7
nobleman,7
tumbler,7
burgundy,7
sandwich,7
yearn,7
snuffle,7
flute,7
pearl,7
rhododendron,7
engine,7
plait,7
contact,7
vegetable,7
foe,7
stratford,7
tradition,7
retort,7
passionate,7
gain,7
piper,7
beaver,7
instructive,7
1903,7
suspect,7
secondbest,7
depth,7
sweetly,7
clown,7
nelly,7
reader,7
ton,7
moorish,7
peril,7
mountjoy,7
delightful,7
occasionally,7
unfortunate,7
tube,7
confess,7
historic,7
gorgeous,7
imitate,7
claim,7
29,7
viceroy,7
v.,7
gilt,7
mermaid,7
elastic,7
visage,7
steak,7
muscle,7
merciful,7
bravo,7
nigh,7
limited,7
distinct,7
wreck,7
yeoman,7
polite,7
barry,7
wonderworker,7
candlestick,7
purchaser,7
pence,7
until,7
distinguished,7
garryowen,7
dimension,7
britain,7
development,7
afford,7
expose,7
calculate,7
ensue,7
administer,7
permit,7
expensive,7
medal,7
exhibition,7
negative,7
practise,7
percy,7
previous,7
counsel,7
tenant,7
dew,7
artistic,7
hog,7
allege,7
vicinity,7
literally,7
respectively,7
needless,7
twentytwo,7
attitude,7
err,7
attractive,7
mist,7
lame,7
mulvey,7
chandelier,7
winkle,7
hoopsa,7
circumstance,7
reality,7
neglect,7
chiefly,7
analogy,7
st,7
religious,7
pose,7
retriever,7
absolutely,7
shaving,7
bellingham,7
talboys,7
era,7
personage,7
gardner,7
actually,7
respective,7
1888,7
2nd,7
ulysses,6
illustration,6
18,6
gurgle,6
barrack,6
glisten,6
skip,6
jest,6
dip,6
saxon,6
moan,6
mummer,6
stripe,6
abroad,6
radiant,6
bray,6
snout,6
_o,6
mater,6
hire,6
impossible,6
brazen,6
awe,6
clongowes,6
ajar,6
fetched,6
pet,6
ma’am,6
cramm,6
collector,6
thence,6
witch,6
likeness,6
entirely,6
crust,6
florin,6
scarf,6
tennis,6
conscience,6
billy,6
primrose,6
sling,6
vague,6
quiver,6
caper,6
jealous,6
imperial,6
_et,6
blend,6
awry,6
african,6
boatman,6
shirtsleeve,6
scramble,6
cochrane,6
phrase,6
ease,6
armstrong,6
crumb,6
pierce,6
mail,6
julius,6
fetter,6
lodg,6
dragon,6
tribute,6
loom,6
copybook,6
twig,6
flicker,6
childhood,6
willing,6
beginning,6
bog,6
hoard,6
haste,6
borrow,6
armagh,6
alas,6
keyboard,6
trespass,6
valuable,6
emperor,6
wherever,6
harlot,6
quote,6
dishonour,6
foresee,6
humble,6
publish,6
terror,6
ineluctable,6
che,6
ruddy,6
wherein,6
nip,6
cottage,6
consent,6
nowhere,6
mug,6
marsh,6
dean,6
ne,6
elevate,6
f,6
en,6
threepence,6
acid,6
shatter,6
slumber,6
tavern,6
kilkenny,6
mole,6
quest,6
fitzgerald,6
paradise,6
trotet,6
flight,6
fury,6
strangle,6
rogue,6
clip,6
vampire,6
glue,6
mould,6
delta,6
braid,6
lash,6
passing,6
release,6
titbit,6
imitation,6
intellect,6
cockle,6
tuesday,6
fowl,6
ham,6
dlugacz,6
softer,6
dawn,6
sentry,6
traffic,6
shuffle,6
farm,6
rustling,6
sting,6
rubber,6
disc,6
speck,6
artificial,6
crop,6
spitting,6
lough,6
farthing,6
bub,6
strip,6
ci,6
fingertip,6
fierce,6
kock,6
roughly,6
pungent,6
holiday,6
bowel,6
tara,6
season,6
dagger,6
sharply,6
whirr,6
postal,6
lazy,6
mead,6
fusilier,6
glare,6
tiptop,6
idly,6
potted,6
wicklow,6
suicide,6
mysterious,6
doff,6
celestial,6
bleed,6
snore,6
plot,6
temperance,6
thrill,6
gospel,6
confession,6
wicked,6
recipe,6
pore,6
dirt,6
balmy,6
turkey,6
hornblower,6
causeway,6
irishtown,6
swerve,6
catastrophe,6
clatter,6
grinn,6
scrawl,6
bust,6
satisfied,6
smith,6
fright,6
pauper,6
jewel,6
upset,6
gordon,6
ee,6
municipal,6
hearse,6
saloon,6
consolation,6
circulation,6
childs,6
wrongfully,6
consist,6
outrage,6
poplar,6
frequent,6
harsh,6
barrow,6
bonnet,6
vault,6
assure,6
spell,6
resume,6
reward,6
daniel,6
gnaw,6
practically,6
a.m.,6
p.m.,6
profound,6
robinson,6
mesias,6
uncover,6
poem,6
hooper,6
haunt,6
floey,6
shortly,6
metropolis,6
rathmines,6
brewery,6
phone,6
anne,6
awkward,6
renewal,6
throb,6
symmetry,6
deck,6
archbishop,6
divorce,6
jerusalem,6
bondage,6
_evening,6
telegraph_,6
recently,6
glasnevin,6
peerless,6
jeer,6
uplift,6
collision,6
wexford,6
construct,6
resemble,6
fleet,6
kavanagh,6
angrily,6
windy,6
chris,6
profession,6
historical,6
rumour,6
commission,6
youthful,6
culture,6
cradle,6
brawn,6
crubeen,6
hackney,6
bloo,6
witty,6
barreltone,6
jones,6
hasten,6
glencree,6
ankle,6
sticky,6
hereditary,6
bartell,6
smother,6
eminent,6
popular,6
miriam,6
feather,6
relative,6
burton,6
tax,6
register,6
flock,6
apjohn,6
squad,6
pupil,6
boers,6
peach,6
provost,6
marshal,6
sheehy,6
mood,6
disk,6
spinn,6
jingling,6
reggy,6
parson,6
prescribe,6
nigger,6
casual,6
further,6
terrier,6
filthy,6
sheriff,6
mumble,6
mess,6
swore,6
coil,6
loafer,6
temperature,6
excellency,6
hesitate,6
directly,6
rood,6
glen,6
spiritual,6
essence,6
eon,6
thief,6
pit,6
clergyman,6
earnest,6
synge,6
inward,6
comely,6
woo,6
lordship,6
yea,6
papal,6
waiting,6
northern,6
wooden,6
challenge,6
sage,6
severe,6
diver,6
scandal,6
pro,6
breach,6
rut,6
anticipate,6
refrain,6
adultery,6
variety,6
mature,6
mournful,6
graceful,6
everyman,6
superior,6
kerchief,6
nicholas,6
mud,6
conductor,6
damage,6
aloysius,6
cameron,6
pant,6
versus,6
guarantee,6
toff,6
saddle,6
prior,6
kindness,6
scone,6
merrion,6
grind,6
triple,6
terminus,6
representative,6
skyblue,6
baraabum,6
inaugurate,6
satin,6
antique,6
shouting,6
giggle,6
peal,6
select,6
stray,6
muffle,6
innocence,6
drench,6
characteristic,6
endeavour,6
phial,6
hark,6
bye,6
mere,6
protrude,6
pledge,6
voyage,6
ram,6
obscurity,6
franklin,6
savage,6
extinction,6
rumbold,6
expense,6
consequent,6
thereby,6
element,6
hi,6
delegate,6
freely,6
admirer,6
precious,6
audience,6
evoke,6
infinitely,6
sentiment,6
ga,6
speaker,6
importance,6
president,6
international,6
hebrew,6
connemara,6
depict,6
mendelssohn,6
credit,6
constitute,6
extent,6
scarce,6
improve,6
chocolate,6
intellectual,6
wince,6
circus,6
significance,6
transmit,6
anticipation,6
terrestrial,6
meanwhile,6
crotther,6
inform,6
fraction,6
ultimate,6
agreeable,6
fluid,6
organism,6
positive,6
admit,6
intercourse,6
occurrence,6
secure,6
pressure,6
magnitude,6
millicent,6
label,6
recollect,6
nevertheless,6
presumably,6
stimulate,6
deposit,6
27,6
yelverton,6
satisfy,6
eminence,6
aconite,6
szombathely,6
moth,6
indicate,6
obviously,6
additional,6
entire,6
partly,6
voices,6
jersey,6
waltz,6
redolent,6
realise,6
derive,6
normal,6
identical,6
100,6
similarly,6
politics,6
1892,6
%,6
lacerate,6
september,6
origin,6
interrogation,6
youd,6
wheres,6
content,5
aloft,5
coldly,5
oak,5
beloved,5
switch,5
proppe,5
shaven,5
warily,5
lunatic,5
energy,5
sinister,5
shiny,5
wett,5
dogsbody,5
secondhand,5
etiquette,5
norman,5
tiding,5
curling,5
cleft,5
bitterness,5
tease,5
downstairs,5
slit,5
shear,5
gilded,5
ox,5
impatiently,5
fann,5
drawingroom,5
nervously,5
roof,5
wholly,5
hob,5
liliata,5
rutilantium,5
chorus,5
druid,5
coronation,5
friendship,5
server,5
shaft,5
locker,5
jay,5
jove,5
munch,5
faintly,5
stony,5
monthly,5
collection,5
inwit,5
coarse,5
gait,5
secretary,5
attire,5
shrewd,5
brim,5
panama,5
narrow,5
twinkle,5
spunk,5
horrible,5
crazy,5
rising,5
potent,5
triumph,5
affirmation,5
menace,5
mitre,5
mocker,5
defend,5
conflict,5
snapshot,5
exposure,5
thumbnail,5
breastbone,5
carlisle,5
blake,5
livid,5
victory,5
spear,5
indulge,5
caesar,5
recite,5
watery,5
gabble,5
tranquil,5
tangle,5
trample,5
skeleton,5
fur,5
slant,5
maimonides,5
mien,5
mocking,5
shaky,5
amor,5
restore,5
sideboard,5
plush,5
preach,5
financial,5
pocketbook,5
greed,5
ba,5
boast,5
wales,5
firmly,5
ra,5
rocky,5
squire,5
!...,5
homage,5
meek,5
poise,5
publicity,5
finance,5
decay,5
nightmare,5
runaway,5
regards,5
association,5
dub,5
midwife,5
florence,5
navel,5
orient,5
sara,5
goot,5
shutter,5
blanket,5
nephew,5
stagnant,5
prophecy,5
madness,5
furious,5
calve,5
assist,5
sewage,5
seaweed,5
coast,5
hoop,5
cunning,5
backdoor,5
vous,5
c’est,5
patrice,5
february,5
furrow,5
boulder,5
saucer,5
pastry,5
fairy,5
spice,5
gullet,5
beck,5
est,5
yoke,5
maud,5
tout,5
prowl,5
dingy,5
rue,5
madame,5
sable,5
tempting,5
spout,5
splutter,5
pine,5
silken,5
amble,5
herd,5
crest,5
ninth,5
wolf,5
dabble,5
vulture,5
mire,5
girdle,5
tomb,5
darkly,5
sandal,5
hatch,5
wrist,5
crease,5
ruck,5
nest,5
wend,5
toil,5
sopp,5
haul,5
staff,5
grope,5
gizzard,5
grill,5
stalk,5
curiously,5
dresser,5
peg,5
mutely,5
headband,5
specially,5
crisp,5
moustach,5
coiled,5
shiver,5
_freeman_,5
gush,5
cattlemarket,5
curate,5
competition,5
wholesale,5
lilt,5
item,5
porkbutcher,5
gland,5
sandy,5
construction,5
crate,5
tick,5
sandow,5
ample,5
hungrily,5
sham,5
derby,5
nudge,5
mingle,5
pronounce,5
hairpin,5
met,5
downward,5
charade,5
smutty,5
greece,5
commode,5
belle,5
mummy,5
sometime,5
undoing,5
sulphur,5
household,5
hen,5
pea,5
writer,5
resist,5
cuff,5
welt,5
vest,5
poetical,5
toll,5
neill,5
lark,5
transfer,5
gravity,5
regiment,5
tack,5
mason,5
holohan,5
hoist,5
haughty,5
engagement,5
brightly,5
brunswick,5
fetch,5
bandmann,5
vienna,5
abraham,5
oat,5
headache,5
shred,5
clank,5
mission,5
gladstone,5
ounce,5
batch,5
sly,5
carey,5
worry,5
refuge,5
penance,5
absolute,5
map,5
prescott,5
ointment,5
alabaster,5
te,5
orangeflower,5
homely,5
wart,5
combine,5
mo,5
cricket,5
donnybrook,5
dearer,5
tepid,5
athos,5
obey,5
veiled,5
uncertain,5
88,5
automatic,5
eugene,5
fascination,5
contract,5
o’brien,5
unite,5
goodlook,5
carnal,5
spine,5
collapse,5
gray,5
serious,5
gill,5
rotunda,5
midst,5
sympathetic,5
furniture,5
asia,5
bony,5
horrid,5
depend,5
safety,5
wren,5
camp,5
clue,5
unbutton,5
pomp,5
hawker,5
insure,5
consort,5
stoppe,5
mortuary,5
coffey,5
bully,5
notepaper,5
knob,5
treble,5
ree,5
assent,5
_i,5
seventeen,5
roundtown,5
docket,5
check,5
cell,5
trim,5
preserve,5
obituary,5
dreamt,5
panel,5
dressy,5
unpleasant,5
doom,5
notebook,5
grove,5
intently,5
turnip,5
lantern,5
emerge,5
commissioner,5
gentlemen,5
_telegraph_,5
paste,5
_freeman,5
nape,5
glossy,5
official,5
situate,5
statute,5
celebrate,5
paralyse,5
s,5
require,5
thom,5
fireplace,5
nibble,5
spasm,5
wig,5
vent,5
chuckle,5
canada,5
breeze,5
fame,5
twas,5
vile,5
footstep,5
respond,5
garrett,5
o’donnell,5
von,5
limerick,5
gladly,5
weakness,5
classic,5
excitedly,5
watchman,5
inspiration,5
grattan,5
mosaic,5
code,5
advocate,5
rim,5
steady,5
gross,5
chairman,5
idol,5
ripe,5
panting,5
_irish,5
tragedy,5
access,5
muck,5
central,5
richly,5
pineapple,5
y.,5
martyr,5
building,5
dowie,5
zion,5
luminous,5
monument,5
£.,5
reverence,5
pudding,5
vat,5
puke,5
strongly,5
droll,5
salty,5
dunsink,5
gutter,5
pott,5
collect,5
mansion,5
complain,5
sympathy,5
caution,5
flour,5
powell,5
luke,5
dth,5
hug,5
approval,5
livery,5
soda,5
dairy,5
theodore,5
peaceful,5
gratitude,5
cavalry,5
g,5
cobblestone,5
maul,5
mushroom,5
vitality,5
policemen,5
harris,5
capture,5
glowworm,5
grafton,5
clumsy,5
mercer,5
adore,5
gum,5
chop,5
sawdust,5
tighten,5
splash,5
diner,5
sardine,5
rice,5
crab,5
cordial,5
filly,5
curly,5
du,5
micky,5
currant,5
carrot,5
manly,5
lounge,5
penrose,5
sixteenth,5
fund,5
busy,5
judgment,5
supreme,5
cooper,5
tendency,5
amiable,5
revolution,5
desirable,5
se,5
graciously,5
absentminded,5
greene,5
composition,5
vanity,5
rack,5
georgina,5
century,5
socrates,5
earthquake,5
active,5
blushing,5
achilles,5
stern,5
seeker,5
sonnet,5
pembroke,5
harmony,5
scandalous,5
endow,5
brisk,5
people,5
guardian,5
snatch,5
interested,5
entitle,5
antiquity,5
pucker,5
villa,5
patsy,5
gripe,5
anger,5
council,5
skill,5
wand,5
incertitude,5
bodily,5
comrade,5
lapwing,5
motive,5
misconduct,5
celtic,5
theme,5
cuckold,5
unto,5
puck,5
slate,5
smirk,5
camden,5
crutch,5
belvedere,5
lest,5
inspector,5
occupant,5
plea,5
hedge,5
barang,5
highland,5
implement,5
wolfe,5
arche,5
egress,5
cavalcade,5
earthly,5
porksteak,5
benjamin,5
duet,5
shrink,5
apparel,5
wondrous,5
handful,5
gin,5
bravely,5
michan,5
daly,5
throbb,5
killarney,5
divulge,5
working,5
punishment,5
tapping,5
flagon,5
factory,5
thither,5
morn,5
cloche,5
ladylike,5
rejoin,5
hawk,5
quaff,5
console,5
ere,5
_to,5
flora,5
sonnez,5
smite,5
situation,5
rump,5
haw,5
ardent,5
appropriate,5
liar,5
soar,5
serene,5
coral,5
jail,5
production,5
talon,5
fatigue,5
expressive,5
gunn,5
philosophy,5
geraghty,5
avoirdupois,5
assign,5
strict,5
ornament,5
insect,5
extremely,5
mangy,5
arrah,5
summit,5
colleen,5
bawn,5
dolly,5
alf.,5
solar,5
responsible,5
intimate,5
therein,5
whatsoever,5
poker,5
instantaneous,5
faculty,5
erection,5
argument,5
owl,5
upholster,5
considerable,5
m,5
delegation,5
nameless,5
altercation,5
adviser,5
arrival,5
pool,5
convey,5
esteem,5
loving,5
suitable,5
anon,5
torrent,5
privileged,5
marvellous,5
suppress,5
presume,5
timber,5
physical,5
response,5
fairly,5
handwriting,5
apprehend,5
information,5
conifer,5
fashionable,5
ability,5
flog,5
fart,5
flourish,5
appoint,5
security,5
aspect,5
hungary,5
messiah,5
stag,5
gradual,5
section,5
edifice,5
progress,5
bib,5
bertha,5
intermediate,5
womanly,5
ciss,5
halcyon,5
afflict,5
constancy,5
consummate,5
magic,5
intention,5
rocket,5
wow,5
december,5
constantly,5
boon,5
difficult,5
surgical,5
thereto,5
suffice,5
intent,5
parent,5
utterly,5
andrew,5
poverty,5
juvenile,5
moll,5
pasture,5
entertain,5
instruct,5
civic,5
violate,5
obliterate,5
camel,5
exhibit,5
observation,5
eventually,5
passive,5
seemingly,5
probability,5
apparently,5
staggering,5
mattress,5
pal,5
pflaap,5
brigade,5
illustrate,5
trotter,5
dreaming,5
whores,5
nuisance,5
accurate,5
reform,5
lapse,5
client,5
honouramle,5
mervy,5
nude,5
50,5
universe,5
erotic,5
32,5
advice,5
bathing,5
alteration,5
ramp,5
rickett,5
gasjet,5
consummation,5
guitar,5
downwards,5
testimonial,5
waterfall,5
hu,5
africa,5
fuck,5
naturally,5
inasmuch,5
locality,5
invariably,5
brazier,5
sentrybox,5
erroneously,5
palpably,5
augment,5
adjacent,5
inevitable,5
involve,5
principle,5
perambulation,5
largely,5
lb,5
masculine,5
substitute,5
january,5
23,5
narration,5
e.g.,5
differently,5
posture,5
prospectus,5
0—0—1,5
im,5
gunrest,4
thrice,4
equine,4
rapt,4
watcher,4
sunny,4
ponderous,4
hastily,4
thickly,4
mailboat,4
fray,4
deathbed,4
lookingglass,4
swine,4
expire,4
scared,4
gardener,4
blunt,4
whale,4
tripe,4
lobe,4
headland,4
pulse,4
drone,4
fergus,4
twining,4
shimmer,4
pantomime,4
redden,4
squash,4
iubilantium,4
virginum,4
sunshine,4
grease,4
wheedle,4
shrunken,4
pap,4
kine,4
crone,4
unclean,4
ashamed,4
spoonful,4
miracle,4
trickle,4
deuce,4
vigour,4
stripp,4
watchchain,4
rummage,4
contradict,4
fern,4
listlessly,4
beetle,4
ruler,4
foolish,4
grim,4
fibre,4
apostle,4
vigilant,4
heresiarch,4
horde,4
valentine,4
verge,4
garland,4
spill,4
toothless,4
topple,4
adhere,4
glee,4
profile,4
aware,4
siamese,4
strapp,4
crew,4
corridor,4
sidl,4
snail,4
winking,4
askance,4
traverse,4
obscure,4
comprehend,4
tyrant,4
blottingpaper,4
playfield,4
wisp,4
contend,4
pilgrim,4
earn,4
iago,4
unhappy,4
thoughtful,4
46,4
rebel,4
blackwood,4
rider,4
watchful,4
prompt,4
hunt,4
brake,4
booky,4
vie,4
medley,4
shocked,4
slain,4
doctrine,4
mince,4
preparation,4
austria,4
trial,4
destruction,4
dy,4
underjaw,4
shrugg,4
failure,4
gravel,4
bullockbefriending,4
persecute,4
phlegm,4
modality,4
ineluctably,4
crick,4
prudently,4
maccabe,4
navelcord,4
cord,4
aleph,4
everlast,4
consubstantial,4
clote,4
romp,4
nuncle,4
malt,4
vainly,4
backache,4
finely,4
rushe,4
cathedral,4
foxy,4
ut,4
geld,4
wheat,4
dyed,4
w,4
mast,4
prisoner,4
usher,4
deux,4
fiacre,4
smear,4
printer,4
fang,4
journalist,4
lascivious,4
disguise,4
colonel,4
vengeance,4
lair,4
canary,4
france,4
carcass,4
cur,4
san,4
dwindle,4
wade,4
unheeded,4
trudge,4
turnedup,4
muffler,4
unshaven,4
flaw,4
gan,4
whit,4
patter,4
winedark,4
tablet,4
cassiopeia,4
rod,4
click,4
sunshade,4
nap,4
castoff,4
staunch,4
flop,4
featherbed,4
lucifer,4
hilt,4
tum,4
dentist,4
palate,4
bristle,4
tasty,4
quoit,4
plevna,4
threshold,4
mosque,4
homerule,4
northwest,4
cellar,4
swab,4
dorset,4
brat,4
slieve,4
lukewarm,4
ooze,4
nextdoor,4
heifer,4
blur,4
patiently,4
toenail,4
cuddle,4
sausage,4
eighty,4
almond,4
instalment,4
bleibtreustrasse,4
berlin,4
moisel,4
bore,4
provoke,4
naggin,4
scald,4
kosher,4
sprinkle,4
moustachecup,4
udder,4
torn,4
straighten,4
rumpled,4
cruelty,4
renew,4
masterpiece,4
turtle,4
byby,4
thornton,4
denzille,4
troubled,4
prevent,4
august,4
runner,4
jake,4
mouldy,4
chink,4
restrain,4
matcham,4
jot,4
nick,4
nether,4
el,4
quarrel,4
climate,4
careless,4
drill,4
disgrace,4
mend,4
hoppy,4
stylish,4
moisture,4
tramcar,4
bliss,4
stubble,4
wheeze,4
hoarding,4
aromatic,4
sixtyfive,4
non_,4
humm,4
lee,4
squatet,4
annoy,4
longing,4
fake,4
sermon,4
heathen,4
bluey,4
discreet,4
ramm,4
cotton,4
mercadante,4
immaculate,4
salvation,4
blatant,4
publicly,4
witnessbox,4
heavenly,4
satan,4
unsee,4
furtive,4
sweny,4
rarely,4
churchyard,4
shrivell,4
lifetime,4
chloroform,4
test,4
ache,4
rainwater,4
pleat,4
ascot,4
weakly,4
outspread,4
betting,4
cyclist,4
bud,4
bush,4
crape,4
clad,4
cad,4
tape,4
sergeant,4
illness,4
trenchant,4
coleman,4
breaking,4
jarvie,4
stratton,4
_leah_,4
clare,4
anderson,4
politeness,4
decency,4
snuff,4
throstle,4
barmaid,4
determine,4
.....,4
confirm,4
suffering,4
rutland,4
repent,4
drunkard,4
hunting,4
underneath,4
flank,4
juicy,4
dodge,4
diningroom,4
lookout,4
dunphy,4
bom,4
sluice,4
barge,4
waterway,4
cycle,4
transit,4
journey,4
condemn,4
prospect,4
paltry,4
plodd,4
jerome,4
artane,4
bier,4
toad,4
muscular,4
chilly,4
infernal,4
beefsteak,4
said,4
tiresome,4
sepulchre,4
lofty,4
politely,4
solemnity,4
portly,4
terence,4
it_,4
prosperous,4
descendant,4
poppie,4
auditor,4
chang,4
maggot,4
cheerful,4
closing,4
crusoe,4
embalm,4
thee_,4
purgatory,4
l,4
sensible,4
charity,4
saucepan,4
physician,4
beautify,4
peck,4
emmet,4
overhear,4
rathgar,4
palmerston,4
united,4
mario,4
export,4
typesetter,4
obedient,4
reel,4
web,4
gauge,4
sllt,4
dayfather,4
tether,4
nonsense,4
screech,4
gem,4
orb,4
effulgence,4
shite,4
wetherup,4
strid,4
dental,4
urchin,4
amply,4
ceiling,4
wilderness,4
ancestor,4
partial,4
baron,4
escort,4
austrian,4
material,4
kyrie,4
chivalry,4
mostly,4
spleen,4
vocal,4
wattle,4
arbour,4
publichouse,4
scare,4
twitch,4
cite,4
horned,4
yankee,4
plane,4
debate,4
revival,4
healy,4
frail,4
humanity,4
dumb,4
demise,4
troop,4
hereby,4
threaten,4
breathless,4
puffing,4
dames,4
dribble,4
sophist,4
gnash,4
antisthenes,4
mineral,4
likewise,4
pavement,4
diminish,4
lozenge,4
comfit,4
manufacturer,4
larder,4
constitution,4
famish,4
polish,4
banbury,4
swoop,4
appetite,4
procession,4
rover,4
val,4
o’reilly,4
sugarloaf,4
wallpaper,4
cosy,4
mull,4
rye,4
libel,4
breathing,4
ace,4
grape,4
tart,4
interior,4
compassion,4
sloppy,4
gracious,4
riding,4
dandrade,4
methodist,4
phthisis,4
humane,4
oft,4
lag,4
chamberlain,4
wallop,4
vinegar,4
scaffold,4
harvey,4
spinach,4
economic,4
babylon,4
glint,4
fanny,4
meath,4
holding,4
junction,4
terrific,4
eclipse,4
gleam,4
guffaw,4
è,4
rail,4
swill,4
plug,4
mash,4
joint,4
garlic,4
truffle,4
bubble,4
flay,4
grog,4
coachman,4
creamy,4
portobello,4
zinfandel,4
walden,4
sire,4
rothschild,4
soften,4
kindle,4
gaudy,4
warn,4
aristocrat,4
ex,4
_à,4
ignorant,4
spittle,4
wildly,4
nipple,4
downcast,4
tanner,4
savoury,4
giovanni,4
plumber,4
invite,4
margate,4
knuckle,4
blight,4
stewart,4
institution,4
fag,4
academy,4
freemason,4
mirus,4
purr,4
noiseless,4
gall,4
kathleen,4
essex,4
plato,4
noblest,4
identity,4
lovesong,4
advertise,4
didst,4
drake,4
pry,4
parish,4
lear_,4
johnson,4
shrew,4
wallet,4
whistling,4
withal,4
anxiously,4
index,4
grecian,4
kilt,4
hiding,4
task,4
lug,4
tyre,4
sidney,4
_my,4
rival,4
nineteen,4
brilliancy,4
actress,4
barton,4
launch,4
brandish,4
groove,4
decide,4
chaste,4
ado,4
rapp,4
singular,4
ostler,4
infamy,4
astray,4
steadfast,4
mixture,4
jews,4
tightly,4
mystical,4
unborn,4
bulldog,4
token,4
guess,4
quench,4
pater,4
rectly,4
que,4
onward,4
inclination,4
maynooth,4
doubtless,4
economy,4
triangle,4
doubly,4
herr,4
malice,4
honeymoon,4
practical,4
wonderfully,4
welsh,4
lynam,4
lavender,4
deportment,4
ignorance,4
virtuous,4
blessed,4
gallagher,4
pendent,4
whence,4
newcomen,4
excessive,4
admiral,4
cluster,4
bookmark,4
sash,4
customhouse,4
wobble,4
ogl,4
eel,4
kendall,4
soubrette,4
dauby,4
nagle,4
shannon,4
ringabella,4
proclaim,4
chessboard,4
_but,4
sneez,4
starting,4
dodg,4
comet,4
wellington,4
sherry,4
hercules,4
frilly,4
summons,4
mona,4
melancholy,4
mincing,4
crimmin,4
combustion,4
revelation,4
manager,4
tipperary,4
dash,4
ross,4
outrider,4
muddy,4
nebrakada,4
abbot,4
furiously,4
minister,4
scowl,4
utterance,4
sherlock,4
impose,4
bridgwater,4
metropolitan,4
tunney,4
pelt,4
stud,4
buttonhole,4
arran,4
roger,4
unseen,4
span,4
lass,4
pursuit,4
acknowledge,4
satiny,4
smack,4
tup,4
spike,4
maidenhair,4
gouty,4
teacup,4
reef,4
ruffle,4
exceedingly,4
alacrity,4
eastern,4
jaunty,4
inn,4
_en,4
lisp,4
forlorn,4
canter,4
suspend,4
gliding,4
sob,4
crackle,4
beerpull,4
warrior,4
belonging,4
gummy,4
fiddle,4
valley,4
endear,4
dilate,4
calmer,4
vibration,4
corpus,4
quill,4
scale,4
queenstown,4
heard,4
cooe,4
excited,4
clifford,4
turk,4
tinkling,4
traitor,4
spinoza,4
kismet,4
askew,4
envisage,4
herzog,4
circumcise,4
notorious,4
dispose,4
duly,4
trader,4
courthouse,4
flounder,4
proximity,4
rape,4
vale,4
begeo,4
garry,4
cavity,4
napoleon,4
repress,4
robb,4
armour,4
oxter,4
li,4
india,4
whereabouts,4
interrogate,4
equip,4
defunct,4
ascertain,4
interment,4
assurance,4
blackguard,4
hardwicke,4
truest,4
_...,4
border,4
training,4
sample,4
assemble,4
multitude,4
maintain,4
amusement,4
addition,4
exception,4
resort,4
congratulate,4
reception,4
extract,4
proceedings,4
abnegation,4
elect,4
bystander,4
recollection,4
spectator,4
incident,4
brooch,4
timehonoured,4
albion,4
growling,4
effusion,4
giltrap,4
confuse,4
sincerity,4
appreciate,4
actuate,4
testament,4
procure,4
explode,4
liz,4
forbid,4
forthcoming,4
hearty,4
anthem,4
terminate,4
military,4
tense,4
expectation,4
alameda,4
conjure,4
whereby,4
telescope,4
mankind,4
ceremony,4
evict,4
tar,4
beresford,4
47,4
teresa,4
pox,4
persecution,4
hatred,4
attribute,4
distinctly,4
sligo,4
illuminate,4
donor,4
_throwaway_,4
swamp,4
lattice,4
anonymous,4
heal,4
grocer,4
gathering,4
behalf,4
demolish,4
velocity,4
assault,4
fleeting,4
discuss,4
chum,4
education,4
impart,4
princess,4
girlish,4
gertrude,4
beautifully,4
benediction,4
demon,4
violence,4
fell,4
freddy,4
dictionary,4
venture,4
fragrant,4
waft,4
bailey,4
banner,4
control,4
mellow,4
irritation,4
flirt,4
shark,4
prune,4
seventy,4
sneeze,4
source,4
frighten,4
gobble,4
scottish,4
sweety,4
exterior,4
splendour,4
bounty,4
commence,4
accomplish,4
maternity,4
learningknight,4
grieve,4
prick,4
lewd,4
confide,4
minim,4
lecher,4
indifferent,4
concupiscence,4
preservative,4
toft,4
faggot,4
refresh,4
colt,4
shit,4
posterior,4
acquire,4
latent,4
diet,4
inmate,4
agitation,4
achieve,4
bond,4
imperfect,4
conjecture,4
desert,4
acquisition,4
internal,4
candour,4
legitimate,4
repository,4
adduce,4
vigil,4
phase,4
candidate,4
premature,4
species,4
conviction,4
copulation,4
ecclesiastical,4
chimney,4
hey,4
clanbrassil,4
bridie,4
somnolent,4
sapphire,4
confusion,4
symptom,4
complexion,4
eccentric,4
factor,4
progenitor,4
vos,4
avant,4
cabby,4
timepiece,4
cove,4
proposition,4
diddle,4
nighttown,4
snow,4
crawl,4
the_,4
contribute,4
contempt,4
ellen,4
cameo,4
asylum,4
loiterer,4
liniment,4
nozzle,4
occupation,4
narrate,4
queens,4
muff,4
employ,4
velvet,4
cylinder,4
manufacture,4
dove,4
cushion,4
temporarily,4
m’intosh,4
40,4
perform,4
manual,4
mechanical,4
infantile,4
noah,4
vice,4
grate,4
keel,4
wane,4
product,4
mnemotechnic,4
consult,4
puss,4
lawnmower,4
rigid,4
zoe.,4
hobbyhorse,4
me.,4
lecture,4
alter,4
biddy,4
cunty,4
fucking,4
davitt,4
prone,4
injury,4
orthodox,4
preliminary,4
amiens,4
associate,4
contingency,4
topic,4
unusual,4
lodging,4
encounter,4
safely,4
fort,4
finally,4
inquire,4
infancy,4
capable,4
inspection,4
etcetera,4
temperament,4
aforesa,4
plung,4
ireland_,4
stimulation,4
corrigan,4
1000,4
exceed,4
reside,4
openly,4
ontario,4
proposal,4
epps,4
alternately,4
contemplate,4
matutinal,4
bloomfield,4
irregular,4
destination,4
ignite,4
22,4
october,4
vertical,4
invert,4
originally,4
diffusion,4
ambition,4
bouverist,4
attain,4
afterwards,4
equanimity,4
rudolf,4
arithmetical,4
21,4
suil,4
exemplar,4
cf,4
maturity,4
rational,4
ingress,4
infinity,4
chart,4
contemplation,4
western,4
viz.,4
obviat,4
thatd,4
wogger,4
isnt,4
stately,3
stairhead,3
preacher,3
jowl,3
prelate,3
rave,3
razorblade,3
noserag,3
snotgreen,3
searching,3
....,3
evenly,3
granite,3
fret,3
rosewood,3
reproachful,3
rot,3
vomit,3
glitter,3
vermin,3
caliban,3
stinking,3
paleface,3
hobble,3
aprone,3
arnold,3
sombre,3
inject,3
quilt,3
sassenach,3
rasher,3
moody,3
briod,3
bedside,3
tassell,3
amber,3
bead,3
turko,3
toy,3
autumn,3
lice,3
turma,3
circumdet,3
astonish,3
omnipotent,3
nickel,3
coolness,3
clammy,3
barbacan,3
hammock,3
hale,3
grub,3
hack,3
nomine,3
hew,3
cahill,3
lung,3
dundrum,3
pleasantly,3
vigorously,3
prepuce,3
wrinkled,3
conqueror,3
consumptive,3
unsteady,3
confidently,3
curtsey,3
saying,3
tub,3
disrobe,3
resignedly,3
chide,3
puce,3
mercurial,3
missile,3
survey,3
_omphalos_,3
aquinas,3
amiably,3
paradox,3
pooh,3
algebra,3
grandson,3
towel,3
elsinore,3
southward,3
interpretation,3
blithe,3
happily,3
joiner,3
mercury,3
drily,3
apostolic,3
tobacco,3
flee,3
arius,3
warr,3
nom,3
dieu,3
britisher,3
bullock,3
disdain,3
saltwhite,3
rill,3
loincloth,3
piously,3
rotto,3
twelfth,3
undress,3
spake,3
zarathustra,3
discreetly,3
sleek,3
fabl,3
excess,3
masonry,3
comyn,3
sweeten,3
jam,3
disappointed,3
chapbook,3
jester,3
ghoststory,3
sunk,3
handbook,3
tranquility,3
randy,3
ro,3
itching,3
dismay,3
asunder,3
clamour,3
misty,3
bloodless,3
blot,3
prostrate,3
columbanus,3
zeal,3
hockeystick,3
quaint,3
:_,3
gaiter,3
smoky,3
drab,3
stuart,3
thong,3
turban,3
savingsbox,3
halfcrown,3
noose,3
curran,3
tartan,3
fogey,3
famine,3
armed,3
vote,3
motto,3
topboot,3
lal,3
ral,3
jog,3
typewriter,3
allimportant,3
canteen,3
slush,3
clove,3
rebound,3
bait,3
faire_,3
industry,3
jockey,3
european,3
imperturbability,3
serum,3
percentage,3
courteous,3
windingsheet,3
wanderer,3
swarm,3
roadside,3
menelaus,3
m.p,3
diaphane,3
adiaphane,3
crackling,3
audible,3
_nebeneinander_,3
ken,3
rhythm,3
silt,3
lament,3
taut,3
vellum,3
everlasting,3
sunder,3
watercloset,3
mananaan,3
sally,3
sturdy,3
morrow,3
whereon,3
draft,3
tandy,3
bogoak,3
grandest,3
gentry,3
mane,3
foam,3
eyeball,3
twang,3
serpentine,3
squaw,3
apiece,3
hurray,3
goddamned,3
trod,3
crucify,3
firmer,3
cette,3
fichue,3
moi,3
fleshpot,3
belch,3
alibi,3
seventeenth,3
lui,3
proudly,3
missionary,3
spilt,3
mammoth,3
pith,3
gunpowder,3
bean,3
nous,3
postprandial,3
drumont,3
licentious,3
fuse,3
deadly,3
version,3
betray,3
hurl,3
lodger,3
dial,3
dome,3
obelisk,3
builder,3
lout,3
bulrushe,3
doublet,3
scion,3
yelp,3
medieval,3
waters,3
bounding,3
plash,3
souse,3
stalked,3
sniffle,3
pard,3
haroun,3
al,3
raschid,3
melon,3
archway,3
dublins,3
lingo,3
whiteness,3
quarron,3
tough,3
omnis,3
banknote,3
shovel,3
leeson,3
suspender,3
sabbath,3
deus,3
leaf,3
lagoon,3
purling,3
devour,3
offal,3
stench,3
immensely,3
tennyson,3
roe,3
stiffly,3
gloss,3
pussen,3
mockingly,3
plaintively,3
milkwhite,3
forgott,3
waterproof,3
plasto,3
latchkey,3
steeple,3
refract,3
breadvan,3
sundown,3
scroll,3
twange,3
dulcimer,3
ikey,3
grating,3
cute,3
tee,3
russian,3
japanese,3
emptie,3
blossom,3
hank,3
spicy,3
vigorous,3
litter,3
hindquarter,3
scapular,3
fuel,3
jaffa,3
irrigation,3
andrews,3
mediterranean,3
quayside,3
poisonous,3
chill,3
valuation,3
brighten,3
eggcup,3
necklace,3
letterbox,3
platform,3
nightdress,3
dimple,3
_love,3
song_,3
voglio,3
_voglio_,3
bulge,3
orangekeyed,3
transmigration,3
maffei,3
hengler,3
kearney,3
reincarnation,3
spiral,3
arched,3
stork,3
separation,3
backbone,3
fidget,3
fig,3
virginia,3
creeper,3
manure,3
drago,3
enthusiast,3
cobweb,3
undid,3
resistance,3
masterstroke,3
now_,3
roberts,3
woollen,3
lighten,3
lime,3
frowning,3
tay,3
ceylon,3
lethargy,3
sickness,3
postmistress,3
review,3
bake,3
periodical,3
conway,3
fawn,3
broadstone,3
gong,3
pugnose,3
eustace,3
flick,3
multicoloured,3
cantrell,3
clery,3
hazard,3
champ,3
neigh,3
là,3
no-one,3
meade,3
tenement,3
sphinx,3
ellis,3
enclose,3
narcotic,3
brutal,3
mairy,3
leak,3
claver,3
conversion,3
unconscious,3
shamrock,3
spec,3
halter,3
hospice,3
aisle,3
lourdes,3
confessionbox,3
hence,3
glynn,3
_stabat,3
mater_,3
vaughan,3
pilate,3
liqueur,3
glutton,3
massboy,3
archangel,3
humbly,3
thanksgiving,3
unhook,3
untidy,3
dyework,3
lincoln,3
herb,3
physic,3
overdose,3
clog,3
sponge,3
steep,3
buttermilk,3
bunion,3
curd,3
itch,3
gamble,3
cheerfully,3
wicket,3
curving,3
slipperslapper,3
jolt,3
tramtrack,3
tritonville,3
passer,3
mound,3
noisily,3
landlady,3
jupiter,3
convulsion,3
singing,3
lowry,3
peake,3
sexton,3
buff,3
crampton,3
fountain,3
pare,3
bootlace,3
namesake,3
waterford,3
relic,3
thrush,3
greyish,3
rumpsteak,3
moira,3
breakdown,3
redhot,3
apprehension,3
industrious,3
chummy,3
piebald,3
putty,3
insanity,3
charitable,3
infanticide,3
streak,3
verdict,3
misadventure,3
germany,3
kay,3
ell,3
whisk,3
croup,3
bleat,3
springer,3
tannery,3
parkgate,3
milan,3
abreast,3
orifice,3
reed,3
slime,3
midland,3
finglas,3
grumble,3
gruesome,3
circumstantial,3
maxim,3
pants,3
replace,3
volley,3
hind,3
shovell,3
felt,3
youngster,3
outlive,3
beckon,3
tidy,3
croak,3
muzzle,3
amusing,3
cum,3
sparrow,3
sidedoor,3
trundle,3
bloodshot,3
daisy,3
bung,3
trap,3
coon,3
ambush,3
mulcahy,3
man_,3
keys,3
ballsbridge,3
graveyard,3
oblong,3
_de,3
lease,3
trifle,3
burie,3
superstition,3
donkey,3
ivy,3
clod,3
whew,3
canvas,3
scribbling,3
mate,3
lino,3
catapult,3
obese,3
stager,3
torchlight,3
dutch,3
eate,3
communication,3
sinico,3
trolley,3
terenure,3
vermilion,3
draymen,3
ruttledge,3
brayden,3
esquire,3
_weekly,3
press_,3
clanking,3
closet,3
smash,3
atom,3
worker,3
gazette,3
barony,3
schedule,3
mule,3
tot,3
journal_,3
nannan,3
innuendo,3
highclass,3
ess,3
au,3
jogge,3
contributor,3
backwards,3
dab,3
quiz,3
sourly,3
domain,3
mid,3
crescent,3
chatterton,3
ninety,3
alleluia,3
serry,3
gabriel,3
portfolio,3
despite,3
vaunted,3
vista,3
hopeless,3
bakery,3
motor,3
rove,3
memorable,3
ohio,3
jig,3
resonant,3
scamper,3
bowknot,3
jerkily,3
cigarettecase,3
civilisation,3
sewer,3
chapter,3
prophet,3
donegal,3
restaurant,3
fieldmarshal,3
moot,3
acme,3
vowel,3
profess,3
liege,3
retrieve,3
miller,3
gee,3
feign,3
tiptoe,3
m’carthy,3
unheeding,3
clench,3
emphasis,3
pressman,3
journalism,3
eightyone,3
sixth,3
fitzharris,3
vibrate,3
t,3
inchicore,3
psha,3
isaac,3
più,3
eloquence,3
thereof,3
bygone,3
yore,3
kendal,3
wooe,3
magennis,3
opal,3
discourse,3
wrath,3
briefly,3
transport,3
highpriest,3
corrupt,3
augustine,3
combat,3
vagrant,3
admonition,3
graven,3
ominous,3
tribune,3
laud,3
perchance,3
grateful,3
resolve,3
dubliner,3
vestal,3
collins,3
waddle,3
bevy,3
interview,3
_kilkenny,3
people_,3
cadge,3
tricky,3
argue,3
laurence,3
poetic,3
onehandled,3
adulterer,3
motionless,3
becalm,3
cab,3
pisgah,3
parable,3
jujube,3
graham,3
hymen,3
pantry,3
yom,3
kippur,3
collation,3
rhyme,3
morsel,3
swan,3
quack,3
greenhouse,3
lagg,3
chunk,3
glade,3
tranquilla,3
communicate,3
carmel,3
lard,3
pawnbroker,3
barb,3
westmoreland,3
gilligan,3
ninepence,3
d’arcy,3
positively,3
boa,3
vapour,3
arab,3
serge,3
toque,3
liberal,3
dustcoat,3
lamppost,3
dotty,3
tome,3
overtake,3
stickumbrelladustcoat,3
lizzie,3
twigg,3
province,3
astride,3
underclothe,3
whelan,3
custard,3
tingle,3
saffron,3
educational,3
whisker,3
tony,3
barehead,3
luncheon,3
painless,3
compound,3
twentyone,3
goldberg,3
helmet,3
irregularly,3
urinal,3
morkan,3
customer,3
tackle,3
jib,3
magistrate,3
keyhole,3
decoy,3
lusk,3
precedence,3
clang,3
quit,3
patriot,3
octopus,3
etherial,3
nassau,3
fieldglass,3
blote,3
dingdong,3
broth,3
pat.,3
sew,3
muslin,3
urn,3
poplin,3
meyerbeer,3
eighth,3
microbe,3
gristle,3
cormac,3
christianity,3
tootle,3
cud,3
eater,3
bailiff,3
foamy,3
bunk,3
clyde,3
gingerbread,3
poleaxe,3
wobbly,3
pickle,3
windpipe,3
hygiene,3
digestion,3
digest,3
sprig,3
sipp,3
blob,3
delicately,3
flea,3
kipper,3
dewdrop,3
sooth,3
fuller,3
vintner,3
wadding,3
fondle,3
thirsty,3
lobster,3
ice,3
fizz,3
sexual,3
scruff,3
hock,3
platter,3
temp,3
dubedat,3
moisten,3
heather,3
yum,3
nannygoat,3
juno,3
electricity,3
juggling,3
jameson,3
searchlight,3
pester,3
cenar,3
gastric,3
molesworth,3
slobber,3
drudge,3
embroider,3
objection,3
excursion,3
falkiner,3
moneylender,3
analysis,3
sneer,3
folly,3
purely,3
painting,3
hight,3
illustrious,3
connacht,3
opine,3
twinkling,3
novel,3
musichall,3
corruption,3
homer,3
shortsighted,3
swinburne,3
dam,3
burbage,3
hamnet,3
probable,3
logical,3
maclir,3
molecule,3
everchang,3
sixtyseven,3
portal,3
hound,3
bedchamber,3
conquer,3
unveil,3
whither,3
eyebrow,3
tend,3
shoal,3
dwele,3
longworth,3
yeats,3
altitude,3
courtesy,3
reconciliation,3
unweave,3
stile,3
grotesque,3
reject,3
auk,3
girlhood,3
boar,3
goad,3
elsewhere,3
personality,3
highness,3
willie,3
potion,3
rouse,3
des,3
lyster,3
voluble,3
sheeny,3
chancellor,3
conjugial,3
tu,3
gerard,3
wanton,3
burden,3
susan,3
elizabeth,3
nell,3
dowden,3
wrest,3
shylock,3
sue,3
mill,3
hanging,3
inspire,3
machree,3
destroy,3
avarice,3
withhold,3
gag,3
nightly,3
remorse,3
sup,3
sneak,3
mor,3
beardless,3
devise,3
succession,3
fiction,3
perfection,3
flatter,3
quake,3
gilbert,3
crookback,3
recumbent,3
eastward,3
d,3
welter,3
myth,3
chronicle,3
excerpt,3
meredith,3
adulterous,3
banishment,3
carmen,3
moor,3
cluck,3
dialogue,3
ængus,3
lubber,3
chinless,3
minion,3
atkinson,3
trill,3
entwine,3
watercarrier,3
multitudinous,3
wheelbarrow,3
housetop,3
strive,3
onelegged,3
brunny,3
&c,3
maxwell,3
m’guinness,3
queenly,3
contrition,3
providence,3
carelessly,3
alight,3
adjoin,3
countess,3
confessor,3
axle,3
dollymount,3
rabaiotti,3
warehouse,3
unfurnished,3
minstrel,3
skiff,3
wicker,3
bestow,3
tomato,3
reckon,3
lei,3
_ma,3
dunne,3
cecil,3
susy,3
lath,3
refine,3
chow,3
admiralty,3
impact,3
manhole,3
astronomy,3
rug,3
milky,3
butting,3
shopman,3
lovebirch,3
rsweet,3
sin_,3
voluptuous,3
ey,3
embonpoint,3
lunacy,3
handbell,3
sprint,3
insolent,3
obsequious,3
pulbrook,3
robertson,3
lifeboat,3
hairdresser,3
westward,3
sam,3
strut,3
cinnabar,3
talisman,3
lank,3
primer,3
jewman,3
chanter,3
joyful,3
cheerily,3
boyd,3
righto,3
mace,3
lorcan,3
translate,3
whereat,3
waitress,3
eyeglass,3
stoer,3
quigley,3
sergeantmajor,3
fitzsimon,3
lieutenantcolonel,3
cordially,3
obeisance,3
deputy,3
hunter,3
prance,3
indigo,3
finn,3
solomon,3
leinster,3
tallyho,3
pedestrian,3
comer,3
imperthnthn,3
husky,3
avowal,3
tympanum,3
warble,3
rhapsody,3
hissss,3
carra,3
embed,3
ore,3
tremulous,3
fro.,3
benben,3
pwee,3
fff,3
_eau,3
frightful,3
teatray,3
footstool,3
cherry,3
laurel,3
rash,3
hideous,3
prosper,3
fatten,3
pinnacle,3
o!,3
greaseabloom,3
pouch,3
tonic,3
sandwichbell,3
genial,3
tuner,3
lager,3
uphold,3
oblique,3
drowsy,3
tuningfork,3
curb,3
dreamily,3
wary,3
richer,3
sparkle,3
coyly,3
kenn,3
falter,3
gulp,3
bulky,3
iscariot,3
tinkle,3
abundant,3
solicite,3
jiggedy,3
poop,3
squander,3
hawthorn,3
surrender,3
rollick,3
tun,3
singer,3
prelude,3
octave,3
jenny,3
tenderness,3
pre,3
warbling,3
madrid,3
languor,3
dominant,3
spin,3
rift,3
lute,3
acquainted,3
haven,3
twentyfour,3
reference,3
pun,3
yashmak,3
admittance,3
nobly,3
_qui,3
outstretched,3
hoary,3
cubicle,3
crocodile,3
eighteen,3
cassock,3
foghorn,3
binding,3
far.,3
exquisitely,3
parchment,3
armchair,3
appointment,3
marks,3
kran,3
epitaph,3
ballock,3
garrison,3
_and,3
videlicet,3
calendar,3
successor,3
numerous,3
firstclass,3
foliage,3
eblana,3
district,3
extensive,3
chieftain,3
tally,3
pulpy,3
innumerable,3
medium,3
distend,3
rory,3
towser,3
reverberation,3
formidable,3
extremity,3
shod,3
tribal,3
dante,3
hayes,3
35,3
lineage,3
succulent,3
empress,3
emanate,3
submit,3
purest,3
mars,3
mischief,3
cornelius,3
travelling,3
wherefore,3
approve,3
facilitate,3
scab,3
swank,3
_city,3
arms_,3
playing,3
cope,3
belfry,3
ghastly,3
testify,3
artillery,3
supernatural,3
intervene,3
unexpected,3
picturesque,3
commendatore,3
crane,3
sombrero,3
perforate,3
aperture,3
mahogany,3
evince,3
acced,3
cherish,3
oblivious,3
venerable,3
merriment,3
overcome,3
graduate,3
preside,3
gauntlet,3
lemonade,3
gouger,3
formerly,3
dietary,3
comprise,3
expert,3
familiarise,3
disclose,3
indication,3
complicated,3
indistinctly,3
suggestive,3
robbery,3
entrust,3
confidence,3
inadequate,3
hoose,3
grazier,3
gara,3
shillelagh,3
allfours,3
treasury,3
modest,3
magnificent,3
forcibly,3
excellence,3
hiss,3
remarkably,3
execution,3
veteran,3
prominent,3
slattery,3
timothy,3
agility,3
bout,3
ole,3
clan,3
spark,3
hardworking,3
repair,3
bug,3
adulteress,3
decree,3
spider,3
misfortune,3
tupper,3
bloomer,3
bounce,3
puissant,3
befall,3
dwell,3
ether,3
_sceptre_,3
_zinfandel_,3
portugal,3
elm,3
barbara,3
lilac,3
nuptial,3
willow,3
kerry,3
cavan,3
fighting,3
backside,3
discipline,3
elector,3
decision,3
learning,3
morocco,3
almanac,3
bullet,3
adorn,3
pattern,3
lovey,3
hurrah,3
cromwell,3
_united,3
magnate,3
walkup,3
initiall,3
lusty,3
veal,3
orphan,3
presbyterian,3
redeemer,3
libation,3
acolyte,3
felix,3
tuam,3
unicorn,3
interpret,3
fulfil,3
scripture,3
prophesy,3
celebrant,3
cens,3
nostrum,3
outer,3
appreciative,3
maker,3
henchmen,3
floral,3
populace,3
seismic,3
eyewitness,3
transpire,3
perturbation,3
headgear,3
enormous,3
80,3
chariot,3
durst,3
sparkling,3
spoiled,3
jink,3
discord,3
relate,3
nao,3
incline,3
pallor,3
innate,3
refinement,3
gentlewoman,3
mayhap,3
haunting,3
strangely,3
beau,3
chinchopper,3
rosy,3
distinction,3
gout,3
thorough,3
rescue,3
intercept,3
implore,3
ja,3
dribbling,3
strap,3
teat,3
instinctively,3
institute,3
skinny,3
accidentally,3
babby,3
kissing,3
fascinate,3
loveliness,3
waterwork,3
clippe,3
deceiver,3
shrivel,3
puny,3
petty,3
ducky,3
lighthouse,3
shady,3
tortoiseshell,3
omnes,3
immodest,3
rung,3
reproach,3
football,3
uneven,3
defect,3
coif,3
wrangle,3
setting,3
rouge,3
ark,3
solicit,3
propitious,3
prism,3
zrad,3
crook,3
swaddle,3
nondescript,3
magnetic,3
magnetism,3
opoponax,3
jessamine,3
diffuse,3
illusion,3
atty,3
hopping,3
steamer,3
twiteer,3
yumyum,3
hara,3
señorita,3
favourably,3
mite,3
efface,3
deshil,3
eamus,3
horhorn,3
quickening,3
wombfruit,3
boyaboy,3
deserving,3
solicitude,3
absent,3
behove,3
abundance,3
admirable,3
subsequent,3
sufficiently,3
vehicle,3
impell,3
latitude,3
tumescence,3
bairn,3
buffalo,3
giver,3
abortion,3
potency,3
lain,3
manchild,3
ply,3
busily,3
petition,3
successive,3
pregnancy,3
fervour,3
hereupon,3
matron,3
involuntary,3
mingling,3
amorous,3
doughty,3
godly,3
nough,3
sitting,3
meantime,3
prussia,3
devote,3
invitation,3
inhibition,3
congenital,3
inspect,3
coney,3
rodent,3
interrupt,3
narrative,3
salient,3
plainly,3
locket,3
disorder,3
sublunary,3
deluge,3
propriety,3
fittest,3
assembly,3
modesty,3
simper,3
revert,3
allot,3
precaution,3
foster,3
concede,3
precipitate,3
frigid,3
practitioner,3
illicit,3
scouringbrush,3
puberty,3
exponent,3
exotic,3
sublime,3
unanimous,3
divergent,3
congestion,3
medial,3
exemplify,3
supernumerary,3
hypothesis,3
antecedent,3
refer,3
hitherto,3
invest,3
recess,3
distraction,3
mananaun,3
presto,3
paternal,3
waif,3
murk,3
huuh,3
scorpion,3
penultimate,3
allay,3
booth,3
lunar,3
visual,3
thereabouts,3
involuntarily,3
outset,3
scientific,3
device,3
lurk,3
majority,3
undoubtedly,3
succumb,3
notably,3
maternal,3
omnivorous,3
esthete,3
31,3
doady,3
observer,3
alert,3
tag,3
steve,3
creed,3
beatitude,3
spurt,3
absinthe,3
pectoral,3
jock,3
_ad,3
nae,3
fou,3
reservoir,3
rhodes,3
gondola,3
virago,3
croppe,3
spaniel,3
truculent,3
aurora,3
motorman,3
providential,3
calle,3
impassive,3
spy,3
weiss,3
feeble,3
severely,3
keyless,3
clumsily,3
gazelle,3
simpson,3
champagne,3
sandwichboard,3
lapel,3
wean,3
scaffolding,3
plasterer,3
disorderly,3
stammer,3
signor,3
libyan,3
vaguely,3
drawl,3
obvious,3
inherent,3
flannel,3
bogus,3
inaudibly,3
somnambulism,3
backhand,3
improper,3
botanical,3
defile,3
scourge,3
worm,3
henceforth,3
dice,3
hobgoblin,3
_and_,3
connor,3
primate,3
balcony,3
extension,3
inhabitant,3
available,3
coupon,3
hiccup,3
translation,3
festivity,3
patriotism,3
oilskin,3
arsenic,3
storey,3
condense,3
exhibitionism,3
perceptible,3
respectably,3
byron,3
guggenheim,3
hirsch,3
kneebreeche,3
tlee,3
antlered,3
bolster,3
hymn,3
bah,3
antichrist,3
zenith,3
kimono,3
seawind,3
inadvertently,3
protuberance,3
parasitic,3
mnemo,3
reiterate,3
knotty,3
inlaid,3
pendant,3
sever,3
corkscrew,3
zigzag,3
regulation,3
impossibly,3
inflict,3
brothel,3
cockhorse,3
measurement,3
corset,3
laundry,3
clandestine,3
smut,3
newlaid,3
outdoor,3
disperse,3
ssh,3
bough,3
concussion,3
parting,3
thicket,3
ramble,3
ce,3
apology,3
dolan,3
facial,3
rmm,3
omelette,3
totter,3
of_,3
65,3
perpendicular,3
granny,3
revenge,3
clash,3
handicap,3
epistle,3
hah,3
preparatory,3
nonce,3
quandary,3
commodity,3
habitual,3
coke,3
secluded,3
publican,3
undesirable,3
needful,3
billsticker,3
sweeper,3
senior,3
accordance,3
humorous,3
confine,3
anent,3
preferably,3
holland,3
unobtrusively,3
rainy,3
document,3
iceberg,3
shanty,3
improvement,3
sanguine,3
_apropos_,3
rejuvenation,3
_alias_,3
lengthy,3
concerned,3
europa,3
fourth,3
derelict,3
habitually,3
contrive,3
townclerk,3
nasal,3
tattoo,3
namely,3
skipper,3
medically,3
bareface,3
annihilation,3
exclude,3
dramatic,3
vogue,3
conspicuous,3
sinbad,3
potation,3
exertion,3
downfall,3
inwardly,3
alternative,3
…,3
utmost,3
apparent,3
continental,3
sov,3
specie,3
acute,3
commanding,3
proprietor,3
attachment,3
siren,3
animosity,3
eventuality,3
upside,3
totally,3
chemical,3
1885,3
compress,3
certify,3
19,3
potential,3
capacity,3
26,3
unit,3
soluble,3
gradation,3
hydraulic,3
imped,3
concomitant,3
agency,3
°,3
offering,3
kinetic,3
48,3
49,3
firstly,3
secondly,3
54,3
70,3
calculation,3
appreciation,3
1894,3
protracted,3
reciprocal,3
survive,3
obsolete,3
verbally,3
conjunction,3
sunset,3
activity,3
comparative,3
comparison,3
1901,3
schoolfellow,3
proximate,3
secular,3
recurrence,3
progression,3
hostess,3
preclude,3
recurrent,3
operation,3
locate,3
reagent,3
exodus,3
maior,3
infinitesimal,3
rectangular,3
0—0—4,3
consecutive,3
firtree,3
violator,3
unique,3
1/4d,3
45,3
certificate,3
irrational,3
strait,3
enigma,3
washstand,3
semen,3
hemisphere,3
limitation,3
impudence,3
cooking,3
theyd,3
men,3
arent,3
hester,3
rubio,3
whatyoucallit,3
millys,3
oughtnt,3
omission,3
ii,2
iii,2
ungirdle,2
altare,2
fearful,2
displease,2
dearly,2
oun,2
corpuscle,2
chrysostomos,2
sullen,2
wearily,2
halfway,2
hellenic,2
woful,2
funk,2
algy,2
epi,2
oinopa,2
ponton_,2
thalatta,2
gloomily,2
graveclothe,2
skyline,2
sluggish,2
bile,2
underlip,2
spiff,2
mobile,2
connolly,2
paralysis,2
insane,2
skivvy,2
temptation,2
ursula,2
lancet,2
jalap,2
clive,2
kempthorpe,2
aubrey,2
magdalen,2
mote,2
grasshalm,2
uncombed,2
anxiety,2
cerebral,2
sulk,2
boldness,2
gaping,2
loyola,2
inconsequent,2
seaward,2
whiten,2
stress,2
merge,2
wedd,2
wretched,2
dancecard,2
roasting,2
ghostly,2
torture,2
confessorum,2
ghoul,2
mosey,2
apologise,2
cockney,2
shavingbowl,2
domed,2
coalsmoke,2
mack,2
harshly,2
thirstily,2
fad,2
impale,2
weird,2
mabinogion,2
hise,2
dron,2
milkjug,2
casually,2
daybreak,2
toadstool,2
lowly,2
scornful,2
shrive,2
milkcan,2
blandly,2
gulfstream,2
scrub,2
holdfast,2
lousy,2
jibe,2
tragically,2
contradiction,2
butterly,2
grasse,2
bleak,2
wintertime,2
martello,2
prop,2
paradoxe,2
paler,2
theological,2
broadly,2
disciple,2
calvary,2
fortyfoot,2
birdsweet,2
waistcoatpocket,2
clange,2
dogma,2
disarm,2
photius,2
consubstantiality,2
subtle,2
sabellius,2
lance,2
veer,2
creek,2
ripple,2
jelly,2
westmeath,2
pate,2
sagg,2
_übermensch._,2
chemise,2
stealeth,2
lendeth,2
usurper,2
shattered,2
welloff,2
mirthless,2
classmate,2
titter,2
oust,2
weaver,2
studious,2
con,2
feeding,2
glowlamp,2
feeler,2
craven,2
sentence,2
hockey,2
echoe,2
lumberroom,2
tangled,2
scraggy,2
futility,2
underfoot,2
fiery,2
morrice,2
cube,2
partner,2
imp,2
moors,2
averroes,2
datum,2
faithfully,2
subjective,2
objective,2
genitive,2
tyranny,2
strife,2
team,2
continually,2
halliday,2
settlement,2
mortar,2
leopard,2
celt,2
fred,2
ryan,2
tory,2
agitate,2
planter,2
sketch,2
spindle,2
_per,2
shaggy,2
prod,2
erase,2
noiselessly,2
princely,2
westminster,2
beaufort,2
paris_,2
1866,2
ventilation,2
motley,2
dicer,2
thimbleriger,2
whirring,2
joust,2
poust,2
uproar,2
pluterperfect,2
rinderpest,2
outbreak,2
regularly,2
intrigue,2
sunbeam,2
uncouth,2
belie,2
unoffending,2
rancour,2
plunder,2
hooray,2
faithless,2
leman,2
breffni,2
teacher,2
runn,2
iamb,2
leahy,2
patk,2
sisterhood,2
lugge,2
mystic,2
edenville,2
helpmate,2
blemish,2
begotet,2
_lex,2
crozier,2
champing,2
steed,2
costdrawer,2
sirr,2
wheezy,2
coign,2
vantage,2
hillock,2
moiety,2
crissie,2
lithia,2
sweeter,2
joachim,2
abbas,2
snort,2
burly,2
dringdring,2
housel,2
hypostasis,2
fubsy,2
hray,2
sieve,2
armada,2
smoulder,2
midden,2
dough,2
broken,2
maze,2
northeast,2
pigeonhouse,2
mis,2
macmahon,2
léo,2
taxil,2
savez,2
je,2
pas,2
faut,2
dire,2
mon,2
groatsworth,2
cabmen,2
dispossess,2
slam,2
toothache,2
spatter,2
newhaven,2
booty,2
housewife,2
astir,2
wellpleased,2
pleaser,2
_un,2
burnish,2
caldron,2
irlandais,2
gorge,2
pimander,2
fustian,2
tassel,2
ogresse_,2
_dent,2
jaunes_,2
gonne,2
nakedness,2
acrid,2
authentic,2
orangeblossom,2
d’,2
nicey,2
frisky,2
canice,2
lightship,2
socket,2
poolbeg,2
bloated,2
gunwale,2
prose,2
warren,2
weasel,2
mong,2
galley,2
molten,2
surf,2
dane,2
shallow,2
running,2
changeling,2
resin,2
knave,2
pretender,2
whiterose,2
simnel,2
sutler,2
courtier,2
shank,2
unfurl,2
drier,2
lope,2
skulk,2
unscathed,2
dawdle,2
hindleg,2
forepaw,2
delve,2
creamfruit,2
mort,2
bing,2
romeville,2
fancyman,2
blackpitts,2
wapping,2
fumbally,2
tanyard,2
famble,2
morose,2
is_,2
handmaid,2
bridebed,2
childbed,2
caro,2
veniet_,2
lipp,2
endless,2
augur,2
emblem,2
falls,2
alphabet,2
darned,2
lumpy,2
bona_,2
tripudium,2
delighted,2
tiens,2
petit,2
chaf,2
ooo,2
rearing,2
upturn,2
frond,2
ac,2
rubble,2
barnacle,2
leprous,2
snoring,2
prix,2
thunderstorm,2
dally,2
già_,2
snot,2
ledge,2
threemaster,2
crosstree,2
nutty,2
liverslice,2
crustcrumb,2
urine,2
humpy,2
writingtable,2
prr.,2
lithe,2
vindictive,2
avid,2
hanlon,2
buckley,2
creaky,2
wardrobe,2
sleepily,2
turnover,2
technically,2
crie,2
dander,2
sunburst,2
titlepage,2
pleasing,2
prolong,2
squirt,2
baldhead,2
canvass,2
mop,2
freshly,2
findlater,2
drib,2
polony,2
unsolved,2
woods,2
ferretey,2
blotchy,2
kinnereth,2
montefiore,2
farmhouse,2
cropp,2
breeder,2
aslant,2
lazily,2
disregard,2
sizeable,2
eucalyptus,2
orangegroves,2
melonfield,2
dunam,2
pruning,2
cither,2
waxen,2
levant,2
dungaree,2
whatdoyoucallhim,2
norwegian,2
barren,2
foggy,2
brimstone,2
cassidy,2
captivity,2
sizzle,2
berkeley,2
footpath,2
hallfloor,2
quicken,2
bedspread,2
parched,2
delay,2
striped,2
armful,2
rinse,2
tam,2
coghlan,2
owel,2
pert,2
prodd,2
hump,2
brasse,2
flowerwater,2
vorrei_,2
chamberpot,2
carriagewhip,2
dope,2
trapeze,2
unlike,2
prong,2
burnt,2
scanty,2
pliant,2
mouthful,2
biz,2
scrap,2
postscript,2
café,2
_erin,2
qualm,2
pussy,2
summerhouse,2
ashe,2
reclaim,2
lettuce,2
bluebottle,2
ringing,2
brillantined,2
brushup,2
brien,2
lintel,2
limewash,2
countinghouse,2
asquat,2
playgoer,2
midway,2
so.,2
tabloid,2
hand_,2
proverb,2
placket,2
stockinged,2
handglass,2
gauze,2
gird,2
overtone,2
lorry,2
rogerson,2
windmill,2
linseed,2
scar,2
da,2
beth,2
undertaker,2
bagg,2
leadpaper,2
hairoil,2
cactuse,2
liana,2
cinghalese,2
lobb,2
_dolce,2
niente_,2
botanic,2
waterlily,2
petal,2
vance,2
curriculum,2
falling,2
lengthwise,2
trouserleg,2
bearskin,2
overseas,2
hypnotise,2
bobby,2
grosvenor,2
polo,2
caste,2
starch,2
clearly,2
dignam_,2
wellturned,2
slew,2
friendliness,2
swagger,2
blacken,2
furry,2
coroner,2
freckled,2
soprano,2
pimp,2
impersonator,2
ophelia,2
mosenthal,2
rachel,2
nathan,2
nosebag,2
doss,2
darem,2
timberyard,2
balk,2
taw,2
tabby,2
sill,2
flateen,2
_by,2
bouquet,2
tulip,2
anemone,2
indignant,2
scrimmage,2
thorn,2
stonecold,2
ashtown,2
goblet,2
trottingmatche,2
dank,2
iveagh,2
ardilaun,2
churn,2
froth,2
walsh,2
opium,2
buddha,2
homo,2
distinguishedlok,2
farley,2
baptise,2
blub,2
swingdoor,2
sodality,2
altarrail,2
cannibal,2
mazzoth,2
confraternity,2
oblivion,2
lull,2
wheatley,2
shew,2
fraud,2
booser,2
rossini,2
mozart,2
_gloria_,2
placid,2
reformed,2
squareheaded,2
bequest,2
p.p.,2
theology,2
snare,2
whh,2
fluff,2
worshipper,2
hamilton,2
prescription,2
reaction,2
laudanum,2
lovephiltre,2
nettle,2
oatmeal,2
pimple,2
peau,2
massage,2
glum,2
scalp,2
spe,2
scut,2
smuggle,2
horseshoe,2
hub,2
carthy,2
trough,2
enamel,2
buoy,2
languid,2
silkhatted,2
extraordinary,2
knocker,2
jogg,2
quicker,2
cobble,2
doorframe,2
roadway,2
chattering,2
_fidus,2
achates_,2
faction,2
bros,2
dodder,2
stamer,2
irone,2
snarl,2
contaminate,2
eton,2
raymond,2
tomboy,2
commodious,2
mildewed,2
mistaken,2
epidemics,2
canvassing,2
spray,2
dot,2
fawcett,2
inexpressible,2
flead,2
patt,2
tramway,2
antient,2
killarney_,2
elster,2
grimes,2
memorial,2
airing,2
spruce,2
softy,2
werner,2
madame_,2
wheeling,2
oot,2
comedown,2
up.,2
trema,2
poco,2
weeping,2
elvery,2
mildly,2
hobbledehoy,2
barabbas,2
stifle,2
grudge,2
rueful,2
falconer,2
slavey,2
mathew,2
foundation,2
frontlet,2
unmarried,2
decisively,2
coward,2
clutching,2
stuffy,2
venetian,2
rollicking,2
wy,2
ownio,2
pirouette,2
lying,2
slouch,2
emigrant,2
huuuh,2
twentyseven,2
byproduct,2
dicky,2
clonsilla,2
capsize,2
decompose,2
elixir,2
phibsborough,2
clamp,2
raft,2
carrion,2
athlone,2
hobby,2
ferry,2
stonecutter,2
hewn,2
appealing,2
obtainable,2
sculptor,2
yawning,2
ninetynine,2
cramp,2
requiem,2
funereal,2
waggon,2
waggoner,2
thirty,2
doublequick,2
thinking,2
mortgage,2
todd,2
condole,2
tivy,2
subdued,2
dubiously,2
whitesmocked,2
rook,2
betide,2
clover,2
pup,2
tuo,2
weeper,2
mervyn,2
browne,2
nos,2
paradisum._,2
apex,2
stumble,2
resurrection,2
inmost,2
lazarus,2
pennyweight,2
finelooking,2
traip,2
sprouting,2
hover,2
tombstone,2
romeo,2
sinking,2
accountant,2
treacle,2
swurl,2
nil,2
nisi,2
brink,2
cæsar,2
ide,2
ant,2
dive,2
gravehead,2
delirium,2
callboy,2
jingo,2
travers,2
morgue,2
obligation,2
intosh,2
tuft,2
yourselves,2
upcast,2
wheelwright,2
eulogy,2
wordsworth,2
murren,2
newly,2
tamely,2
budge,2
matchbox,2
daisychain,2
apollo,2
greatgrandfather,2
crypt,2
toddle,2
plinth,2
china_,2
oven,2
flie,2
glimmer,2
maggoty,2
affidavit,2
convivial,2
fluke,2
bias,2
lilactree,2
mortify,2
dinge,2
acknowledgment,2
hibernian,2
blackrock,2
harold,2
timekeeper,2
grossbooted,2
dullthudding,2
courier,2
newsboard,2
footlight,2
co-ome,2
posthaste,2
burgess,2
demesne,2
townland,2
phil,2
toby,2
mainly,2
balloon,2
bridegroom,2
meagher,2
alpaca,2
manx,2
calling,2
galleypage,2
crank,2
conundrum,2
harass,2
pedlar,2
topper,2
nethermost,2
slll,2
occasional,2
passover,2
distribute,2
hagadah,2
pessach,2
shema,2
agonise,2
_or,2
quarrell,2
obstacle,2
marathon,2
vicechancellor,2
granduncle,2
gale,2
cicero,2
pertinent,2
hectic,2
finis,2
gambling,2
whirlwind,2
god’,2
testily,2
inflate,2
bathe,2
luscious,2
pastureland,2
doric,2
doughy,2
daw,2
feathered,2
inland,2
blowout,2
pedagogue,2
recognition,2
toecap,2
begad,2
unwashed,2
limply,2
_sport_,2
cert,2
cring,2
gruffly,2
whine,2
accumulation,2
domini_,2
exit,2
begone,2
scamp,2
kite,2
caricature,2
declaim,2
tempt,2
_imperium,2
snowball,2
mountaintop,2
obsession,2
mes,2
enfant,2
notoriety,2
railwayline,2
flaming,2
tartar,2
karl,2
lost,2
marquess,2
mentality,2
domination,2
eleison,2
lengthen,2
kyrios,2
radiance,2
pundit,2
talent,2
schemer,2
clarence,2
_new,2
world_,2
tim,2
k,2
daddy,2
commemoration,2
whiteside,2
halfpenny,2
rhymes,2
fa,2
russet,2
_di,2
penitent,2
fling,2
skibbereen,2
forensic,2
lind,2
fratricide,2
talionis_,2
michelangelo,2
vatican,2
wellchosen,2
trivial,2
effigy,2
soultransfigured,2
soultransfiguring,2
morale,2
interviewer,2
oratory,2
essay,2
haughtiness,2
focus,2
impromptu,2
sickbed,2
lense,2
outlet,2
hive,2
primitive,2
polity,2
nile,2
majestic,2
isis,2
expectorate,2
akasic,2
methink,2
metaphorically,2
hostelry,2
partake,2
ally,2
prophetic,2
glistering,2
moneybox,2
threepenny,2
coax,2
marlborough,2
proprietress,2
turnstile,2
kearns,2
blarney,2
waddler,2
dargle,2
o’toole,2
plumstone,2
gorgias,2
argive,2
rathfarnham,2
circuit,2
brougham,2
_deus,2
nobis,2
palestine_,2
horatio,2
sidelong,2
grimly,2
tummy,2
restorer,2
crucifix,2
codfish,2
greeny,2
auctionromom,2
absolution,2
buttery,2
marge,2
gaunt,2
bobb,2
bridgepier,2
glaze,2
applewoman,2
seabird,2
anna,2
preen,2
cram,2
saltwater,2
kino,2
/—,2
confidential,2
hy,2
franks,2
q.,2
ballastoffice,2
blurt,2
albatross,2
sandwichmen,2
sashe,2
staple,2
showcart,2
celluloid,2
wimple,2
devotion,2
drip,2
frog,2
sprain,2
dockrell,2
elderflower,2
bathwater,2
photography,2
daguerreotype,2
atelier,2
harcourt,2
blew,2
busk,2
swish,2
baker,2
diddlediddle,2
rattlesnake,2
mockturtle,2
rolypoly,2
harrison,2
handbag,2
pastille,2
seen,2
shabby,2
discontent,2
oxtail,2
flake,2
gusset,2
daub,2
sugary,2
rhubarb,2
skullpiece,2
shopfront,2
blown,2
meshuggah,2
chump,2
dud,2
times_,2
wading,2
typist,2
dividend,2
hunk,2
toady,2
confinement,2
staghound,2
horsey,2
brandy,2
shelbourne,2
stubbs,2
ranger,2
_express._,2
mayonnaise,2
courtesan,2
marketnet,2
manger,2
crossing,2
forcep,2
layer,2
gass,2
snuffy,2
throe,2
thrilling,2
mackerel,2
debouch,2
truncheon,2
graze,2
beund,2
roguish,2
julia,2
tunic,2
bridewell,2
horny,2
mortarboard,2
helterskelter,2
hotblooded,2
hidden,2
garibaldi,2
outgoing,2
mooch,2
cityful,2
spew,2
tinn,2
abhor,2
vacuum,2
d.b.c.,2
chess,2
banquet,2
twoheaded,2
tentacle,2
alphonsus,2
ed,2
occult,2
symbolism,2
homespun,2
vegetarian,2
detest,2
cloudy,2
symbolistic,2
cloakroom,2
incredible,2
awning,2
sunspot,2
explosion,2
greenwich,2
introduction,2
joly,2
trowel,2
maison,2
tolka,2
stop.,2
streetwalker,2
pantaloon,2
dowager,2
hoofthud,2
baking,2
cascade,2
flimsy,2
lustrous,2
causa,2
pincushion,2
crave,2
perfumed,2
pallid,2
sletty,2
boyne,2
scoff,2
snack,2
stopgap,2
gulp.,2
porringer,2
bathchair,2
incorporate,2
harpoon,2
organgrinder,2
snivell,2
leapyear,2
nook,2
mactrigger_,2
concoction,2
caul,2
salad,2
gusto,2
studd,2
bilious,2
carlow,2
parsnip,2
disgust,2
sweepstake,2
cannon,2
horseflesh,2
prickly,2
rumble,2
skye,2
soak,2
mawkish,2
periwinkle,2
risky,2
berries,2
roundness,2
unsightly,2
taint,2
eating,2
harmless,2
otto,2
hermit,2
venison,2
rabbi,2
fillet,2
killiney,2
la_,2
landscape,2
sutton,2
ravish,2
seedcake,2
beating,2
slab,2
nectar,2
ambrosial,2
allsop,2
stoke,2
bladder,2
humanely,2
nourish,2
craft,2
sate,2
snip,2
suckingbottle,2
röntgen,2
ravenous,2
surfeit,2
ruminant,2
inventor,2
teco,2
closestool,2
changing,2
duct,2
intestine,2
entrail,2
brighton,2
drooping,2
slake,2
doze,2
eyeless,2
beeline,2
downy,2
smoothest,2
levenston,2
holocaust,2
karma,2
crony,2
magnum,2
assize,2
annal,2
bluecoat,2
vintage,2
rightabout,2
toper,2
messiah_,2
handel,2
leech,2
deane,2
priceless,2
sinkapace,2
goethe,2
zealous,2
lost_,2
greencapped,2
holyey,2
del,2
hostage,2
_ave,2
cooee,2
academic,2
formless,2
shelley,2
speculation,2
allfather,2
verily,2
adept,2
elemental,2
natch,2
musing,2
insignificant,2
whatness,2
peripatetic,2
buttock,2
colleague,2
enthusiastic,2
hyde,2
_lovesongs,2
callous,2
unlovely,2
dangerous,2
exploitable,2
mallarmé,2
_il,2
shakespeare_,2
_pièce,2
sumptuous,2
khaki,2
shamble,2
forecast,2
concentration,2
orderly,2
tingling,2
playhouse,2
bankside,2
cygnet,2
spectre,2
vesture,2
denmark,2
hathaway,2
gossip,2
sirrah,2
entelechy,2
carping,2
bosh,2
volitional,2
dialectic,2
nomen,2
lore,2
lollard,2
guiltless,2
malign,2
wat,2
doxy,2
warwickshire,2
wench,2
cornfield,2
ryefield,2
countryfolk,2
cooperative,2
crosslegg,2
aztec,2
astral,2
i’the,2
shesoul,2
engulf,2
headless,2
caubeen,2
experiment,2
colum,2
starkey,2
_as,2
martyn,2
correspondence,2
_dana_,2
sundering,2
trew,2
enigmatic,2
abide,2
defiance,2
tir,2
littlejohn,2
quoth,2
basilisk,2
_e,2
mow,2
renan,2
lear,2
othello,2
shipwreck,2
pericles,2
buffet,2
marina,2
detect,2
highroad,2
na,2
twain,2
stave,2
reborn,2
foretell,2
benign,2
enkindle,2
enlightenment,2
rejection,2
dost,2
victor,2
undo,2
tusk,2
whirlpool,2
stricken,2
ravisher,2
bluecircle,2
bauble,2
agenbuyer,2
sitteth,2
wills,2
amend,2
usquebaugh,2
prank,2
unlit,2
joyfully,2
sentimentalist,2
incurr,2
debtorship,2
unsubstantial,2
querulous,2
connery,2
cleric,2
fainting,2
contribution,2
gleefully,2
eavesdropping,2
hash,2
_freeman._,2
dutiful,2
salary,2
walt,2
franc,2
tudor,2
sheba,2
burgher,2
iii_,2
capon,2
punk,2
cours,2
reine,2
petites,2
rosery,2
herbalist,2
greyedauburn,2
stallion,2
wooer,2
goodman,2
joan,2
commend,2
leftherhis,2
woa,2
chattel,2
stagyrite,2
gwynn,2
falstaff,2
grist,2
quartering,2
fay,2
almany,2
expectantly,2
myriadminded,2
amplius,2
inter,2
nobis_,2
acushla,2
incest,2
standpoint,2
nobodaddy,2
motorcar,2
gospeller,2
snuffbox,2
succeed,2
kindred,2
antrim,2
marriageable,2
thirtyfive,2
mezzo,2
fatherhood,2
madonna,2
paternity,2
lesbic,2
comedy,2
glancing,2
arden,2
tempest_,2
cleopatra,2
thicken,2
cavalier,2
nowt,2
maister,2
villain,2
southwark,2
quakerlyster,2
super,2
painter,2
italy,2
argent,2
daystar,2
horizon,2
slumberous,2
bous,2
passenger,2
dineen,2
whetstone,2
esau,2
whoreson,2
prospero,2
protasis,2
petrify,2
cuck,2
lewdly,2
dumas,2
bewept,2
maeterlinck,2
glorify,2
eureka,2
johannes,2
wile,2
platonic,2
unbelief,2
unbelieve,2
economics,2
mecklenburgh,2
rosalie,2
coalquay,2
flaunt,2
lub,2
polysyllable,2
troll,2
pubic,2
whipping,2
lucy,2
afterwit,2
filibeg,2
thyself,2
drivel,2
stairfoot,2
bushranger,2
augury,2
vere,2
cannonball,2
mantilla,2
facing,2
scot,2
d.v.,2
incumbent,2
badtemper,2
bergin,2
o’neill,2
daybook,2
mall,2
bargeman,2
xavier,2
outward,2
agatha,2
chute,2
decorum,2
tinily,2
_bless,2
propagation,2
belgian,2
reasonable,2
joyous,2
times,2
listless,2
rathcoffey,2
thinsocked,2
breviary,2
omnia,2
gratis,2
coffinlid,2
icecream,2
england_,2
_home,2
careworn,2
apartments_,2
cess,2
crickey,2
kettlelid,2
hull,2
anchorchain,2
bedd,2
shameface,2
crinkle,2
y.’s,2
tallwhitehatted,2
tangier,2
darkbacked,2
invalid,2
gallantly,2
regardless,2
archly,2
missy,2
goldsmith,2
knobby,2
stunt,2
mi,2
via,2
dia,2
unload,2
_ci,2
barekneed,2
white_,2
nicelook,2
crosshaven,2
foothold,2
1534,2
camera,2
sallins,2
geraldines,2
sonny,2
coming,2
slot,2
lawyer,2
costbag,2
amplitude,2
leverage,2
goodnight,2
sycamore,2
jervis,2
marcus,2
tertius,2
banana,2
riverwall,2
mangan,2
fehrenbach,2
reformatory,2
delahunt,2
galore,2
chirp,2
gamey,2
weeny,2
botch,2
costliest,2
_her,2
sabletrimmed,2
imperceptible,2
swoon,2
_for,2
cairns,2
barque,2
phlegmy,2
blear,2
_sweet,2
wheelmen,2
jackson,2
munro,2
williams,2
hunch,2
saucy,2
shrift,2
lolling,2
clapper,2
feebly,2
sundial,2
casualty,2
heartrending,2
aham,2
inebriate,2
grizzled,2
knotted,2
barrington,2
rendition,2
siege,2
webb,2
lapidary,2
shammy,2
gloat,2
briny,2
dynamo,2
stun,2
bedford,2
shoulderblade,2
heenan,2
boxing,2
sayers,2
backer,2
femininum,2
solo,2
invocation,2
chardenal,2
scooping,2
ilk,2
coattail,2
eternally,2
tholsel,2
hurdle,2
aright,2
lyon,2
wineroom,2
hutchinson,2
forefather,2
stalwart,2
pastern,2
lieutenantgeneral,2
_mélange,2
curtly,2
retribution,2
forbearance,2
archipelago,2
schooner,2
_rosevean_,2
distantly,2
volui._,2
bruiser,2
mot,2
jem,2
heseltine,2
kingsbridge,2
smithfield,2
dodd,2
benignant,2
catesby,2
foreleg,2
blare,2
northumberland,2
walker,2
thnthnthn,2
fifenote,2
trilling,2
idolore,2
tink,2
crash,2
awave,2
clipclap,2
goodgod,2
inall,2
nightcall,2
seahorn,2
liszt,2
fernfoil,2
minagold,2
nakker,2
benaben,2
ker,2
tschink,2
tschunk,2
nil._,2
halo,2
dusky,2
chatter,2
transpose,2
aggravate,2
steelhoof,2
ringhoof,2
bidd,2
adieu,2
entreat,2
plugge,2
hufa,2
aaron,2
figatner,2
goldbronze,2
indignation,2
goldenly,2
ly,2
indulgently,2
christen,2
mourne,2
idolores,2
overture,2
fable,2
flatly,2
rhino,2
_élite_,2
scribe,2
o’madden,2
faraway,2
coolest,2
lovelorn,2
jaunting,2
shopgirl,2
popcorked,2
dewy,2
leavetaking,2
barfloor,2
syrupy,2
azure,2
hie,2
-one,2
kindling,2
_sonnez,2
taunt,2
wilful,2
gleeful,2
vulgarity,2
spellbound,2
soothing,2
hoho,2
ditty,2
vamp,2
jing,2
inexquisite,2
seagreen,2
symposium,2
primary,2
averr,2
purply,2
dolores,2
atrot,2
_when,2
wagg,2
blunder,2
aroma,2
porker,2
suave,2
glower,2
confused,2
jingly,2
maas,2
tenderly,2
liverless,2
vartry,2
feck,2
whopper,2
banshee,2
plaintive,2
solicitation,2
relaxed,2
wore,2
disnode,2
topp,2
spanishy,2
_martha,2
resplendent,2
onehandle,2
theobald,2
la._,2
joggle,2
fame_,2
clinking,2
lamentation,2
crisscross,2
catgut,2
barraclough,2
corncrake,2
snivel,2
minus,2
improvise,2
dummy,2
mur,2
mady,2
underline,2
bored,2
gander,2
eden,2
gallantbuttocked,2
dee,2
detective,2
quotation,2
scoundrel,2
sift,2
minuet,2
_don,2
giovanni_,2
dump,2
dandy,2
acoustics,2
resonance,2
interfer,2
spree,2
addled,2
embellish,2
bast,2
shah,2
persia,2
woodwind,2
lowcut,2
operaglass,2
apoplectic,2
fence,2
yonder,2
embon,2
infatuate,2
stack,2
maurice,2
mightily,2
trump,2
rubicund,2
adipose,2
unpaid,2
prohibit,2
fiddlefaddle,2
rehears,2
pompedy,2
tissuepaper,2
bumbailiff,2
melodeon,2
burgund,2
heytesbury,2
doubtful,2
doubledare,2
nonperishable,2
hereinafter,2
trustee,2
plaice,2
haddock,2
pollock,2
aqueous,2
enumerate,2
exalt,2
ingot,2
silvery,2
playful,2
munster,2
cauliflower,2
marrow,2
gooseberry,2
raspberry,2
cull,2
angus,2
cackling,2
thomond,2
m’gillicuddy,2
lordly,2
grouse,2
constabulary,2
santry,2
joe.,2
ditto,2
chara_,2
mastery,2
rumblingly,2
encase,2
cowhide,2
heroine,2
conn,2
sarsfield,2
jim,2
soggarth,2
village,2
blacksmith,2
boycott,2
christopher,2
columbus,2
brendan,2
mohican,2
monte,2
carlo,2
isolde,2
ludwig,2
culdee,2
gautama,2
canine,2
uneasy,2
supposition,2
cudgel,2
fashioned,2
impervious,2
redmayne,2
flint,2
gillett,2
rosa,2
alfred,2
clapham,2
forrest,2
cockburn,2
dimsey,2
eightyfive,2
poodle,2
bi,2
straightway,2
cunn,2
deathless,2
therewith,2
therefor,2
emboss,2
dominion,2
injun,2
luminosity,2
etheric,2
orangefiery,2
entity,2
cullen,2
skeez,2
jessie,2
wight,2
deterrent,2
tool,2
kilmainham,2
jawbreaker,2
fracture,2
vertebrae,2
genital,2
anatomy,2
penis,2
upwards,2
doggy,2
jacobs,2
o’dowd,2
glaring,2
precinct,2
ordnance,2
whil,2
melody,2
charabancs,2
overlook,2
genuinely,2
favourable,2
accommodate,2
beninobenone,2
señor,2
heterogeneous,2
animated,2
knuckleduster,2
macfadden,2
booterstown,2
promptitude,2
unanimously,2
extricate,2
abstract,2
acclamation,2
concourse,2
vociferously,2
vive,2
megaphone,2
supplication,2
fatal,2
brawny,2
beneficent,2
repast,2
nicety,2
delicious,2
keenest,2
serried,2
passionately,2
pastime,2
core,2
romantic,2
genealogical,2
tasteful,2
crossbone,2
timely,2
outburst,2
tomkin,2
flinch,2
blimey,2
mashtub,2
shoneen,2
truss,2
bagpipe,2
_pro,2
bono,2
legion,2
setter,2
wolfdog,2
achievement,2
recitation,2
resemblance,2
italic,2
subjoin,2
topical,2
ratepayer,2
refreshment,2
mortgagee,2
mortgagor,2
vagabond,2
truer,2
finer,2
tragic,2
errand,2
14a,2
shebeen,2
frenchy,2
volcano,2
knacker,2
dowd,2
eireann_,2
cowe,2
conacre,2
nat.,2
buncombe,2
opposition,2
hurley,2
eloquent,2
revive,2
excell,2
superlative,2
enhance,2
clergy,2
amongst,2
rt,2
gorman,2
manus,2
mixup,2
retaliate,2
tiger,2
opponent,2
organise,2
cocoanut,2
whatwhat,2
bucko,2
garth,2
cummins,2
imply,2
defence,2
pishogue,2
stutter,2
brini,2
zouave,2
breastplate,2
moreover,2
publication,2
fraternity,2
alias,2
dissolve,2
typhoid,2
feastday,2
rede,2
disposition,2
iar,2
rightwiseness,2
bail,2
malefactor,2
repetition,2
gazette_,2
enlarge,2
wealthy,2
contractor,2
realm,2
winged,2
goodfornothing,2
_conspuez,2
outhouse,2
frailty,2
cupboard,2
missing,2
damask,2
ballybough,2
farfamed,2
fir,2
bole,2
jean,2
neaulan,2
forester,2
holly,2
canebrake,2
flounce,2
acorn,2
beechmast,2
mistletoe,2
pupp,2
kinsale,2
desmond,2
treaty,2
battleship,2
swig,2
moya,2
_black,2
sambo,2
bonfire,2
buttend,2
breech,2
cottonball,2
shieling,2
hyenas,2
nobble,2
beholden,2
ballymote,2
pigment,2
neagh,2
rathdown,2
birthplace,2
sweepingbrush,2
collaps,2
han,2
jumbo,2
verschoyle,2
trumpet,2
skit,2
alaki,2
abeakuta,2
facility,2
partaok,2
chaplain,2
massa,2
surname,2
hilarious,2
thereafter,2
mango,2
kaffir,2
throwaway_,2
consul,2
prussic,2
crofter,2
orangeman,2
palfrey,2
tabard,2
warrant,2
pasty,2
pistachios,2
tansy,2
defraud,2
alligator,2
perverted,2
deedpoll,2
ventre,2
homicide,2
deacon,2
dominic,2
julian,2
celestine,2
fintan,2
gonzaga,2
stanislaus,2
brigid,2
aureole,2
efficacy,2
cruse,2
axe,2
lilie,2
buckshot,2
beehive,2
vaseline,2
introit,2
mislaid,2
cornice,2
domini._,2
corporis,2
dominum,2
larboar,2
doth,2
equidistant,2
whereof,2
parliamentary,2
ragamuffin,2
bawling,2
clime,2
meadow,2
casket,2
recipient,2
visibly,2
welkin,2
caledonian,2
electrical,2
rebellion,2
epicentre,2
atmospheric,2
fottrell,2
erudite,2
worshipful,2
trajectory,2
continent,2
pontiff,2
unexpectedly,2
removal,2
cornwall,2
supervision,2
doc.,2
battery,2
lovingly,2
promontory,2
chubby,2
sufferer,2
persuasive,2
lovable,2
wouldbe,2
plight,2
unmentionable,2
motherwit,2
winsome,2
taper,2
deliberate,2
higharched,2
instep,2
patrician,2
eyebrowleine,2
faintest,2
surety,2
squinty,2
reck,2
votary,2
threequarter,2
wideleaved,2
chenille,2
butterfly,2
footwear,2
rosepink,2
unty,2
pentup,2
impetuous,2
fleck,2
november,2
grandpapa,2
wifey,2
merrily,2
bravest,2
wholesome,2
recit,2
beseech,2
ember,2
boyish,2
determined,2
surge,2
protection,2
hood,2
haja,2
toilet,2
foreigner,2
winny,2
rippingham,2
healing,2
fitly,2
canarybird,2
album,2
tableau,2
patriarch,2
thurible,2
_tantum,2
ergo_,2
daint,2
maddening,2
sphere,2
_contretemps_,2
exclamation,2
hither,2
grounds,2
freewheel,2
coralpink,2
luxury,2
scrupulously,2
shortcoming,2
gild,2
madhouse,2
recoil,2
accommodation,2
tabernacle,2
genuflect,2
whitehot,2
congested,2
skirtdancer,2
highkicker,2
telling,2
knicker,2
behave,2
piteous,2
ruse,2
tramdriver,2
thankful,2
whitewash,2
undone,2
drimmie,2
necktie,2
bracegirdle,2
branscombe,2
parrot,2
venue,2
mushy,2
jammet,2
billet,2
polecat,2
roost,2
chit,2
hubby,2
sixfooter,2
defy,2
heliotrope,2
hyacinth,2
gossamer,2
rainbow,2
forbidden,2
paragraph,2
mangle,2
wrecker,2
optical,2
mirage,2
fluxion,2
friction,2
manhood,2
henny,2
sanctity,2
furze,2
stormy,2
tephilim,2
plank,2
seasick,2
postman,2
coastguard,2
crumlin,2
padd,2
barbary,2
gunfire,2
noches,2
morris,2
widows,2
premium,2
tow,2
pyjamas,2
holyhead,2
vex,2
flatfoot,2
prosperity,2
assert,2
proliferent,2
fortunately,2
profundity,2
excessively,2
odious,2
enjoin,2
malady,2
adopt,2
inquirer,2
manifest,2
solely,2
subsist,2
emolument,2
befit,2
domicile,2
midwive,2
foresight,2
omit,2
cogitation,2
ostensibly,2
ruth,2
lone,2
teem,2
wreaker,2
thatch,2
loth,2
withsay,2
agone,2
nursingwoman,2
motherhood,2
yclept,2
wherewith,2
salve,2
volatile,2
environ,2
upheld,2
abound,2
marvel,2
childe,2
amity,2
eke,2
goodliest,2
alba,2
longa,2
demand,2
govern,2
scant,2
acclaim,2
whoso,2
cometh,2
thereat,2
lilith,2
bigness,2
layman,2
pardy,2
pregnant,2
eleventh,2
perish,2
vicar,2
healer,2
almightiness,2
c’était,2
sacré,2
ding,2
pod,2
staboo,2
hist,2
spawn,2
goodly,2
obedience,2
wedlock,2
_ut,2
virginal,2
dulcet,2
amatory,2
connubial,2
luxuriously,2
suckle,2
blister,2
inception,2
metamorphosis,2
subsolar,2
batten,2
remoteness,2
refluent,2
cage,2
braggart,2
boaster,2
hubbub,2
boasthard,2
grot,2
offspring,2
deceive,2
abuse,2
apoplexy,2
thereabout,2
clout,2
alec,2
skittish,2
leop,2
covey,2
racer,2
chick,2
punt,2
gist,2
persuasion,2
hanker,2
headborough,2
welsher,2
kidnap,2
salesmaster,2
gavin,2
dispatche,2
dilemma,2
meddle,2
plumper,2
rollingpin,2
soundly,2
forelock,2
damsel,2
pamper,2
amok,2
boatrace,2
oar,2
grammar,2
wherry,2
shipboard,2
helm,2
chanty,2
lambay,2
expound,2
hearer,2
sterility,2
inhibitory,2
conjugal,2
prohibition,2
proclivity,2
holder,2
ascendancy,2
soever,2
nutriment,2
recommend,2
trice,2
newcastle,2
contention,2
elegance,2
overjoy,2
assistance,2
diaphragm,2
conceit,2
antechamber,2
visavis,2
breeding,2
equivalent,2
mais,2
bien,2
slick,2
artless,2
swain,2
heyday,2
maturer,2
anguish,2
tut,2
stoutest,2
luckless,2
monstrous,2
gad,2
womanish,2
aint,2
laudable,2
deity,2
lustre,2
astonishment,2
shudder,2
rebuke,2
eject,2
plier,2
desiderate,2
ingenious,2
darwin,2
readiest,2
tolerable,2
delicacy,2
lawful,2
alleviate,2
ordeal,2
rejoice,2
virile,2
commune,2
seminary,2
levity,2
counsell,2
prerogative,2
scruple,2
hussy,2
grazing,2
asperity,2
straightforward,2
reprehensible,2
balm,2
apothegm,2
profligate,2
marital,2
debauch,2
temperate,2
circumspection,2
usage,2
simultaneous,2
primogeniture,2
simulate,2
defective,2
reunion,2
prolongation,2
syringe,2
involution,2
menopause,2
impregnate,2
catamenic,2
gravest,2
obstetrics,2
animation,2
abnormality,2
digit,2
negro,2
portwine,2
_prima,2
facie_,2
hypothetical,2
grissel,2
steevens,2
plasmic,2
metaphysical,2
outlandish,2
elegant,2
contemporaneously,2
malachias,2
samuel,2
vendetta,2
solitude,2
chameleon,2
ruminate,2
reckoning,2
budd,2
oleaginous,2
ingle,2
recede,2
cloude,2
ungainly,2
structure,2
highway,2
zodiacal,2
capricorn,2
inexhaustible,2
magnify,2
interstellar,2
writhe,2
myriad,2
metamorphose,2
meditate,2
phyllis,2
chestnut,2
brevier,2
reprove,2
underwood,2
awaken,2
intensely,2
incorruptible,2
theosophos,2
initiate,2
surmise,2
transaction,2
mutually,2
capacious,2
scope,2
inquisition,2
lafayette,2
div.,2
scep.,2
addicted,2
pubb.,2
canv.,2
spermatozoa,2
nemasperm,2
tantamount,2
mortality,2
sanitary,2
complaint,2
bacteria,2
denomination,2
mutilate,2
scorbutic,2
calibre,2
bacc.,2
abdominal,2
trauma,2
workshop,2
culminate,2
newborn,2
evolution,2
tidal,2
blossoming,2
normally,2
germ,2
conclusively,2
survival,2
interruption,2
aliment,2
emaciate,2
parlance,2
victualler,2
interlocutor,2
effective,2
reverently,2
whirligig,2
mamy,2
influential,2
confront,2
soothe,2
disengage,2
pellet,2
sward,2
collide,2
custody,2
crib,2
juda,2
compass,2
cloudburst,2
ulterior,2
rap,2
barr,2
cleave,2
thine,2
fleece,2
vim,2
stamina,2
population,2
sterile,2
cohabitation,2
pandemonium,2
mump,2
bedsore,2
deam,2
holler,2
las,2
dix,2
isaacs,2
limelight,2
yous,2
rugger,2
possessor,2
caloric,2
password,2
cribb,2
merci._,2
pandemos,2
seduce,2
deciduously,2
stunn,2
nohow,2
chile,2
velly,2
cutest,2
tha,2
decamp,2
wha,2
vel,2
nachez,2
breather,2
hoot,2
skunk,2
e’en,2
yon,2
mackintosh,2
jubilee,2
seedy,2
padney,2
gradient,2
tremendously,2
conserve,2
unwell,2
abominable,2
pflaaaap,2
bawdyhouse,2
excrement,2
tramsiding,2
wafer,2
wedge,2
children,2
sst,2
maidenhead,2
highlander,2
slink,2
bridl,2
omar,2
lynx,2
scuttle,2
cesspool,2
composite,2
portrait,2
concave,2
booloohoom,2
convex,2
cheekchop,2
siding,2
bells,2
sandstrewer,2
bak,2
parcell,2
panacea,2
tension,2
esta,2
esperanto,2
_he,2
sidle,2
stepaside,2
pickpocket,2
alpine,2
kaputt,2
goim,2
smelling,2
desist,2
satirically,2
jewell,2
fiercely,2
scold,2
cloven,2
whitewax,2
frieze,2
bohee,2
banjo,2
dina,2
chortle,2
housewarming,2
irving,2
masonic,2
prismatic,2
gushingly,2
ottoman,2
tinsel,2
moonblue,2
pall,2
offhandedly,2
unfortunately,2
findon,2
haddy,2
gore,2
marionette,2
velour,2
leopardstown,2
honestly,2
secretly,2
dancer,2
gaffer,2
rasp,2
maim,2
sodden,2
derwan,2
singly,2
plodge,2
sump,2
shebeenkeeper,2
haggle,2
embrasure,2
surroundings,2
raincape,2
beak,2
enthusiastically,2
shirtfront,2
revolver,2
bucking,2
pulley,2
maneater,2
crowbar,2
fritz,2
amsterdam,2
hyena,2
blum,2
pasha,2
fez,2
plausibly,2
confidentially,2
waterloo,2
hatchet,2
ephraim,2
misunderstood,2
commander,2
rorke,2
dad,2
disabled,2
bloemfontein,2
seventyseven,2
plagiarist,2
throughout,2
hangdog,2
considerably,2
bally,2
hallmark,2
rotter,2
quadruple,2
crier,2
memento,2
discoloure,2
nurture,2
affectionate,2
rural,2
grapple,2
incoherently,2
reporter,2
stifflegged,2
crucial,2
aberration,2
hallucination,2
familiarity,2
prima,2
intimacy,2
apologetic,2
hitch,2
badger,2
jungle,2
defeat,2
turning,2
scrutinise,2
voicelessly,2
avine,2
sluts,2
sheepskin,2
fortunate,2
bearing,2
coup,2
dennehy,2
cob,2
boulevard,2
torero,2
unspeakable,2
vicious,2
derisively,2
savagely,2
jurors,2
pest,2
jerkin,2
desperately,2
pelvic,2
unmanned,2
beagle,2
extinct,2
ashen,2
surplice,2
coalhole,2
bower,2
familiarly,2
forlornly,2
mechanically,2
workman,2
pestilence,2
harrington,2
mayoral,2
confer,2
commemorative,2
dutchmen,2
pelf,2
streamer,2
sightseer,2
cheering,2
farrier,2
cleaner,2
bullion,2
outfitter,2
reformer,2
archbishopp,2
testicle,2
wireless,2
repudiate,2
selene,2
ladysmith,2
deploy,2
bloomusalem,2
nova,2
guidance,2
colossal,2
indulgence,2
spurious,2
reprint,2
7/6,2
cosmic,2
hem,2
women,2
ragged,2
ghimel,2
daleth,2
beni,2
despot,2
suburban,2
mendicancy,2
impostor,2
plural,2
sibyl,2
stab,2
steamroller,2
precocious,2
debauchery,2
dissolute,2
hypocrite,2
apocalypse,2
viper,2
specialist,2
testimony,2
abnormal,2
demented,2
ascendant,2
chronic,2
complex,2
examination,2
anal,2
intermittent,2
misdemeanant,2
clemency,2
commotion,2
u,2
cuirass,2
profane,2
o’halloran,2
jesurum,2
mackay,2
ostrolopsky,2
smerdoz,2
schwarz,2
adrianopoli,2
aranjuez,2
lewy,2
lawson,2
ichabudonosor,2
magnus,2
christbaum,2
maimun,2
benamor,2
savorgnanovich,2
jasperstone,2
vingtetunieme,2
deadhand,2
pillory,2
r,2
embroidery,2
reigneth,2
carbonise,2
musicroom,2
embarrassment,2
dreadfully,2
greeneyed,2
awkwardly,2
avert,2
hearthrug,2
waggle,2
henna,2
stye,2
uncoil,2
node,2
mode,2
haihoop,2
accurately,2
fundamental,2
ellipse,2
blare_,2
reced,2
l’homme,2
jeux,2
nadir,2
funnel,2
operate,2
advent,2
ruination,2
hennessy,2
pigtail,2
crayfish,2
aum,2
hek,2
cult,2
shakti,2
zodiac,2
lipoti,2
chimneyflue,2
stayse,2
lingerie,2
detail,2
alley,2
genially,2
fleshy,2
lycopodium,2
encouragingly,2
wheatenmeal,2
tara.,2
willpower,2
parchmentroll,2
energetically,2
pomegranate,2
coition,2
tablespoonful,2
dazed,2
bubbly,2
sesame,2
bivalve,2
debility,2
ocular,2
psalm,2
suction,2
impediment,2
bloometh,2
yoni,2
lingam,2
epileptic,2
pollute,2
phosphorescent,2
castanet,2
virgins,2
flybill,2
unscrew,2
devoutly,2
simian,2
invoke,2
akimbo,2
midge,2
melodious,2
doorhandle,2
silverfoil,2
engineer,2
relax,2
massive,2
minnie,2
eardrop,2
flirting,2
barometer,2
aging,2
baritone,2
sinew,2
correction,2
thumping,2
whimper,2
ferociously,2
preference,2
ashtray,2
uncork,2
smythe,2
duchess,2
_vice,2
versa_,2
pinky,2
mentally,2
d’olier,2
indecently,2
offensively,2
vitriol,2
candid,2
inhuman,2
insist,2
amuse,2
alberta,2
bidder,2
fourteen,2
whoa,2
caliph,2
seam,2
impotent,2
drizzle,2
horizontal,2
haggard,2
slimsandalled,2
hegarty,2
exciting,2
rob,2
shrubbery,2
suffocate,2
closely,2
guttural,2
pyre,2
pugilist,2
aristocracy,2
refund,2
pamphlet,2
incorrectly,2
languorous,2
lavatory,2
pricelist,2
turnbull,2
phoucaphouca,2
fauna,2
humid,2
hatless,2
impress,2
ethereal,2
harden,2
brophy,2
...!,2
multiple,2
superfluous,2
contemptuously,2
exaggerate,2
poundnote,2
slyboot,2
eye.,2
alle,2
gimlet,2
pandybat,2
pointing,2
rooster,2
weal,2
sideseat,2
boater,2
geranium,2
plough,2
hatrack,2
shakespearee,2
everyday,2
marquee,2
beeftea,2
parleyvoo,2
reversible,2
nudity,2
alor,2
gule,2
volant,2
torche,2
lodaes,2
schooling,2
hesitation,2
katty,2
lanner,2
monde,2
hours,2
cavaliers,2
dos,2
cumbersome,2
roundabout,2
bridal,2
particoloured,2
malignant,2
rushes,2
incog,2
tweezer,2
galbraith,2
elaborate,2
civilian,2
shes,2
biff,2
precisely,2
retain,2
skinner,2
undoe,2
monotonous,2
ochone,2
tugge,2
fucker,2
troops,2
woodcock,2
athlete,2
duel,2
o’leary,2
o’donoghue,2
glens,2
altarstone,2
o’flynn,2
haine,2
ferocious,2
incapable,2
barking,2
provocation,2
behan,2
cabra,2
reassure,2
festoon,2
somnambulist,2
educate,2
ferguson,2
repeatedly,2
advisable,2
conveyance,2
adage,2
tramways,2
propos_,2
ultimately,2
rourke,2
indispensable,2
barely,2
liable,2
incite,2
nourishing,2
desertion,2
pistol,2
category,2
katherine,2
unquestionably,2
washkitchen,2
customary,2
furthermore,2
fabrication,2
fagg,2
truthfully,2
penal,2
option,2
sandwichman,2
ration,2
ejaculate,2
evident,2
patently,2
abstain,2
status,2
respiration,2
sheer,2
vestige,2
decidedly,2
miscellaneous,2
redbearded,2
portion,2
avail,2
belladonna,2
southern,2
_tête,2
tête_,2
antediluvian,2
concurr,2
socalled,2
seaman,2
stockholm,2
selfsame,2
dalton,2
focuss,2
tarpaulin,2
boggle,2
peruse,2
boudin,2
lurid,2
addressee,2
firstrate,2
hydro,2
average,2
i.e.,2
neighbourhood,2
lastnamed,2
adventure,2
trieste,2
whilst,2
roam,2
_dénouement_,2
_soi,2
disant_,2
questioner,2
superannuated,2
danny,2
draper,2
getup,2
sideface,2
yarn,2
duration,2
idiotic,2
competent,2
convolution,2
_corruptio,2
galileo,2
forgery,2
qua,2
unmistakable,2
waxwork,2
outline,2
candidly,2
abdomen,2
impetuosity,2
distinctive,2
merit,2
_mona_,2
vacate,2
exploit,2
radically,2
cleanse,2
partiality,2
coastwise,2
palgrave,2
alexandra,2
veritable,2
regain,2
resource,2
vulnerable,2
termination,2
interim,2
prearrange,2
lessee,2
nickname,2
luminary,2
effectually,2
stipulate,2
equality,2
resent,2
uncommonly,2
goahead,2
pretence,2
comfortable,2
income,2
annum,2
provocative,2
kudo,2
nowadays,2
insinuate,2
misapprehension,2
ostentatiously,2
underclothing,2
cultivate,2
miniature,2
submerge,2
tenth,2
viz,2
caption,2
lovemaking,2
emigration,2
disaster,2
stifling,2
nonsensical,2
3000,2
ii_,2
tangent,2
marrowbone,2
rile,2
completion,2
wetting,2
seventytwo,2
trusty,2
mudslinging,2
_insuppressible_,2
privilege,2
keenly,2
notwithstand,2
tichborne,2
effusive,2
gratuitous,2
bask,2
18th,2
hussar,2
inflammable,2
erstwhile,2
photographic,2
esthetic,2
proficiency,2
_nisi_,2
penetrate,2
hammer,2
rumpus,2
allowance,2
dine,2
perplexity,2
precedent,2
sponger,2
tropical,2
potheen,2
remainder,2
foremost,2
2d,2
swathe,2
jocosely,2
emergency,2
variation,2
utilise,2
requisite,2
participate,2
dovecote,2
necessarily,2
lyric,2
novelty,2
und,2
lowbacked,2
sleeper,2
inadvertence,2
arc,2
gaslight,2
paraheliotropic,2
similarity,2
pictorial,2
inherit,2
disbelief,2
ethical,2
dissent,2
tacitly,2
†,2
a.d.,2
1884,2
progressive,2
4th,2
jewish,2
equilibrium,2
scullery,2
regulate,2
cp,2
discernible,2
semitransparent,2
carbon,2
hydrogen,2
oxygen,2
1898,2
curvilinear,2
boundary,2
weir,2
borough,2
recourse,2
meter,2
20000,2
solvent,2
particle,2
indisputable,2
primeval,2
peninsula,2
persistent,2
formation,2
homothetic,2
ramification,2
distillation,2
constituent,2
persever,2
gulf,2
potentiality,2
ubiquity,2
90,2
revolve,2
roller,2
immersion,2
aquacity,2
contraction,2
splashing,2
originality,2
fahrenheit,2
counteract,2
operative,2
justify,2
cylindrical,2
intimation,2
imaginary,2
/-,2
2/6,2
johnston,2
boru,2
emulation,2
burgh,2
resultant,2
non-intellectual,2
non-political,2
non-topical,2
dunbar,2
1920,2
arbitrary,2
immutable,2
surpass,2
kimmage,2
1887,2
gratefully,2
employment,2
superintendence,2
infirm,2
roadster,2
multicolour,2
continual,2
velocipede,2
bezique,2
suppositious,2
conception,2
maroon,2
indoor,2
eugen,2
rigidity,2
relaxation,2
repristination,2
gyration,2
enclosure,2
budapest,2
malone,2
repletion,2
astronomical,2
gelatine,2
geometrical,2
correspond,2
42,2
1/2d,2
admission,2
penknife,2
induce,2
restless,2
toxin,2
drapery,2
intuition,2
equation,2
knitting,2
mandoline,2
deficient,2
addenda,2
digital,2
laconic,2
compensate,2
deficiency,2
variously,2
indirect,2
permission,2
inferior,2
modify,2
theoretical,2
grammatical,2
aspiration,2
servile,2
torah,2
traditional,2
predestine,2
unresisting,2
habitation,2
infidel,2
implacable,2
ritual,2
opulence,2
delinquency,2
hypnotic,2
1889,2
violation,2
passivity,2
unexpectedness,2
concentric,2
permanence,2
lesson,2
indicator,2
reciprocate,2
27th,2
vicarious,2
provisional,2
monosyllabic,2
emily,2
sydney,2
realisation,2
inequality,2
acceptable,2
penumbra,2
heaventree,2
lunation,2
ft,2
900,2
nebula,2
moribund,2
incalculable,2
billion,2
affinity,2
constellate,2
divisible,2
component,2
quadrature,2
9th,2
33,2
satellite,2
redemption,2
approximate,2
hemorrhage,2
finite,2
significant,2
7th,2
orbit,2
meteoric,2
posit,2
abasement,2
isolated,2
crater,2
dissimilar,2
1880,2
concurrent,2
centripetal,2
centrifugal,2
reenter,2
ingleside,2
checker,2
majolicatopped,2
perilous,2
easychair,2
discolouration,2
varnish,2
pedal,2
diminutive,2
emite,2
caroline,2
ipsorelative,2
mutable,2
aliorelative,2
marginal,2
24,2
hozier,2
_history,2
russo,2
flyleaf,2
10th,2
carpenter,2
incongruity,2
decisive,2
amnesia,2
narcissus,2
expansion,2
triangular,2
intersection,2
compile,2
budget,2
0—0—3,2
gratification,2
tramfare,2
2—19—3,2
divestiture,2
ungual,2
unoccupied,2
messuage,2
affix,2
transverse,2
directory,2
mural,2
bulb,2
trespasser,2
terminal,2
flowerville,2
8/6,2
moderately,2
rectitude,2
retrenchment,2
promote,2
matrimony,2
canadian,2
collective,2
ewart,2
60,2
lender,2
steeplechase,2
adhesive,2
1.m.,2
4d,2
esplanade,2
glasgow,2
yuletide,2
xmas,2
89,2
typewritt,2
/o.,2
addresser,2
charing,2
photocard,2
senorita,2
presentation,2
28,2
rectal,2
textual,2
endowment,2
500,2
passbook,2
migration,2
geographical,2
multiplication,2
negligible,2
divinity,2
linea,2
ursa,2
omega,2
noman,2
rehoboth,2
nightshirt,2
bedlinen,2
imagin,2
impressionability,2
comprehension,2
antagonistic,2
energetic,2
fluctuation,2
natured,2
unnatural,2
aorist,2
preterite,2
pars,2
onomatopoeic,2
verb,2
solicitous,2
elevation,2
tentative,2
modification,2
gymnastic,2
ejaculation,2
flex,2
roc,2
lowneck,2
welleducated,2
edg,2
coalman,2
tremendous,2
dicken,2
alright,2
stoppress,2
darcy,2
raincoat,2
unlucky,2
8th,2
fooling,2
pighead,2
trash,2
algeciras,2
lancer,2
andalusian,2
flagellate,2
cuffes,2
disgusting,2
helys,2
stanhope,2
marche,2
doggerina,2
ashlydyat,2
mulveys,2
warden,2
groves,2
windowsill,2
heass,2
heah,2
compriment,2
nancy,2
thered,2
santa,2
nevada,2
drunker,2
como,2
burglar,2
devans,2
trilby,2
drimmies,2
vagina,2
maritana,2
dillons,2
pfooh,2
usted,2
***,1
joyce,1
dressinggown,1
inton,1
_introibo,1
dei_,1
coarsely,1
catching,1
untonsured,1
hued,1
christine,1
dactyl,1
athens,1
jejune,1
indigestion,1
guncase,1
hopp,1
scutter,1
oakpale,1
scrotumtightening,1
harbourmouth,1
hyperborean,1
tolerant,1
loveliest,1
jagge,1
threadbare,1
cuffedge,1
wellfed,1
breek,1
contentedly,1
secondleg,1
poxy,1
bowsy,1
palp,1
smokeblue,1
dottyville,1
wellknit,1
plainlooking,1
peering,1
parry,1
oxy,1
zulus,1
hellenise,1
ragging,1
moneyed,1
ades,1
marmalade,1
debagge,1
startling,1
quadrangle,1
mower,1
narrowly,1
paganism,1
omphalo,1
depressed,1
constraint,1
dissectingroom,1
teazle,1
buttercup,1
whinge,1
lalouette,1
mope,1
brooding,1
woodshadow,1
inshore,1
lightshod,1
harpstring,1
wavewhite,1
featherfan,1
musk,1
gaud,1
birdcage,1
royce,1
invisibility,1
phantasmal,1
muskperfumed,1
beset,1
cored,1
fingernail,1
glazing,1
ghostcandle,1
excipiat._,1
chewer,1
ahoy,1
druidy,1
slaver,1
livingroom,1
gowned,1
flagge,1
janey,1
upend,1
buttercooler,1
patris,1
filii,1
spiritus,1
sancti._,1
hewing,1
wheedling,1
_so,1
pot._,1
messmate,1
fishgod,1
upanishads,1
kinswoman,1
finical,1
overcloud,1
hoarsen,1
rasping,1
islander,1
measureful,1
tilly,1
lush,1
squirting,1
dug,1
dewsilky,1
betrayer,1
cuckquean,1
upbraid,1
bogswamp,1
paved,1
horsedung,1
bonesetter,1
medicineman,1
uneager,1
junket,1
milkwoman,1
snotrag,1
rebellious,1
talking,1
resign,1
wellnigh,1
leaningplace,1
bathtowel,1
pitt,1
fifty-five,1
pique,1
stolewise,1
japhet,1
unbind,1
freshen,1
smokeplume,1
tacking,1
muglins,1
bemuse,1
striving,1
aton,1
wellshaped,1
queerest,1
fin,1
olivet,1
breezy,1
winglike,1
guardedly,1
blasphemous,1
tinderbox,1
displeasure,1
ferrule,1
steeeeeeeeeeeephen,1
waver,1
unkind,1
unfairly,1
unam,1
sanctam,1
catholicam,1
apostolicam,1
ecclesiam:_,1
chemistry,1
marcellus,1
militant,1
heresies,1
terrene,1
son.,1
disarming,1
worsting,1
embattled,1
zut,1
businessman,1
puffy,1
unclip,1
frogwise,1
unlace,1
paunch,1
tritely,1
redheaded,1
supermen,1
upwardcurving,1
nimbus,1
niche,1
sweetton,1
tarentum,1
thud,1
279,1
asculum,1
gorescarred,1
corpsestrewn,1
figroll,1
snugly,1
vico,1
malicious,1
edith,1
ethel,1
disesteem,1
clement,1
pawnshop,1
beldam,1
argos,1
_weep,1
swarthy,1
breastwork,1
lycidas,1
actuality,1
genevieve,1
strategy,1
fed,1
sloth,1
underworld,1
scaly,1
candescent,1
scoffer,1
hollybush,1
unreadiness,1
dateshaped,1
_sums_,1
headline,1
cyril,1
futile,1
boneless,1
bestrode,1
heath,1
rapine,1
merciless,1
solve,1
mummery,1
matris,1
wheysour,1
swaddling,1
gracelessness,1
dethron,1
graceless,1
laggard,1
scrappy,1
schoolhouse,1
fussily,1
garish,1
bleach,1
illdyed,1
abrade,1
spooncase,1
strongroom,1
embarrass,1
whelk,1
cowry,1
whorl,1
emir,1
scallop,1
tablecloth,1
seacold,1
unhating,1
mccann,1
cousins,1
reynold,1
koehler,1
mackernan,1
joyously,1
fillibeg,1
repeal,1
denounce,1
demagogue,1
fenian,1
behung,1
papishe,1
covenant,1
croppie,1
vias,1
rectas_,1
ards,1
gruff,1
horseback,1
raddy,1
manuscript,1
hasting,1
_repulse_,1
_shotover_,1
_ceylon_,1
_prix,1
elfin,1
mudsplash,1
rebel._,1
meatfaced,1
nuzzle,1
knockkneed,1
crawsick,1
deathspew,1
spearspike,1
nutshell,1
_laissez,1
conflagration,1
supplies,1
agriculture,1
cassandra,1
koch,1
virus,1
mürzsteg,1
veterinary,1
embargo,1
cattledoctor,1
backstair,1
oldly,1
goldskinned,1
gemmed,1
thickplot,1
maladroit,1
manifestation,1
whrrwhee,1
tweak,1
macmurrough,1
struggler,1
learner,1
homestead._,1
cattletrader,1
couchant,1
coughball,1
gaitered,1
checkerwork,1
spangle,1
seaspawn,1
seawrack,1
bluesilver,1
rust,1
sconce,1
millionaire,1
_maestro,1
color,1
sanno_,1
wrack,1
howsomever,1
_nacheinander_,1
mallet,1
_los,1
demiurgos_,1
dominie,1
madeline,1
catalectic,1
tetrameter,1
agallop,1
_deline,1
mare_,1
basta,1
_frauenzimmer_,1
shelving,1
flabbily,1
splay,1
lourdily,1
gamp,1
relict,1
misbirth,1
strandentwing,1
cable,1
kadmon,1
heva,1
buckler,1
whiteheaped,1
ghostwoman,1
coupler,1
eterna_,1
contransmagnificandjewbangtantiality,1
illstarred,1
_euthanasia_,1
stall,1
widowed,1
upstiffed,1
_omophorion_,1
hinderpart,1
whitemaned,1
seahorse,1
brightwindbridle,1
imbecile,1
slacken,1
strasburg,1
hayloft,1
cornet,1
gondolier,1
skewey,1
cleanchested,1
lapboard,1
goff,1
shapland,1
_duces,1
tecum_,1
_requiescat_,1
misleading,1
bedpal,1
whusky,1
chippendale,1
lawdeedaw,1
all’erta,1
ferrando,1
_aria,1
sortita_,1
tuneful,1
bigdrumm,1
hundredheaded,1
rabble,1
hater,1
houyhnhnm,1
horsenostrilled,1
lanternjaws,1
paff,1
descende,1
nimium,1
decalveris_,1
comminate,1
clamber,1
footpace,1
_descende,1
monstrance,1
basiliskey,1
baldpoll,1
jackpriest,1
alb,1
tonsure,1
pyx,1
dringadring,1
ladychapel,1
occam,1
twine,1
transept,1
diphthong,1
certo,1
_naked,1
q,1
epiphany,1
alexandria,1
mahamanvantara,1
pico,1
della,1
mirandola,1
grainy,1
razorshell,1
unnumbered,1
shipworm,1
unwholesome,1
sandflat,1
treading,1
seafire,1
porterbottle,1
stogge,1
cakey,1
sentinel,1
chalkscrawl,1
dryingline,1
wigwam,1
steersmen,1
joseph._,1
furlough,1
_lait,1
chaud_,1
bunny,1
_lapin._,1
_gros,1
lots_,1
michelet,1
jésus_,1
tordant,1
suis,1
socialiste,1
crois,1
l’existence,1
père._,1
croit,1
père,1
oui._,1
schluss_,1
paysayenn,1
_physique,1
chimique,1
naturelles_,1
_mou,1
civet_,1
_boul,1
mich’_,1
moi_,1
_encore,1
minutes_,1
fermé_,1
shotgun,1
khrrrrklak,1
scotus,1
creepystoll,1
pintpot,1
loudlatinlaughing,1
_euge,1
euge,1
slimy,1
tutu_,1
_pantalon,1
blanc,1
culotte,1
rouge_,1
hannigan,1
famileye,1
rawly,1
crude,1
farl,1
froggreen,1
wormwood,1
matin,1
belluomo,1
kerchiefed,1
acetic,1
rodot,1
yvonne,1
madeleine,1
newmake,1
_chaussons_,1
_pus_,1
_flan,1
bréton_,1
conquistador,1
gobbler,1
demi,1
sétier,1
hollandais,1
fromage,1
irlande,1
oui,1
_hollandais_,1
barcelona,1
_slainte,1
slabbed,1
grumbling,1
saucestained,1
dalcassian,1
conspiracy,1
yokefellow,1
sanguineflower,1
vieille,1
patrie_,1
millevoye,1
félix,1
faure,1
froeken,1
_bonne,1
upsala,1
_tous,1
messieurs_,1
_monsieur_,1
tobaccoshred,1
facebone,1
gossoon,1
tanist,1
sept,1
clerkenwell,1
paree,1
unsought,1
printingcase,1
montmartre,1
goutte,1
damascened,1
flyblown,1
loveless,1
landless,1
wifeless,1
comfy,1
outcast,1
gît,1
cœur,1
peachy,1
zebra,1
undespairing,1
fils_,1
blades_,1
strongbow,1
nore,1
o_,1
napper,1
sion,1
quaking,1
duskward,1
nightfall,1
pushedback,1
plateer,1
entomb,1
panthersahib,1
pointer,1
midwatche,1
sedge,1
eely,1
oarweed,1
grike,1
bladderwrack,1
coche,1
ensablé_,1
veuillot,1
gautier,1
stoneheap,1
sands,1
gigant,1
steppingston,1
feefawfum,1
zmellz,1
bloodz,1
odz,1
iridzman,1
shoreward,1
crested,1
peekaboo,1
lochlanns,1
bloodbeaked,1
prow,1
pewter,1
viking,1
torc,1
tomahawk,1
aglitter,1
turlehide,1
cagework,1
jerkined,1
flayer,1
scaling,1
blubbery,1
whalemeat,1
bayed,1
terribilia,1
meditans_,1
bruce,1
perkin,1
warbeck,1
nan,1
scullion,1
guido,1
michele,1
abstrusiosity,1
lifebuoy,1
natürlich_,1
swimmer,1
shellcocoacoloured,1
skirty,1
lowskimm,1
tenney,1
trippant,1
unattired,1
lacefringe,1
forehoof,1
seawardpointed,1
wavenoise,1
seamorse,1
cocklepicker,1
bearish,1
fawning,1
redpant,1
speckle,1
bedraggled,1
dogskull,1
dogsniff,1
bootless,1
slunk,1
lollope,1
unsmelt,1
hindpaw,1
spousebreach,1
blued,1
strolling,1
shellgrit,1
windraw,1
awast,1
o’loughlin,1
buss,1
wap,1
dimber,1
dell,1
shefiend,1
rancid,1
hogshead,1
darkman,1
delectation,1
tunbelly,1
_frate,1
porcospino_,1
unfallen,1
rutt,1
_thy,1
monkword,1
marybead,1
jabber,1
rogueword,1
nugget,1
trekk,1
schlepp,1
trascine,1
westering,1
moondrawn,1
myriadislanded,1
_oinopa,1
ghostcandled,1
mouthed,1
fleshless,1
moomb,1
oomb,1
allwomb,1
unspeeched,1
ooeeehah,1
cataractic,1
globed,1
wayawayawayawayaway,1
farthest,1
unbeheld,1
manshape,1
flutiest,1
cloyne,1
coloure,1
stereoscope,1
flutier,1
shamewound,1
longlash,1
visuality,1
hodges,1
figgis,1
jesse,1
kickshaw,1
stevie,1
pickmeup,1
dumpling,1
_piuttosto_,1
vidit,1
erant,1
valde,1
alo,1
_bonjour_,1
peacocktwittering,1
southing,1
faunal,1
gumheavy,1
serpentpplant,1
milkoozing,1
broadtoed,1
dislove,1
esther,1
osvalt,1
quel,1
pied,1
lassoe,1
greengoldenly,1
fourworded,1
wavespeech,1
seesoo,1
hrss,1
rsseeiss,1
vehement,1
seasnake,1
widely,1
foampool,1
unfurling,1
upswelling,1
writhing,1
languidly,1
ambrose,1
fullness,1
_diebus,1
noctibus,1
iniuria,1
patien,1
ingemiscit_,1
forthflow,1
fanshoal,1
undertow,1
porpoise,1
landward,1
corpsega,1
brine,1
minnow,1
spongy,1
trouserfly,1
urinous,1
nosehole,1
seachange,1
saltblue,1
seadeath,1
mildest,1
allbright,1
dico,1
nescit,1
occasum_,1
hismy,1
shoon,1
tiddledy,1
superman,1
regardant,1
spar,1
brail,1
upstream,1
giblet,1
hencod,1
tang,1
nidney,1
gelid,1
peckish,1
mkgnao,1
mrkgnao,1
chookchook,1
mrkrgnao,1
shameclose,1
eyeslit,1
milkman,1
warmbubbll,1
gurrhr,1
wirily,1
porous,1
mn,1
bedstead,1
farsee,1
initialled,1
stickyback,1
disturbing,1
footleaf,1
cellarflap,1
seventyfive,1
boland,1
ranker,1
awned,1
turbaned,1
crosslegged,1
seller,1
fennel,1
sherbet,1
headpiece,1
laneway,1
flabby,1
teadust,1
biscuitmush,1
m’auley,1
codger,1
sugarbin,1
redhead,1
leitrim,1
rinsing,1
tallons,1
tet,1
ahbeesee,1
defeegee,1
kelomen,1
opeecue,1
rustyouvee,1
doubleyou,1
inishturk,1
inishark,1
inishboffin,1
joggerfry,1
forcemeat,1
tranquilly,1
bloodgout,1
willowpatterned,1
chappe,1
washingsoda,1
denny,1
oldish,1
follower,1
clothesline,1
snipp,1
sausagepink,1
stallfed,1
lakeshore,1
tiberias,1
sanatorium,1
cropping,1
hobnailed,1
trudg,1
ripemeat,1
unpeel,1
sodachapped,1
crusted,1
prickle,1
foxeye,1
tract,1
yearly,1
34,1
silverpowdered,1
olivetree,1
ripen,1
basketchair,1
arbutus,1
navvie,1
vulcanic,1
weedless,1
sodom,1
gomorrah,1
edom,1
cunt,1
desolation,1
sear,1
homeward,1
unlet,1
towers,1
battersby,1
macarthur,1
bedwarmed,1
halfclose,1
tousled,1
twill,1
unwrapp,1
bloodsmeared,1
ringwise,1
amberoid,1
oldfashioned,1
bedhead,1
shegoat,1
fragrance,1
_l,1
darem_,1
twisted,1
valance,1
nothandle,1
smudge,1
ring_,1
desisted,1
oath_,1
metamspychosis,1
guarantor,1
curdling,1
_bath,1
nymph_,1
bits_,1
slimmer,1
stubb,1
flurried,1
forkful,1
discernment,1
toothsome,1
mrs.,1
greville,1
fondest,1
fifteenth,1
pityingly,1
xl,1
saucebox,1
ripening,1
anemic,1
king_,1
pitching,1
funky,1
swurls,1
braiding,1
gluey,1
meatstained,1
loosening,1
waistband,1
miaow,1
heaviness,1
tabledrawer,1
_titbits_,1
spearmint,1
scabby,1
loam,1
dropping,1
oilcake,1
mulch,1
drawback,1
whitmonday,1
hallstand,1
raincloak,1
shopbell,1
paybox,1
cuckstool,1
_matcham,1
masterstroke_,1
constipation,1
costive,1
cascara,1
sagrada,1
morally,1
envie,1
timing,1
her.,1
9.15,1
9.20,1
gretta,1
9.23,1
9.24,1
rubb,1
ponchielli,1
fanstick,1
eyemask,1
jerky,1
hough,1
soberly,1
leask,1
crusher,1
fagbutt,1
eczema,1
caskhoop,1
townsend,1
bethel,1
nichols,1
whatyoumaycall,1
flowery,1
snaky,1
idleness,1
azotes,1
hothouse,1
roseleave,1
cowheel,1
parasol,1
fingerjoint,1
teaching,1
pigeonhole,1
recruiting,1
freshprint,1
esq,1
/o,1
hackle,1
grenadier,1
showy,1
enlist,1
venereal,1
halfseasover,1
ed.,1
fireman,1
heed,1
e...,1
blanketcloth,1
brutus,1
vailed,1
fooster,1
fallback,1
_why,1
_what,1
him_,1
dead_,1
fellow_,1
honk,1
peri,1
_esprit,1
corps_,1
laceflare,1
largelidded,1
unhasty,1
twentyfifth,1
lo-ove,1
sweeeet,1
tolloll,1
napp,1
capp,1
rivett,1
regatta,1
reedy,1
cheesepar,1
softsoaping,1
smallpox,1
vaccinate,1
leah_,1
hamlet_,1
bateman,1
adelphi,1
ristori,1
ffoo,1
crunching,1
oaten,1
horsepiss,1
eldorado,1
jugginse,1
guttapercha,1
irritating,1
cabbie,1
setdown,1
sociable,1
syllable,1
mano,1
lala,1
cumberland,1
hopscotch,1
pickeystone,1
cunnythumb,1
mohammed,1
mignonette,1
mr?,1
return_,1
pinhold,1
smelt,1
manflower,1
cactus,1
forgetmenot,1
nightstalk,1
cooling,1
eyefocus,1
sevenfigure,1
incoming,1
sloppe,1
bunghole,1
mudflat,1
pooling,1
wideleave,1
hallows,1
stepp,1
d.d.,1
chinee,1
heresy,1
possstick,1
ecce,1
chopstick,1
corpus:_,1
stupefy,1
modell,1
unleavened,1
shewbread,1
lollipop,1
communicant,1
hokypoky,1
spreeish,1
bootsole,1
i.n.r.i,1
i.h.s.,1
crawthumper,1
shiftylooking,1
rins,1
dreg,1
aristocratic,1
cadg,1
_vibrato_,1
footdrill,1
quis,1
palestrina,1
benedictine,1
chartreuse,1
basse,1
connoisseur,1
organisation,1
clockwork,1
schschschschschsch,1
chachachachacha,1
repentance,1
skindeep,1
discretion,1
masse,1
monastery,1
fermanagh,1
browbeat,1
exaltation,1
safeguard,1
wickedness,1
beaconjar,1
alchemist,1
disinfectant,1
lilypot,1
pestle,1
aq.,1
dist.,1
fol.,1
laur,1
virid,1
doorbell,1
electuary,1
emulsion,1
litmus,1
paragoric,1
poppysyrup,1
loofah,1
tincture,1
benzoin,1
skinfood,1
albany,1
d’espagne_,1
hammam,1
nicer,1
lemony,1
coolwrapper,1
blacknailed,1
dandruff,1
oiling,1
hotbed,1
raffle,1
embezzle,1
redbaked,1
minaret,1
spoke,1
culler,1
slog,1
acrack,1
heatwave,1
melting,1
lave,1
ripripple,1
lemonyellow,1
armstrap,1
carriagewindow,1
whiteflateten,1
huggermugger,1
shampoo,1
rippedup,1
joylessly,1
wallace,1
bottleworks,1
waltzing,1
rampage,1
breadcrumb,1
lowdown,1
doubledy,1
counterjumper,1
m’swiney,1
selfwilled,1
greystones,1
eyed,1
disfavour,1
buttonless,1
darn,1
gasworks,1
whoop,1
measle,1
flaxseed,1
scarlatina,1
influenza,1
raindrop,1
colander,1
boy_,1
pompously,1
naumann,1
crosbie,1
alleyne,1
urbright,1
tedious,1
quinlan,1
pointsman,1
armlet,1
pulpit,1
bristol_,1
quiff,1
topnobber,1
maccormack,1
unclasp,1
deathday,1
unresist,1
dullgarbed,1
hume,1
callaghan,1
_madame_,1
_voglio,1
_vorrei,1
_mi,1
il_,1
_tre_,1
hugecloaked,1
liberator,1
blackbearded,1
curved,1
pristine,1
hasp,1
eagerness,1
drow,1
thwart,1
chiseller,1
barleycorn,1
adelite,1
patronage,1
whitelined,1
sod,1
meant,1
riverbed,1
afresh,1
capering,1
geisha,1
inquest,1
redlabelled,1
slat,1
sunlit,1
blessington,1
streetorgan,1
saul._,1
_mater,1
misericordiae_,1
incurable,1
deadhouse,1
raddle,1
drover,1
roastbeef,1
slaughterhouse,1
margarine,1
truck,1
pullman,1
sphincter,1
mourning,1
wayside,1
ble,1
artery,1
crossgun,1
towpath,1
slacktethered,1
aboard,1
_bugabu._,1
weedy,1
coastward,1
haulage,1
mudchoked,1
moyvalley,1
crock,1
cann,1
cheaper,1
houseboat,1
leixlip,1
dropp,1
boroimhe,1
fogarty,1
sorrowful,1
thos,1
dennany,1
monumental,1
geary,1
dustbrown,1
tenantless,1
unweeded,1
shoelace,1
exhume,1
felly,1
wrench,1
paperstuck,1
pallbearer,1
dogbiscuit,1
skeowway,1
bloodvessel,1
cartload,1
leanjawed,1
harpy,1
mausoleum,1
hindu,1
widowhood,1
drawn,1
guncarriage,1
frogmore,1
sleekcombed,1
grady,1
chancel,1
prayingdesks,1
font,1
balancing,1
fluent,1
dominenamine._,1
bosse,1
hhhn,1
intres,1
judicium,1
servo,1
domine,1
blackedged,1
altarlist,1
werburgh,1
goner,1
kneecap,1
inducas,1
tentationem,1
middleaged,1
childbirth,1
baldheaded,1
businessmen,1
coffincart,1
roo,1
plod,1
treacherous,1
reproof,1
secretsearching,1
impressive,1
life_,1
mousing,1
gramme,1
a1,1
drawling,1
eh?,1
stationery,1
mulcahy_,1
_whoever,1
goodheartedness,1
passout,1
habea,1
corpus_,1
gumption,1
breedy,1
touchy,1
pitchdark,1
tantalise,1
grig,1
kneeling,1
landslip,1
honeycombed,1
edging,1
epicure,1
invaluable,1
wilkinson,1
corpsemanure,1
charnelhouse,1
decomposing,1
ret,1
tougher,1
tallowy,1
cheesy,1
deathmoth,1
gurl,1
bulletin,1
spurgeon,1
mortuis,1
prius_,1
lankylooking,1
galoot,1
lonesome,1
sead,1
deadborn,1
catacomb,1
tinge,1
straddle,1
gravetrestle,1
wellcut,1
deathchamber,1
rambling,1
_lucia,1
nevermore,1
bam,1
fryingpan,1
airhole,1
distress,1
dismal,1
postmortem,1
earthy,1
haft,1
blueglancing,1
coffinband,1
headshake,1
devious,1
sadden,1
coalshoot,1
twentyseventh,1
times._,1
bronzefoil,1
immortelle,1
hoo,1
sadder,1
chainy,1
dedicate,1
infliction,1
kraahraark,1
hellohellohello,1
amawfullyglad,1
kraark,1
awfullygladaseeagain,1
hellohello,1
amawf,1
krpthsth,1
rtststr,1
hidingplace,1
emery,1
_voyages,1
cremation,1
devill,1
burner,1
dealer,1
quicklime,1
feverpit,1
lethal,1
parsee,1
pleasantest,1
underground,1
crumble,1
mush,1
putrefy,1
gravesore,1
inning,1
fullblooded,1
sidepath,1
mat.,1
tantalus,1
bowlinggreen,1
coatsleeve,1
chapfallen,1
sappyhead,1
shunt,1
clonskea,1
clanging,1
doubledecker,1
singledeck,1
railhead,1
wearer,1
shoeblack,1
mailcar,1
lettercard,1
dullthudd,1
capecoat,1
ringlet,1
scissor,1
printingwork,1
oaklands,1
liveried,1
statelily,1
beardframed,1
broadcloth,1
cree,1
beardframe,1
jesusmario,1
rougy,1
_martha._,1
ome,1
counterflap,1
reverberate,1
strewn,1
packing,1
unfeign,1
dissolution,1
respecte,1
machinery,1
pegg,1
fermenting,1
turned,1
workaday,1
rosenallis,1
tinnahinch,1
pursuant,1
jennet,1
ballina,1
cartoon,1
bumpkin,1
flatulence,1
bather,1
cuprani,1
threefour,1
monkeydoodle,1
cashier,1
mm,1
july,1
racket,1
sallow,1
jaundice,1
unreel,1
scarr,1
woodwork,1
scratching,1
_voglio._,1
longfelt,1
orthographical,1
spelling,1
spellingbee,1
unpar,1
alleled,1
embarra,1
ars,1
ment,1
phiz,1
flyboard,1
quirefolded,1
noted,1
churchman,1
_telegraph,1
unanswering,1
castingbox,1
horseshow,1
caseroom,1
spectacled,1
savingsbank,1
washer,1
jane,1
mangid,1
kcirtap,1
_alleluia,1
elohenu_,1
trom,1
citronlemon,1
biscuitfully,1
windowpane,1
heartburn,1
meandering,1
babble,1
tho’,1
neptune,1
mossy,1
gentlest,1
zephyr,1
neath,1
overarching,1
leafage,1
forest_,1
overarsing,1
leafage_,1
xenophon,1
falutin,1
bladderbags,1
greatgranduncle,1
subleader,1
hedges,1
eyre,1
windfall,1
land_,1
doorknob,1
cleverest,1
sanctum,1
mighthavebeen,1
reap,1
retainer,1
_express_,1
wellread,1
_independent._,1
weathercock,1
bombast,1
windbag,1
_peaks_,1
_tower,1
twere,1
panorama,1
unmatched,1
wellpraised,1
prototype,1
bosky,1
undulate,1
vernal,1
transcendent,1
translucent,1
irradiate,1
bushy,1
welshcomb,1
blackspectacl,1
revenue,1
beaked,1
feathery,1
grandly,1
getonouthat,1
recalle,1
militia,1
reflective,1
cretic,1
eolian,1
floss,1
bingbang,1
bangbang,1
feetstoop,1
hurricane,1
hustle,1
crackingly,1
ensues,1
_pardon,1
monsieur_,1
comic,1
_anno,1
mouthorgan,1
indecisively,1
mantelshelf,1
blackrimmed,1
cortège,1
zigzagg,1
guttersnipe,1
risible,1
spaug,1
mazurka,1
calumet,1
_thanky,1
vous_,1
romanum_,1
brixton,1
grandeur,1
imperious,1
imperative,1
elocutionary,1
shirtcuff,1
cloacae,1
jehovah_,1
cloacal,1
toga,1
pontius,1
palles,1
swimmingly,1
copious,1
_entrez,1
suppliant,1
melodiously,1
???,1
excogitate,1
pelter,1
shindy,1
oho,1
typescript,1
habsburg,1
rampart,1
maximilian,1
graf,1
tirconnell,1
paperweight,1
dominus,1
spirituality,1
salisbury,1
westend,1
darkrimmed,1
semite,1
closetmaker,1
cloacamaker,1
founder,1
trafalgar,1
athenian,1
aegospotami,1
misl,1
oracle,1
greyly,1
boohoo,1
_matinée_,1
_there,1
ebony,1
sallust,1
reriddle,1
castile_,1
communard,1
bastile,1
finland,1
bobrikoff,1
omnium,1
gatherum,1
ahem,1
lexicon,1
youth_,1
invective,1
nationalist,1
borris,1
ossory,1
bulldose,1
jakes,1
pabulum,1
pressgang,1
shaughraun,1
billiardmarking,1
cabl,1
cabled,1
freeman_,1
bransome,1
knockmaroon,1
illstarched,1
jutt,1
teven,1
ranelagh,1
f.a.b.p.,1
adams,1
besthearted,1
corkman,1
elba,1
gnashing,1
gregor,1
_star._,1
blumenfeld,1
pyatt,1
clamn,1
dever,1
cyclone,1
silvertongued,1
hagan,1
unspeak,1
pout,1
........................,1
tua,1
..................,1
parlar,1
ti,1
piace,1
mentre,1
vento,1
tace,1
entwining,1
l’aer,1
perso_,1
_quella,1
pacifica,1
oriafiamma_,1
oriflamme,1
rimirar,1
fè,1
ardenti._,1
leadenfooted,1
underdarkneath,1
palely,1
gage,1
_qua_,1
demosthenes,1
chapelizod,1
harmsworth,1
bowery,1
guttersheet,1
budget_,1
pue,1
occurrences_,1
eagle_,1
volunteer,1
establish,1
1763,1
lucas,1
philpot,1
k.c.,1
pour._,1
italia,1
magistra,1
artium,1
preface,1
aftercourse,1
_that,1
afflatus,1
trophy,1
muchibus,1
thankibus,1
hermetic,1
mastermystic,1
blavatsky,1
consciousness,1
orator,1
chasten,1
diction,1
vial,1
contumely,1
worthless,1
outspanned,1
ringfinger,1
ferial,1
shorthandwriter,1
neckcloth,1
unglazed,1
bethough,1
witless,1
shellfish,1
moses._,1
smokes.,1
fathers,1
supremely,1
nomad,1
herdsmen,1
trireme,1
quadrireme,1
laden,1
merchandise,1
priesthood,1
agelong,1
nilebank,1
babemary,1
stonehorned,1
stonebearded,1
osiris,1
horus,1
ammon,1
serfdom,1
humbleness,1
daylabourer,1
arrogant,1
sinai,1
outlaw,1
uncontradicted,1
mullaghmast,1
agenda,1
adjourn,1
winejug,1
resolutely,1
boosing,1
casting,1
admonish,1
lunge,1
macduff,1
typesheet,1
us,1
fuit,1
ilium,1
ningdom,1
fellaheen,1
fiftythree,1
reeking,1
tallow,1
frantic,1
darlint,1
tenpence,1
fourpenceworth,1
panloaf,1
prais,1
airslit,1
lumbago,1
bottleful,1
passionist,1
antithesis,1
scampering,1
aureol,1
catholic_,1
_dublin,1
k.m.a,1
nervy,1
squall,1
yachting,1
k.m.r.i.a,1
raising,1
_nulla,1
waxy,1
those,1
rambunctious,1
females,1
archdiocese,1
donate,1
cits,1
speedpills,1
velocitous,1
aeroliths,1
plumjuice,1
wallops,1
proboscis.,1
spartans,1
molars,1
ithacans,1
bitterer,1
bondwoman,1
mailvan,1
aerate,1
horsedrawn,1
?—,1
virgilian,1
sophomore,1
plumps,1
hæc,1
otia,1
fecit._,1
plums._,1
cynosure,1
meshe,1
wry,1
digits,1
titillating,1
frumps.,1
wimbles,1
flo,1
wangles,1
platt,1
sugarsticky,1
scoopful,1
me?,1
riverward,1
burntoffering,1
!!,1
!!!,1
torry,1
polygamy,1
stopper,1
birmingham,1
nails,1
ran,1
phosphorus,1
malaga,1
raisin,1
phosphorescence,1
butler,1
crossbun,1
housekeeper,1
mum,1
fliteer,1
underfed,1
potatoe,1
undermine,1
puffball,1
hancock,1
bloat,1
collie,1
quaywall,1
bellyful,1
hhhhm,1
sec,1
com,1
astern,1
australians,1
brittle,1
pounce,1
powdery,1
manna,1
fishy,1
seagoose,1
accounting,1
swanmeat,1
caw,1
chestnutmeal,1
rowboat,1
treacly,1
flybynight,1
bills,1
110,1
pills,1
timeball,1
fascinating,1
foreboard,1
skilly,1
boyl,1
inkbottle,1
reliable,1
inkeraser,1
kansell,1
ltd,1
85,1
caramel,1
claffey,1
apostrophe,1
cycleshop,1
ninetyfour,1
arnott,1
bobbob,1
kiddy,1
elephantgrey,1
mantailored,1
selfcover,1
fitt,1
rabbitpie,1
tubbing,1
priestylooking,1
pendennis,1
conceited,1
waxedup,1
ewind,1
south_,1
supperroom,1
oakroom,1
sot,1
blizzard,1
gust,1
brrfoo,1
chutney,1
unclamp,1
beddyhouse,1
photographer,1
dumdum,1
womaneye,1
melancholily,1
lawbook,1
heartscald,1
newbaked,1
jampuff,1
noonreek,1
demerara,1
hatpin,1
cain,1
barg,1
medicinebottle,1
woke,1
indige,1
p.?,1
bleaching,1
wispish,1
dowdy,1
genteel,1
unfair,1
mulligatawny,1
filling,1
houseful,1
pitying,1
funnybone,1
heavystringed,1
skimpy,1
simmer,1
fortyfour,1
geo.,1
exc.,1
cuisine,1
housemaid,1
resp.,1
r.c.,1
coates,1
canny,1
vicereine,1
field_,1
mountcashel,1
enlargement,1
rathoath,1
uneatable,1
pothunter,1
weightcarry,1
huntress,1
sidesaddle,1
pillion,1
wishswish,1
stonewall,1
fivebarred,1
pugnosed,1
clotheshorse,1
scaveng,1
nursery,1
stopwatch,1
muttonchop,1
hardy,1
topers,1
squaller,1
selfish,1
t.t,1
sixpenny,1
rowe,1
eightpenny,1
bolton,1
tea.,1
sss,1
vinegared,1
phew,1
blindly,1
flapdoodle,1
decimal,1
stillborn,1
nyumnyum,1
pumpkin,1
frolic,1
goosestep,1
foodheated,1
cakeshop,1
vallee_,1
kept,1
balfe,1
horsepoliceman,1
manning,1
skedaddle,1
sourapple,1
cub,1
duff,1
gaff,1
plainclothe,1
squarepush,1
menu,1
gelong,1
tobaccoshopgirlirls,1
turnkey,1
buckingham,1
gammon,1
tearoom,1
republicanism,1
inveigle,1
michaelmas,1
thyme,1
seasoning,1
goosegrease,1
halff,1
carver,1
apricot,1
surly,1
ingoing,1
loony,1
maaaaaa,1
piledup,1
pyramid,1
suburb,1
jerrybuilt,1
kerwan,1
silverware,1
woebegone,1
poach,1
dickinson,1
m’ardle,1
chiltern,1
orangepeel,1
geo,1
eb,1
listening,1
weggebobble,1
windandwatery,1
bloater,1
nutsteak,1
nutarian,1
fruitarian,1
tasteless,1
esthetes,1
yeates,1
sinclair,1
wellmannered,1
goerz,1
undercutt,1
unclaimed,1
iride,1
flattery,1
foremother,1
gasball,1
claire,1
fairview,1
la-amp,1
quickbreath,1
slowlier,1
_cherchez,1
femme_,1
kinsella,1
whitbred,1
dion,1
boucicault,1
harvestmoon,1
poky,1
purty,1
drinker,1
parboil,1
twentythree,1
silkdame,1
lowring,1
countrybred,1
chawbacon,1
plumb,1
bloodhued,1
santa!_,1
taree,1
junejulyaugseptember,1
sunwarm,1
silkweb,1
plumpness,1
assail,1
hungered,1
obscurely,1
combridge,1
meatjuice,1
gobful,1
suetfaced,1
saucestain,1
halfmasticated,1
chewchewchew,1
pagan,1
schoolpoem,1
galoptious,1
sweetish,1
warmish,1
cigarettesmoke,1
beery,1
ferment,1
sharpening,1
stewgravy,1
sippet,1
tabl,1
corned,1
knifeful,1
safer,1
illgirt,1
clattering,1
foodlift,1
thu,1
unchster,1
munchday,1
doubtfully,1
gobstuff,1
communal,1
tommycan,1
ailesbury,1
artisan,1
dwelling,1
drinkingcup,1
scraping,1
souppot,1
flitch,1
_table,1
d’hôte_,1
teeth,1
flavour,1
moo,1
meh,1
brisket,1
plup,1
rawhead,1
glasseyed,1
sheepsnout,1
bloodypaper,1
nosejam,1
lasher,1
insidious,1
smokinghot,1
shandygaff,1
musterr,1
cannibals,1
cleaning,1
bandage,1
mity,1
lubricate,1
cucumber,1
cutlet,1
parsley,1
devilled,1
gorgonzola,1
lives_,1
bigger_,1
groin,1
hanch,1
midriff,1
longly,1
longingly,1
smellsipp,1
wineglass,1
organiser,1
boxingmatch,1
hindbar,1
tuckstitched,1
replete,1
feety,1
savour,1
logwood,1
epsom,1
morny,1
amant,1
pettycash,1
frusquin,1
o’gaunt,1
numbskull,1
doggybowwowsywowsy,1
unhungrily,1
magories,1
clot,1
garbage,1
aphrodis,1
jugge,1
archduke,1
habsburgs,1
caviare,1
_élite,1
crème,1
crème_,1
sturgeon,1
whitehatted,1
_chef_,1
combustible,1
duchesse,1
parme_,1
edwards,1
desiccate,1
ptake,1
ptarmigan,1
halfnaked,1
bedad,1
moooikill,1
aitcha,1
winepress,1
drumleck,1
yellowgreen,1
undersea,1
earwig,1
coolsoft,1
pulp,1
sweetsour,1
pouting,1
gumjelly,1
surefoot,1
warmfolded,1
veiling,1
veining,1
oaken,1
aids,1
pygmalion,1
galatea,1
quaffing,1
sculp,1
junonian,1
chyle,1
broach,1
plover,1
smiledyawnedod,1
iiiiiichaaaaaaach,1
legers,1
doneraile,1
tearwashed,1
imbibe,1
drainage,1
hiccupp,1
alemate,1
gingerpop,1
dyspepsia,1
breadsoda,1
prrwht,1
civilly,1
knuckly,1
zest,1
wast,1
m’invitasti,1
distil,1
biliary,1
buffer,1
teco._,1
_teco_,1
rumdum,1
wateringplace,1
piers,1
drowsing,1
wage,1
confectioner,1
unbought,1
connellan,1
bookstore,1
nest._,1
wallface,1
condescending,1
mistrust,1
spoonf,1
flatcut,1
herringbone,1
blacker,1
deform,1
hunchback,1
workbasket,1
sewing,1
shameless,1
stationer,1
whitey,1
beanfeast,1
earlsfort,1
wellmeaning,1
chargeshet,1
manufacturing,1
strawcalling,1
crusty,1
placard,1
quoppe,1
heady,1
steadfastly,1
architecture,1
handker.,1
freeman._,1
urbane,1
_wilhelm,1
meister_,1
neatsleather,1
albeit,1
ineffectual,1
dreamer,1
twicreakingly,1
corantoe,1
palice,1
_paradise,1
dictation,1
sorrows,1
satan_,1
catheter,1
medi,1
hamlet._,1
w.b.,1
glittereyed,1
rufous,1
desklamp,1
darkgreener,1
ollav,1
sizar,1
unanswered,1
orchestral,1
egli,1
avea,1
cul,1
fatto,1
trombetta,1
follie,1
wicklowmen,1
sireland,1
gaptoothed,1
rabbi_,1
tinahely,1
persist,1
censure,1
idolatry,1
oracl,1
clergymen,1
historicity,1
gustave,1
moreau,1
tarnation,1
schoolmen,1
superpolitely,1
sedately,1
diploma,1
hiesos,1
kristos,1
magician,1
logos,1
sacrificial,1
dunlop,1
a.e.,1
arval,1
ineffable,1
k.h.,1
bridesister,1
ensoul,1
repentant,1
sophia,1
buddhi,1
esoteric,1
o.p.,1
oakley,1
h.p.,1
fie,1
_pfuiteufel,1
ashow,1
afterlife,1
improbable,1
undramatic,1
monologue,1
wroth,1
banish,1
commonwealth,1
unsheathe,1
definition,1
horseness,1
allhorse,1
globule,1
creepycrawl,1
jubainville,1
booklet,1
peatsmoke,1
baccy,1
auric,1
occultly,1
hillside,1
rarefied,1
arena,1
sixshilling,1
phæacian,1
mackenna,1
promène,1
lisant,1
livre,1
lui-même_,1
_read,1
himself_,1
ou,1
distrait,1
pièce,1
newgathered,1
ou_,1
distressingly,1
exaggeration,1
deathsman,1
wield,1
sledded,1
hamlets,1
bloodboltered,1
whelp,1
murderous,1
yawp,1
behoof,1
pickwick,1
impalpability,1
elizabethan,1
_limbo,1
patrum_,1
sackerson,1
canvasclimber,1
groundling,1
accomplice,1
swanmew,1
riverbank,1
chivy,1
avon,1
wellset,1
cerecloth,1
truepenny,1
villier,1
l’isle,1
greenroom,1
beyant,1
pandy,1
a.e.i.o.u.,1
bronzelidded,1
softcreakfooted,1
eared,1
assiduous,1
shrewdly,1
xanthippe,1
myrto,1
_absit,1
socratididion,1
epipsychidion,1
caudlelecture,1
archon,1
hemlock,1
forgetfully,1
brooder,1
carper,1
unkindly,1
baldpink,1
costard,1
truant,1
bridle,1
adonis_,1
katharine,1
illfavour,1
hortensio,1
_antony,1
cleopatra_,1
ugliest,1
boywomen,1
comether,1
twentysix,1
greyeyed,1
adonis,1
prologue,1
boldface,1
_homestead,1
yogibogeybox,1
unveiled._,1
pali,1
umbrel,1
umbershoot,1
logo,1
oversoul,1
mahamahatma,1
hermetist,1
chelaship,1
ringroundabout,1
caulfield,1
irwin,1
lotus,1
pineal,1
aglow,1
buddh,1
plantain,1
gulfer,1
engulfer,1
hesouls,1
creecry,1
bewail,1
quintessential,1
triviality,1
fleshcase,1
sheaf,1
lamplight,1
ashplanthandle,1
casque,1
argal,1
_drover._,1
vase_,1
mitchell,1
quixote,1
sancho,1
panza,1
epic,1
sigerson,1
dulcinea,1
sketche,1
cordelia,1
_cordoglio._,1
lir,1
loneliest,1
nookshotten,1
ild,1
leavetaker,1
illuminating,1
tipto,1
chopine,1
christfox,1
treefork,1
vixen,1
tapster,1
cinnamon,1
frighted,1
unforgiven,1
outgoer,1
soothsayer,1
coffined,1
mummycase,1
thoth,1
birdgod,1
moonycrowned,1
tilebook,1
maudlin,1
wreak,1
_ta,1
taim,1
shagart_,1
beurla,1
withstood,1
bane,1
miscreant,1
quando,1
vede,1
l’uomo,1
l’attosca_.,1
messer,1
brunetto,1
dana,1
shuttle,1
unquiet,1
unliving,1
intense,1
drummond,1
hawthornden,1
youngly,1
birthmark,1
troilus,1
cressida,1
redconecapped,1
brineblind,1
bypath,1
apocrypha,1
dreary,1
musty,1
cypherjuggler,1
mumm,1
n-og_,1
candlelight,1
brandes,1
aver,1
miranda,1
perdita,1
wife_,1
_wa,1
l’art,1
d’être,1
grand_,1
vero,1
aliquid,1
alicui,1
bonum,1
vult,1
unde,1
ea,1
quae,1
concupiscimus,1
repel,1
rosily,1
commentator,1
shaw,1
_saturday,1
review_,1
oddly,1
herbert,1
felicitously,1
thous,1
husbandword,1
_buonaroba,1
lordling,1
coistrel,1
_romeo,1
juliet_,1
untimely,1
overborne,1
victoriously,1
dongiovannism,1
ableed,1
worst,1
commingle,1
mortally,1
quell,1
poisoning,1
lucrece,1
imogen,1
cinquespote,1
undiminished,1
untaught,1
entr’acte_,1
ribald,1
gaseous,1
vertebrate,1
primrosevested,1
verlachst,1
wirst,1
noch,1
dienen,1
pseudomalachi,1
johann,1
beget,1
middler,1
fiend,1
barndoor,1
harrowed,1
aquir,1
puzzled,1
connacht_,1
fellowcountryrym,1
theorising,1
fourhundredandeighth,1
vining,1
_portrait,1
h._,1
hughie,1
typical,1
ephebe,1
tame,1
dram,1
ducat,1
pressmen,1
lineament,1
gratified,1
ruttime,1
turtledove,1
eve.,1
wheatbellied,1
seriousness,1
aloud,1
priestify,1
kinchite,1
gallus,1
leching,1
mavrone,1
unbeknownst,1
conglomeration,1
drouthy,1
pussful,1
warningfully,1
tramper,1
glasthule,1
pampooty,1
gargoyle,1
andré,1
palabra,1
oisin,1
faunman,1
clamart,1
winebottle,1
vendredi,1
murther,1
_diary,1
silence_,1
unglanced,1
galliard,1
daylit,1
broadbrim,1
kilkenny_,1
silhouette,1
whig,1
examiner,1
enniscorthy,1
evans,1
atten,1
jehovah,1
foamborn,1
aphrodite,1
greeker,1
galilean,1
mesial,1
kallipyge,1
hid_,1
griselda,1
stayathome,1
brooddam,1
feudalism,1
whitman,1
herringpy,1
honeysauce,1
marchpane,1
gooseberried,1
ringocandy,1
raleigh,1
gombeenwoman,1
eliza,1
underlinen,1
dall,1
scortatory,1
manningham,1
_richard,1
lakin,1
fitton,1
birdsny,1
vingt,1
sous,1
ferons,1
cochonnery,1
minette,1
veux,1
davenant,1
cockcanary,1
margaret,1
anycock,1
azured,1
harebell,1
squalor,1
dearmylove,1
lizard,1
charenton,1
uneared,1
giglot,1
bedvow,1
dullbrained,1
yokel,1
thirtyfour,1
willun,1
judith,1
granddaddy,1
swansong,1
posterity,1
jurist,1
dower,1
fleer,1
granddaughter,1
punkt._,1
bestabed,1
secabest,1
leftabed,1
capitalist,1
shareholder,1
promoter,1
tithefarmer,1
_separatio,1
mensa,1
thalamo_,1
better,1
bedsmile,1
schoolurchin,1
exile,1
herpyllis,1
besteglinton,1
highfield,1
suspire,1
amorously,1
pederasty,1
catamite,1
beautifulinsadness,1
ugl,1
sayest,1
maltjobber,1
cornjobber,1
tod,1
riot,1
borrower,1
chettle,1
uprightness,1
fellowplayer,1
exact,1
jewbaiting,1
lopez,1
_macbeth_,1
philosophaster,1
witchroasting,1
pageant,1
fullbelly,1
mafeking,1
enthusiasm,1
equivocation,1
_sea,1
venture_,1
bermudas,1
sugare,1
carrotty,1
bess,1
wives,1
windsor_,1
meinherr,1
deephid,1
buckbasket,1
theolologicophilolological,1
mingo,1
minxi,1
mictum,1
mingere._,1
sufflaminandus,1
sum._,1
polisher,1
coleridge,1
societate,1
humana,1
hoc,1
maxime,1
necessarium,1
amicitia,1
multo,1
_ora,1
rune,1
_pogue,1
mahone,1
gorbellied,1
viennese,1
liken,1
covetously,1
intermarriage,1
accusation,1
doomsday,1
leet,1
covet,1
manservant,1
maidservant,1
jackass,1
jennyass,1
antiphon,1
philosophise,1
_—,1
requiescat,1
stiffness,1
mobled,1
carving,1
parishe,1
_merry,1
wives_,1
jordan,1
_hooks,1
eyes,1
breeches_,1
devout,1
souls,1
sneeze_,1
whoredom,1
_inquit,1
eglintonus,1
chronolologos_,1
unco,1
guid,1
godless,1
ultonian,1
rugged,1
rugheaded,1
kern,1
strosser,1
codpiece,1
bemire,1
clauber,1
wilding,1
squalid,1
deathlair,1
kenny,1
hopelessness,1
greying,1
_nel,1
cammin,1
nostra,1
vita_,1
undergraduate,1
wittenberg,1
seventyyear,1
lustful,1
boccaccio,1
calandrino,1
begetting,1
begetter,1
irremovably,1
macro,1
microcosm,1
unlikelihood,1
matris_,1
adhuc.,1
iterum,1
postea._,1
bestiality,1
jailbird,1
mar,1
subtlest,1
aquin,1
refute,1
rutlandbaconsouthamptonshakespeare,1
eglintoneyes,1
shybrightly,1
puritan,1
eglantine,1
sonmulligan,1
pallas,1
athena,1
parturiate,1
paunchbrow,1
birthaiding,1
volumnia,1
_coriolanus,1
boyson,1
deathscene,1
john._,1
_pericles,1
tale_,1
cressid,1
quak,1
gatherer,1
brud,1
wull,1
playwriter,1
lunnon,1
wrastling,1
mageeglinjohn,1
buckmulligan,1
diminuendo_,1
outspoke,1
shakebag,1
tempo_,1
filch,1
stringendo,1
overplus,1
honorificabililititatititititititititititititititi,1
shakescene,1
firedrake,1
shottery,1
meacock,1
autontimorumenos,1
stephanoumenos._,1
configuration,1
_sua,1
già,1
gelindo,1
risolve,1
amare,1
d._,1
stephanos,1
fantastical,1
fabulous,1
artificer,1
hawklike,1
whereto,1
dieppe,1
steerage,1
icarus,1
ait._,1
seabedabbled,1
eagerquietly,1
grimm,1
fairytale,1
springhalt,1
foil,1
kinsmen,1
apothecary,1
misbegott,1
unshield,1
underplot,1
_king,1
_arcadia_,1
spatchcock,1
norse,1
saga,1
voulez,1
bohemia,1
seacoast,1
usurping,1
uninterruptedly,1
verona_,1
epitasis,1
catastasis,1
weaken,1
_much,1
nothing_,1
_measure,1
measure_,1
_cymbeline,1
_othello_,1
perversion,1
josé,1
unremitting,1
hornmad,1
ceaselessly,1
reverbe,1
undaunted,1
_fils_,1
_père,1
mulberrytree,1
_père_,1
_fil,1
incidental,1
epilogue,1
grandpa,1
playwright,1
folio,1
catholics,1
_dio,1
boia_,1
hangman,1
androgynous,1
herald,1
unwed,1
unfancied,1
fingerponder,1
variorum,1
taming,1
shrew._,1
delusion,1
roundly,1
eclecticon,1
bleibtreu,1
_egomen._,1
fraidrine,1
_summa,1
contra,1
gentiles_,1
gonorrheal,1
ort,1
notre,1
ami_,1
lecturer,1
kibe,1
amort,1
wellkempt,1
newbarber,1
parafe,1
godlily,1
priesteen,1
booktalk,1
amused,1
selfnodding,1
blueribboned,1
balustrade,1
smoothslide,1
mincius,1
panamahelmeted,1
jo,1
chinaman,1
chon,1
eg,1
lin,1
playbox,1
_femme,1
trente,1
an,1
dour,1
recluse,1
youngling,1
phedo,1
toyable,1
m’curdy,1
featly,1
purlieu,1
curdy,1
filibuster,1
masturbate,1
quizzer,1
hake,1
gregory,1
inquisitional,1
jewjesuit,1
jaysus,1
mopp,1
pillare,1
immorality,1
orgasm,1
ballocky,1
_marcato,1
tostoff,1
mirthfully,1
mulberrycoloured,1
seas,1
portico,1
breechpad,1
oxenford,1
gateway,1
portcullis,1
define,1
softness,1
cymbeline,1
hierophantic,1
reset,1
presbytery,1
dignum,1
iustum,1
est._,1
alm,1
wolsey,1
treeshade,1
sunnywinking,1
buxton,1
m.p.,1
inkshining,1
arecanut,1
owlin,1
sohan,1
ger.,1
pillarbox,1
sixey,1
respectfully,1
silverhair,1
shutup,1
b.a.,1
satchell,1
benignly,1
portland,1
aldborough,1
spendthrift,1
baconflitche,1
tobacconist,1
unprepared,1
unlabouring,1
tott,1
youkstetter,1
charleville,1
turfbarge,1
towhorse,1
amidship,1
idyllic,1
glovepalm,1
tiptapp,1
annesley,1
aligh,1
bellstrap,1
absolve,1
_pray,1
niggerlip,1
baptism,1
nombre,1
élus,1
joybell,1
worldish,1
barony_,1
rochfort,1
ennel,1
startle,1
otter,1
_eiaculatio,1
seminis,1
vas,1
naturale,1
mulieris,1
tyrannous,1
incontinence,1
beeswaxed,1
ceil,1
impalm,1
lychgate,1
breadth,1
underleave,1
moutonner,1
rector,1
rededged,1
pater_,1
_ave_,1
adiutorium,1
_res_,1
_beati,1
immaculati,1
principium,1
verborum,1
tuorum,1
veritas,1
eternum,1
iudicia,1
iustitiæ,1
tuæ._,1
nodding,1
principes,1
persecuti,1
sunt,1
verbis,1
tuis,1
formidavit,1
cor,1
meum,1
furnishings,1
hatbrim,1
doorcase,1
largefooted,1
downtilt,1
57,1
hayjuice,1
bate,1
macconnell,1
unamiably,1
liquorice,1
yellowslobbered,1
chirping,1
petticoatbodice,1
shiftstrap,1
closesteaming,1
bubbling,1
sud,1
potstick,1
squinting,1
peasoup,1
random,1
loopline,1
chafe,1
swath,1
fruitsmelling,1
fob,1
pullet,1
carnation,1
stemglass,1
roguishly,1
ma!_,1
carful,1
handrest,1
roocoocooe,1
_anch,1
’io,1
avuto,1
queste,1
idee_,1
_quand,1
ero,1
giovine,1
eppoi,1
sono,1
convinto,1
mondo,1
una,1
bestia,1
peccato,1
perchè,1
sua,1
voce,1
sarebbe,1
cespite,1
rendita,1
invece,1
sacrifica._,1
_sacrifizio,1
incruento,1
swingswong,1
midpoint,1
speriamo,1
mustachioed,1
retta,1
rifletta_,1
straggle,1
rifletterò,1
sul,1
serio,1
eh?_,1
eccolo,1
venga,1
trovarmi,1
pensi,1
addio,1
caro._,1
_arrivederla,1
maestro,1
grazie._,1
scusi,1
tante,1
cose,1
rout,1
gilly,1
haye,1
monypeny,1
jotter,1
esse,1
dressmaker,1
concertina,1
boatclub,1
flare,1
torch,1
crotty,1
vesta,1
synagogue,1
adelaide,1
kildares,1
seedbag,1
carob,1
palmnut,1
consolidate,1
taxing,1
prius,1
incredulously,1
ogle,1
tooraloo,1
gaspipe,1
ambulance,1
_leopoldo,1
windowsash,1
catering,1
bottlewasher,1
lashing,1
curacoa,1
warmly,1
jollification,1
sall,1
morning_,1
bellyband,1
cubit,1
jingbang,1
weeshy,1
_sure,1
pinprick,1
yachtingcap,1
hindhead,1
allroundman,1
disclosures,1
monk_,1
_masterpiece,1
bloodred,1
ttale,1
ghetto_,1
sacher,1
masoch,1
hugge,1
unbuttoned,1
tyrants_,1
dollarbills,1
déshabillé,1
suspicious,1
oniony,1
fishgluey,1
crished,1
chancery,1
exchequer,1
potterton,1
exparte,1
reservation,1
bookshop,1
rawskinned,1
scantily,1
haired,1
rheum,1
cabinet,1
loiter,1
auctioneer,1
lastlap,1
halfmile,1
gahan,1
negotiate,1
cornetplayer,1
curvature,1
threateningly,1
blackguardism,1
din,1
monica,1
shackleton,1
pimlico,1
thimbleful,1
_general,1
slocum_,1
spontaneous,1
firehose,1
sweeping,1
graft,1
scott,1
neary,1
ferrywash,1
stumpy,1
spatted,1
squar,1
windscreen,1
juniper,1
frocktail,1
noddy,1
fourbottle,1
detour,1
watling,1
waitingroom,1
distiller,1
bosthoon,1
endanger,1
jonah,1
gaming,1
cardsharping,1
ingram,1
touchingly,1
masterly,1
pursily,1
timedulled,1
showtray,1
wormy,1
swinesnout,1
bum,1
sailorman,1
rustbeard,1
beaker,1
seafed,1
sowish,1
brainsick,1
leathern,1
powerhouse,1
beingless,1
clohissey,1
1860,1
prizering,1
heavyweight,1
bulbous,1
bookcart,1
huckster,1
beekeeper,1
miracles,1
curé,1
ars.,1
schoolprize,1
stephano,1
dedalo,1
alumno,1
optimo,1
palmam,1
ferenti._,1
donnycarney,1
vesper,1
chapped,1
_se,1
yilo,1
sanktus,1
amen._,1
salanka,1
baldynoddle,1
nonesuch,1
lieab,1
pinchbeck,1
femininum._,1
coverless,1
reddy,1
barricade,1
gombeen,1
bockedy,1
cutaway,1
actively,1
sneeringly,1
roomy,1
_basso,1
profondo_,1
glassyeyed,1
aw,1
chapterhouse,1
rectifier,1
personable,1
ford,1
lobengula,1
lynchehaun,1
bodega,1
brightback,1
shraum,1
clogge,1
distrain,1
windsor,1
jacko,1
filberts,1
coatfront,1
castleyard,1
_mail_,1
elegantly,1
claire_,1
waylaid,1
dapper,1
intelligently,1
conscript,1
deliberation,1
pettishly,1
barlow,1
macebearer,1
asthma,1
quorum,1
llandudno,1
_locum,1
tenens_,1
uff,1
lowsize,1
horsehoof,1
shimmering,1
unfriendly,1
longfaced,1
ghostbright,1
_hamlet,1
newbought,1
huntingground,1
_england,1
expects_,1
_idée,1
fixe,1
speculate,1
attic,1
pokorny,1
longwise,1
trawler,1
benson,1
threemasted,1
sewell,1
dangling,1
shunn,1
lewis,1
pleasance,1
ratsteeth,1
_coactus,1
onwards,1
thewless,1
sickly,1
blinder,1
ruggy,1
o’donohoe,1
dawdling,1
fruitcake,1
sighing,1
courtdress,1
milliner,1
sidemirror,1
pucking,1
sparr,1
twentysecond,1
corbet,1
stuffing,1
scrunch,1
heavylook,1
butty,1
paget,1
courcy,1
whitworth,1
unsalute,1
undecided,1
courts,1
patriotic,1
retrace,1
credulously,1
devan,1
poddle,1
fealty,1
steering,1
midstreet,1
unperceived,1
mindful,1
advowson,1
printinghouse,1
lundy,1
coldness,1
smartsuit,1
freshcheeked,1
_dernier,1
cri_,1
_soubrette,1
daubily,1
equipage,1
fownes,1
wheelspoke,1
buildings,1
winebig,1
agreeably,1
ponsonby,1
jaded,1
tallhatted,1
e.l.y.’s,1
pigott,1
wareroom,1
apparell,1
outpass,1
unobserved,1
jauntily,1
widebrimmed,1
rakish,1
bowing,1
discours,1
laddy,1
drumthump,1
_cortège_,1
quartermile,1
handicapper,1
patey,1
scaife,1
jeffs,1
morphy,1
stevenson,1
adderly,1
huggard,1
austro,1
viceconsulate,1
postern,1
broadbent,1
agrin,1
township,1
haddington,1
mayoress,1
lansdowne,1
punctually,1
1849,1
hoofiron,1
steelyring,1
goldpinnacled,1
peepofgold,1
longindying,1
chirruping,1
_sonnez._,1
hawhorn,1
alluring,1
clapclap.,1
clappyclap,1
henev,1
erhear,1
moonlit,1
lidlyd,1
deepsound,1
naminedamine,1
protruding,1
bronzelydia,1
oceangreen,1
oo,1
rrrpr.,1
kraa.,1
kraandl,1
eppripfftaph,1
pfrwritt,1
agog,1
backmost,1
sadness,1
bloowho,1
moulang,1
sinful,1
carroll,1
unmannerly,1
spyingpoint,1
_beau,1
massey,1
impertinent,1
insolence,1
bootssnout,1
cower,1
ringsteel,1
sunburnt,1
unblouse,1
borax,1
halfstood,1
barmirror,1
gildedletter,1
glycerine,1
reseat,1
fulldrawn,1
unplugg,1
distastefully,1
brew,1
nosewing,1
huff,1
bloowhose,1
figather,1
loré,1
bassi,1
bluerobed,1
gigglegold,1
freefly,1
piercing,1
fordone,1
gigglegigglle,1
kennygiggles,1
tortoise,1
napecomb,1
bronzegold,1
shrilldeep,1
pinnacl,1
glossycombed,1
counterledge,1
cantwell,1
ceppi,1
clockhand,1
on.,1
rostrevor,1
doaty,1
keg,1
flue,1
yessex,1
lunchtime,1
girlgold,1
rete,1
solfa,1
plapper,1
troath,1
upp,1
nectarbowl,1
ville_,1
_sur,1
mer._,1
teabath,1
euphonious,1
appellation,1
divert,1
tuning,1
jinglejaunty,1
pedalling,1
thickness,1
hammerfall,1
muchly,1
ringle,1
winsomely,1
bloohimwhom,1
smi,1
ternoon,1
purer,1
softlier,1
fade_,1
voiceless,1
duodene,1
birdnote,1
chirrupe,1
harpsichording,1
pearl_,1
unconquered,1
hecat,1
outsmile,1
preening,1
bespoke,1
sloegin,1
shebronze,1
syrupp,1
slowsyrupy,1
sloe,1
oceansong,1
cashregister,1
o’clock,1
ahunger,1
ahumm,1
elbowsleeve,1
ryebloom,1
aimless,1
agitated,1
whet,1
blazure,1
bronzedouce,1
commun,1
earshot,1
quaver,1
smackwarm,1
smackable,1
warmhosed,1
smilesmirk,1
supercilious,1
lightward,1
spiky,1
concerted,1
mirrore,1
sunnier,1
anearby,1
barleystraw,1
yodl,1
jollily,1
abrupt,1
tealess,1
bluehued,1
unregarded,1
gone.,1
smiting,1
dropblind,1
nonexquisite,1
pianist,1
collard,1
crotchety,1
japers,1
trio,1
situa,1
trou,1
trifling,1
luxurious,1
operacloak,1
balldresses,1
bolero,1
trunkhose,1
buxom,1
lassy,1
drummajor,1
whizz,1
buccinator,1
plumy,1
maraschino,1
lismore,1
drumcondra,1
jogjaunty,1
warmseated,1
ardentbold,1
bassoon,1
bombard,1
soul_,1
bensoulbenjamin,1
quivery,1
loveshivery,1
roofpane,1
membrane,1
ben.,1
amoroso,1
troppo._,1
slowmoving,1
lieuten,1
............,1
foror,1
threw,1
lydiahand,1
liv,1
shaper,1
bowend,1
saw,1
cello,1
trombone,1
grampus,1
unscrewing,1
bagstrouser,1
he.,1
_m’appari,1
affliction,1
outheld,1
hoars,1
seascape,1
farewell._,1
billow,1
m’appari,1
tutt’amor,1
mio,1
sguardo,1
l’incontr,1
unhear,1
_sonnambula._,1
m’guckin,1
choirboy,1
lyrical,1
_down,1
men._,1
_all,1
apout,1
blackbird,1
doyley,1
vase,1
napkinr,1
crosseyed,1
glaucous,1
nil_,1
harping,1
longdrawn,1
expectant,1
endearing_,1
braintipp,1
_sorrow,1
whatdoyoucallthem,1
lovesoft,1
oftloved,1
unwound,1
skein,1
forkfinger,1
fourfold,1
gyve,1
_full,1
delighted_,1
cachous,1
dreaming_,1
overstr,1
abstemious,1
pulsing,1
unlooped,1
noded,1
jamjam,1
lickitup,1
secretness,1
invade,1
tepp,1
gushe,1
joygush,1
tupthrob,1
_ray,1
unsqueak,1
hopk,1
martha_,1
heartstring,1
pursestring,1
unwearied,1
gould,1
_each,1
look_,1
echarm,1
eye_,1
waiting_,1
peartree,1
patio,1
shedolore,1
allure,1
deepening,1
loneliness,1
_co,1
-ome,1
chestnote,1
aflame,1
irradiation,1
endlessnessnessness,1
siopold,1
clapclap,1
clappyclapclap.,1
clapclipclap,1
clapclopclap,1
enclap,1
heatseat,1
la.,1
cloche.,1
afterclang,1
disserve,1
descant,1
_then,1
part_,1
_since,1
not_,1
silky,1
ungyve,1
voluntary,1
lighting,1
explos,1
outtohelloutofthat,1
ugh,1
croaker,1
wavyavyeavyheavyeavyevyevyhair,1
comb:,1
dou,1
lidlydiawell,1
florid,1
unconcerned,1
musemathematics,1
wirefence,1
blumenlied_,1
cecilia,1
barcarole,1
mooncarole,1
rang,1
unfurle,1
lett,1
pock,1
oth,1
utterl,1
imposs,1
_imposs._,1
tambourine,1
accep,1
litt,1
enclo,1
answ,1
com.,1
despise,1
naught,1
stylishly,1
indigoblue,1
cutter,1
hatter,1
porkshop,1
ee.,1
intermezzo,1
trails,1
envel,1
c/o,1
blottingpad,1
col,1
hoh,1
ginhot,1
accompanist,1
bapty,1
_you,1
wom,1
bardoor,1
peeping,1
tann,1
coldcream,1
seasmiling,1
unanswer,1
forsaken,1
john.,1
dockleave,1
_quis,1
homo_,1
gipsyeyed,1
diddleiddle,1
addleaddle,1
ooddleooddle,1
carracarracarra,1
cockcock,1
sdegno,1
boy._,1
deepsounding,1
razzle,1
seehear,1
lipspeech,1
patty,1
lugugugubrious,1
lumpmusic,1
unlove,1
manless,1
moonless,1
womoonless,1
chandler,1
rosiny,1
curlycue,1
hushaby,1
lullaby,1
vested,1
_answers_,1
courageous,1
contrite,1
domini,1
confessing,1
_mea,1
culpa._,1
birdlime,1
_corpusnomine,1
fullbust,1
masstime,1
soulfully,1
titivate,1
cockcarracarra,1
uptrunk,1
doublebass,1
helpless,1
gashe,1
mooe,1
semigrand,1
crocus,1
dresscircle,1
gorey,1
unblessed,1
dib,1
weathereye,1
chorusgirl,1
romance,1
chickabiddy,1
owny,1
mumpsypum,1
despair,1
see.,1
hurdygurdy,1
ventriloquise,1
stom,1
heartbeat,1
ha.,1
popp,1
splashe,1
beerfroth,1
jutting,1
plumply,1
fro,1
smoothly,1
boylo,1
connoro,1
coylo,1
tisntdall,1
waaaaaaalk,1
yrfmstbyes,1
blmstup,1
’er,1
ryehigh,1
geneva,1
dolor,1
dolore,1
dolorous,1
fondling,1
deepseashadow,1
bootsboy,1
backslapping,1
tomgin,1
lablache,1
bulkily,1
cachuchad,1
praisef,1
roseate,1
heavyfooted,1
castagnette,1
rrr,1
deepmove,1
rrrrrrrsss,1
summer_,1
gassy,1
freer,1
lionelleopold,1
drunkenness,1
demisemiquaver,1
exac,1
cockloft,1
maunder,1
pipy,1
eeee,1
simonlionel,1
bronzelid,1
’lldo,1
rrrrrr,1
litigation,1
attorney,1
vocation,1
mickey,1
rooney,1
asse,1
taptaptapp,1
towncrier,1
_nominedomine,1
_da,1
capo._,1
macin,1
frowsy,1
glazily,1
heehaw,1
shesaw,1
psst,1
saleshop,1
blowbag,1
salesman,1
swedish,1
brighteyed,1
seabloom,1
prrprr,1
bur,1
oo.,1
rrpr.,1
oppor,1
krandlkrankran,1
kraaaaaa,1
_written,1
pprrpffrrppffff,1
done._,1
gear,1
chimneysweep,1
soot,1
obstruct,1
broom,1
pockmark,1
jewy,1
debtor,1
alienate,1
exclusive,1
herein,1
t.t.?,1
mavourneen,1
linenhall,1
trading,1
inisfail,1
watchtower,1
renown,1
fishful,1
gurnard,1
roach,1
halibut,1
gibbed,1
grilse,1
brill,1
denizen,1
wafty,1
lebanonian,1
cedar,1
planetree,1
eugenic,1
arboreal,1
cran,1
codling,1
creel,1
fingerling,1
seagem,1
slievemargy,1
unfettered,1
cruachan,1
expressly,1
fatling,1
firstfruit,1
wain,1
foison,1
flasket,1
rangoon,1
swede,1
spherical,1
iridescent,1
kale,1
savoy,1
punnet,1
vetche,1
bere,1
pomellate,1
pelurious,1
dale,1
bellwether,1
ewe,1
shearling,1
longwool,1
storesheep,1
sowpig,1
baconhog,1
polly,1
pedigree,1
premiate,1
milchcow,1
beeve,1
trampling,1
lowing,1
bleating,1
heavyhoove,1
carrickmines,1
streamy,1
inaccessible,1
unfathomable,1
declivity,1
kiar,1
superabundance,1
rennet,1
firkin,1
target,1
crannock,1
agate,1
confab,1
gloryhole,1
cruiskeen,1
rapparee,1
tyrannise,1
codding,1
macanaspey,1
throttle,1
broadshouldered,1
deepchested,1
stronglimbed,1
frankey,1
redhaired,1
freelyfreckled,1
shaggybearded,1
widemouthed,1
largenosed,1
longheaded,1
deepvoiced,1
brawnyhanded,1
hairylegged,1
ruddyfaced,1
sinewyarmed,1
rocklike,1
mountainous,1
toughness,1
gorse,1
_ulex,1
europeus_,1
widewinged,1
capaciousness,1
cavernous,1
fieldlark,1
goodsized,1
rhythmic,1
unsleeved,1
oxhide,1
deerskin,1
balbriggan,1
buskin,1
lichen,1
seastone,1
jangle,1
portentous,1
cuchulin,1
niall,1
kincora,1
ardri,1
macmurragh,1
shane,1
macdermott,1
eoghan,1
o’growney,1
dwyer,1
francy,1
m’cracken,1
goliath,1
horace,1
conneff,1
woffington,1
alighieri,1
fursa,1
charlemagne,1
maccabees,1
bonaparte,1
sullivan,1
savournee,1
deelish,1
paracelsus,1
lipton,1
muhammad,1
lammermoor,1
packer,1
rosaleen,1
confucius,1
murtagh,1
gutenberg,1
patricio,1
velasquez,1
nemo,1
tristan,1
pogue,1
turpin,1
beethoven,1
greatrakes,1
wellesley,1
croker,1
herodotus,1
giantkiller,1
godiva,1
balor,1
acky,1
alessandro,1
volta,1
jeremiah,1
o’donovan,1
rossa,1
o’sullivan,1
beare,1
acuminate,1
stertorous,1
spasmodic,1
tranquilise,1
paleolithic,1
poorbox,1
bedight,1
subsidise,1
pledgebound,1
workingman,1
barnfield,1
exeter,1
iffley,1
wright,1
rotha,1
179,1
stockwell,1
playwood,1
ridsdale,1
jude,1
kensington,1
worcester,1
bristow,1
whitehall,1
newington,1
gastritis,1
moat,1
chepstow,1
tottenham,1
canning,1
isabella,1
bantry,1
jobber,1
godlike,1
bathslipper,1
hotfoot,1
dho,1
husht,1
pony,1
o’ryan,1
ebon,1
bungiveagh,1
bungardilaun,1
alevat,1
leda,1
garner,1
bruise,1
chivalrous,1
nectarous,1
akin,1
o’bergan,1
briok,1
outdone,1
testoon,1
thereon,1
smithwork,1
regal,1
defender,1
victress,1
wellbeloved,1
ethiop,1
hangmen,1
codd,1
pikestaff,1
flabbergasted,1
tantra,1
lifelike,1
jivic,1
pituitary,1
sacral,1
plexus,1
earthname,1
heavenworld,1
prālāy,1
ā,1
bloodthirsty,1
atmic,1
tālāfānā,1
ālāvātār,1
hātākāldā,1
wātāklāsāt,1
volupcy,1
exhort,1
māyā,1
devanic,1
perturb,1
bracken,1
beamy,1
banba,1
physog,1
slidder,1
bawway,1
fitter,1
sleepwalking,1
stravage,1
m’keown,1
_7,1
liverpool._,1
dublin._,1
abovementioned,1
gann,1
bootle,1
febuary,1
1900,1
chace,1
tilsit,1
pentonville,1
billington,1
nack,1
ginnee,1
barber._,1
barbarous,1
barbarian,1
stinker,1
bide,1
vengeful,1
erebus,1
nowise,1
codology,1
jewie,1
warder,1
ruling,1
scientist,1
luitpold,1
blumenduft,1
cervical,1
scission,1
spinal,1
inevitably,1
ganglionic,1
stimulus,1
apparatus,1
_corpora,1
cavernosa_,1
instantaneously,1
denominate,1
morbid,1
outwards,1
philoprogenitive,1
articulo,1
mortis,1
diminutionem,1
capitis._,1
ninetyeight,1
drumhead,1
courtmartial,1
atop,1
thoroughbred,1
pip,1
gollope,1
sheares,1
knockmedown,1
lardy,1
ballalley,1
loodheramaun,1
mollycoddle,1
bézique,1
wampum,1
craw,1
alcohol,1
blender,1
footless,1
pintglass,1
_sinn,1
fein!_,1
amhain,1
deathbell,1
unceasingly,1
punctuate,1
booming,1
deafening,1
dazzling,1
torrential,1
floodgate,1
computation,1
posse,1
superintend,1
admirably,1
blackdraped,1
matchless,1
speranza,1
contingent,1
streetsinger,1
gram,1
-n,1
stretched_,1
inimitable,1
broadsheet,1
hardearned,1
foundling,1
fatherless,1
motherless,1
houseparty,1
chaperon,1
excellencies,1
grandstand,1
bacibaci,1
semiparalysed,1
_doyen_,1
pierrepaul,1
petitépatant,1
grandjoker,1
vladinmire,1
pokethankertscheff,1
archjoker,1
schwanzenbad,1
hodenthaler,1
marha,1
virága,1
kisászony,1
putrápesthi,1
hiram,1
bomboost,1
athanatos,1
karamelopulos,1
ali,1
baba,1
backsheesh,1
rahat,1
lokum,1
effendi,1
hidalgo,1
caballero,1
pecadillo,1
palabras,1
paternoster,1
malora,1
malaria,1
hokopoko,1
harakiri,1
hung,1
olaf,1
kobberkeddelsen,1
mynheer,1
trik,1
trumps,1
paddyrisky,1
goosepond,1
prhklstr,1
kratchinabritchisitch,1
borus,1
hupinkoff,1
hurhausdirektorpresident,1
hans,1
chuechli,1
steuerli,1
nationalgymnasiummuseumsanatoriumandsuspensoriumsordinaryprivatdocentge,1
neralhistoryspecialprofessordoctor,1
kriegfried,1
ueberallgemein,1
barbarity,1
scimitar,1
boomerang,1
blunderbuss,1
stinkpot,1
meatchopper,1
sandbag,1
summon,1
readywitted,1
ninefooter,1
profusely,1
presidential,1
avvocato,1
pagamimi,1
affray,1
rightful,1
unassumingly,1
faultless,1
_gladiolus,1
cruentus_,1
rumboldian,1
unsuccessfully,1
painstaking,1
worldrenowned,1
headsman,1
excitable,1
_hoch,1
banzai,1
eljen,1
zivio,1
chinchin,1
polla,1
kronia,1
hiphip,1
allah_,1
_evviva_,1
piercingly,1
catalani,1
beglamour,1
greatgreatgrandoters,1
distinguishable,1
patriarchal,1
rienzi,1
pippi,1
penalty,1
fervent,1
executioner,1
tengallon,1
hone,1
decapitate,1
disembowelling,1
appliance,1
worldfamous,1
cutler,1
sheffield,1
terra,1
cotta,1
duodenum,1
colon,1
appendix,1
successfully,1
destine,1
housesteward,1
amalgamate,1
cats’,1
replenish,1
invigorate,1
considerately,1
aliquot,1
indigent,1
roomkeeper,1
_nec_,1
_non,1
ultra_,1
willowy,1
fondly,1
_sheila,1
own_,1
ardour,1
clonturk,1
blissful,1
pastor,1
lachrymal,1
prebendary,1
assemblage,1
bankbook,1
hapless,1
souvenir,1
oxonian,1
bearer,1
_fiancée_,1
fourleaved,1
provostmarshal,1
ffrenchmullan,1
tomlinson,1
sepoy,1
cannonmouth,1
_entourage,1
undertone,1
clinker,1
limehouse,1
goo,1
twopenny,1
antitreate,1
antitreating,1
maureen,1
ballyhooly,1
flahoolagh,1
pilot,1
going,1
howandever,1
publico_,1
grousing,1
hydrophobia,1
cynanthropy,1
_sobriquet_,1
rechristen,1
thoughtout,1
phonetic,1
unturned,1
delucidate,1
_striking_,1
rann,1
pseudonym,1
booklove,1
contemporary,1
satirical,1
raftery,1
donal,1
macconsidine,1
lyrist,1
metrical,1
intricate,1
alliterative,1
isosyllabic,1
englyn,1
thursdays,1
cabbagelok,1
corporator,1
assignment,1
nominally,1
bridgeman,1
contest,1
israelite,1
foolery,1
overstepp,1
poignancy,1
deprive,1
fornicate,1
manuo,1
smugg,1
_how,1
concubine,1
_slan,1
leat_,1
mayoralty,1
mimber,1
iopas,1
sheepdip,1
knowall,1
farting,1
sluagh,1
multifarnham,1
pathological,1
tamoshant,1
con.,1
usefully,1
affirmative,1
orelli,1
montenotte.,1
mitchelstown,1
staylewit,1
ind.,1
ironical,1
_na,1
bacleis_,1
racy,1
rower,1
antimacassar,1
_look,1
straw_,1
_brian,1
o’ciarnain’s_,1
_sraid,1
bretaine,1
bheag_,1
auspices,1
_sluagh,1
oration,1
eloquently,1
desirability,1
revivability,1
panceltic,1
resuscitation,1
maccool,1
prowess,1
espouse,1
vocalist,1
plaudit,1
bumper,1
noteworthy,1
osborne,1
davis,1
evergreen,1
again_,1
caruso,1
stentorian,1
superb,1
vocalism,1
superquality,1
reputation,1
applaud,1
delany,1
sp.,1
ivers,1
cleary,1
hickey,1
fr.,1
maher,1
lavery,1
doherty,1
fagan,1
brangan,1
flavin,1
hackett,1
mgr,1
scally,1
purcell,1
flanagan,1
laity,1
quirke,1
swat,1
swiping,1
queensberry,1
hefty,1
handicapp,1
poundage,1
ringcraft,1
gruelling,1
welterweight,1
lively,1
receivergeneral,1
artilleryman,1
groggy,1
jab,1
gladiator,1
handigrip,1
liberally,1
brimful,1
confident,1
fistic,1
eblanite,1
jigtime,1
referee,1
footwork,1
flooring,1
knockout,1
pfott,1
wettstein,1
frenzied,1
ringrope,1
mobb,1
dodger,1
twixt,1
caddareesh,1
calpe,1
ravenhair,1
loquat,1
bountiful,1
hobnobbing,1
adrink,1
garnishee,1
nasturtium,1
_compo,1
mentis_,1
compos_,1
shoehorn,1
indictment,1
povertystrick,1
cockahoop,1
pewopener,1
smashall,1
sweeney,1
signior,1
summerhill,1
eyetallyano,1
moss,1
testcase,1
sadgrove,1
—-,1
remand,1
bottlenosed,1
wought,1
saphiro,1
spiro,1
badhach,1
zaretsky,1
arrears,1
dismiss,1
oxeyed,1
undivided,1
courtenay,1
probate,1
chargeant,1
propound,1
testamentary,1
re_,1
livingstone,1
unsound,1
brehon,1
sinhedrim,1
oscar,1
dermot,1
caolte,1
ossian,1
deliverance,1
donjon,1
sleuthhound,1
shackle,1
mainprise,1
rely,1
paramour,1
_nisi,1
_police,1
warpaint,1
chicago,1
peashooter,1
jaker,1
tailend,1
tinker,1
caucus,1
o’nolan,1
supernal,1
seadivide,1
gael,1
_patois,1
attainder,1
impeach,1
moderation,1
botheration,1
colony,1
syphilisation,1
thicklugged,1
tonguetied,1
j....,1
_cabinet,1
d’aisance,1
anglais,1
perfide,1
strengthy,1
medher,1
slogan,1
_lamh,1
dearg,1
abu_,1
valorous,1
_sceptre,1
hubbard,1
pecker,1
_raimeis_,1
pottery,1
textile,1
juvenal,1
flax,1
jacquard,1
foxford,1
carmelite,1
tyrian,1
tacitus,1
ptolemy,1
giraldus,1
cambrensis,1
peltry,1
yellowjohn,1
anglia,1
deepen,1
treeless,1
heligoland,1
reafforest,1
larche,1
castletown,1
eire,1
masse_,1
chevalier,1
sylvester,1
elmshade,1
hazeleyes,1
daphne,1
bays,1
dorothy,1
twelvetrees,1
rowan,1
vinegadding,1
gladys,1
beech,1
blanche,1
maple,1
myra,1
myrtle,1
priscilla,1
honeysuckle,1
mimosa,1
cedarfrond,1
misses,1
lilian,1
viola,1
timidity,1
aspenall,1
dewey,1
mosse,1
hawthorne,1
gloriana,1
palme,1
arabella,1
norma,1
holyoake,1
oakholme,1
regis,1
m’conifer,1
glands,1
mercerised,1
underslip,1
gloam,1
darkerhued,1
bretelle,1
insertion,1
larch,1
_motif_,1
pinstripe,1
capriciously,1
jadegreen,1
heron,1
paletinted,1
senhor,1
enrique,1
flor,1
striking,1
_woodman,1
tree_,1
horto_,1
crossfire,1
hazelnut,1
bayleave,1
catkin,1
ivytod,1
hollyberry,1
flemings,1
winebark,1
blacksod,1
ventry,1
killybegs,1
lynches,1
o’reillys,1
o’kennedys,1
afloat,1
milesius,1
shanagolden,1
maguires,1
yeomanry,1
omaha,1
ga_,1
deadwood,1
electrocute,1
portsmouth,1
one_,1
rearadmiral,1
observance,1
meila,1
gamehog,1
serf,1
yahoo,1
scourger,1
unholy,1
scarify,1
curry,1
beamend,1
downface,1
mudcabin,1
batteringram,1
_times_,1
whitelivered,1
saxons,1
redskin,1
piastre,1
rio,1
janeiro,1
coffinship,1
granuaile,1
ni,1
houlihan,1
killala,1
renege,1
williamites,1
treatystone,1
fontenoy,1
tetuan,1
camus,1
_entente,1
cordiale_,1
dinnerparty,1
perfidious,1
firebrand,1
français_,1
prooshian,1
hanoverian,1
sausageeating,1
flatulent,1
winker,1
vic,1
jorum,1
_ehren,1
rhine_,1
peacemaker,1
pax,1
boyo,1
guelph,1
wettin,1
satanic,1
dunducketymudcoloured,1
plumey,1
perpetuate,1
muchtreasured,1
intricately,1
facecloth,1
droma,1
tomaltach,1
og,1
macdonogh,1
legendary,1
cornerpiece,1
discern,1
evangelist,1
evangelical,1
puma,1
carrantuohill,1
emunctory,1
rath,1
cromlech,1
grianaun,1
maledictive,1
illuminator,1
fantasy,1
barmecides,1
glendalough,1
clonmacnois,1
cong,1
inagh,1
pins,1
hills,1
tallaght,1
croagh,1
ovoca,1
mapas,1
aherlow,1
workhouse,1
loughlinstown,1
tullamore,1
castleconnel,1
kilballymacshonakill,1
monasterboice,1
refectory,1
curley,1
allen,1
fingal,1
incrustation,1
injustice,1
softnosed,1
lardyface,1
hinder,1
juliet,1
chi,1
kissy,1
cha,1
pu,1
turnedin,1
sanctimonious,1
ironside,1
drogheda,1
_god,1
love_,1
irishman_,1
zulu,1
paraphernalia,1
manchester,1
heartfelt,1
potentate,1
ananias,1
praisegod,1
barebones,1
emphasise,1
greatness,1
dedication,1
lovingcup,1
firstshot,1
predecessor,1
dynasty,1
kakachakachak,1
warts,1
cottonopolis,1
abeakutic,1
wardance,1
fruitful,1
broadleaved,1
shanganagh,1
congo,1
casement,1
shekel,1
whiteeyed,1
gort,1
pumpship,1
flabbyarse,1
_she,1
better_,1
_she’s_,1
vamoose,1
hoik,1
phthook,1
jerrymandering,1
jurie,1
swind,1
kybosh,1
mouseabout,1
argol,1
bargol,1
perpetrate,1
methusalem,1
robbing,1
bagman,1
lanty,1
machale,1
pensioner,1
blackburn,1
registration,1
gallivant,1
rustic,1
varlet,1
swordhilt,1
bestir,1
ifaith,1
lackaday,1
servest,1
taptun,1
overspread,1
afast,1
trencherman,1
squab,1
collop,1
widgeon,1
bason,1
medlar,1
rhenish,1
gadzook,1
quotha,1
allegation,1
swaddler,1
junius,1
neave,1
sa,1
mère_,1
middling,1
totty,1
justifiable,1
ahasuerus,1
ballykinlar,1
sacring,1
crucifer,1
thurifer,1
boatbearer,1
ostiarii,1
subdeacon,1
mitred,1
benedict,1
spoleto,1
carthusian,1
camaldolesi,1
cistercian,1
olivetan,1
oratorian,1
vallombrosans,1
brigittines,1
premonstratensians,1
servi,1
trinitarian,1
nolasco,1
avila,1
calce,1
capuchin,1
cordelier,1
minime,1
observant,1
clara,1
wolstan,1
cyr,1
isidore,1
arator,1
phocas,1
sinope,1
hospitator,1
cantalice,1
stylite,1
protomartyr,1
ferreol,1
leugarde,1
theodotus,1
vulmar,1
todi,1
caniculus,1
eponymous,1
pseudonymous,1
homonymous,1
paronymous,1
synonymous,1
dingle,1
compostella,1
columcille,1
columba,1
colman,1
frigidian,1
senan,1
fachtna,1
fursey,1
nepomuc,1
ives,1
brittany,1
herman,1
kostka,1
berchman,1
gervasius,1
servasius,1
bonifacius,1
kieran,1
jarlath,1
finbarr,1
pappin,1
ballymun,1
pacificus,1
bellicosus,1
lima,1
viterbo,1
bethany,1
attracta,1
dympna,1
ita,1
calpensis,1
scholastica,1
nimbi,1
gloriae,1
inkhorn,1
arrow,1
bathtub,1
soupladle,1
anvil,1
watertight,1
millstone,1
aspergill,1
_epiphania,1
beginneth,1
_surge,1
illuminare_,1
_omnes_,1
saba,1
venient_,1
canopy,1
shipper,1
mullion,1
groyne,1
arrise,1
pediment,1
engrail,1
spire,1
cupola,1
inhabit,1
viand,1
_adiutorium,1
fecit,1
cœlum,1
terram,1
_dominus,1
vobiscum._,1
spiritu,1
tuo._,1
cuius,1
verbo,1
sanctificantur,1
benedictionem,1
effunde,1
creaturas,1
istas,1
praesta,1
quisquis,1
eis,1
secundum,1
legem,1
voluntatem,1
gratiarum,1
actione,1
usus,1
fuerit,1
invocationem,1
sanctissimi,1
nominis,1
tui,1
sanitatem,1
animæ,1
tutelam,1
auctore,1
percipiat,1
christum,1
shithouse,1
helmsman,1
spinnaker,1
starboard,1
giveth,1
whenas,1
hosting,1
undy,1
clave,1
dropsy,1
leprechaun,1
peacify,1
whisht,1
jew_,1
marx,1
biscuitbox,1
nagyaságos,1
uram,1
lipóti,1
százharminczbroj,1
ú,1
gulyás,1
dugulás,1
_éclat_,1
characterise,1
cordiality,1
phenomenologist,1
community,1
tastefully,1
_agus_,1
ovation,1
orchestra,1
_come,1
erin_,1
_rakóczsy,1
march_,1
tarbarrels,1
coastline,1
galtees,1
sperrin,1
nagles,1
bograghs,1
aughty,1
bernagh,1
muster,1
cambrian,1
mastodontic,1
pleasureship,1
flotilla,1
ballast,1
visszontlátásra,1
kedvés,1
barátom,1
visszontlátásra!_,1
swipe,1
longford,1
tinbox,1
observatory,1
mercalli,1
extant,1
disturbance,1
fortyone,1
cyclonic,1
engrave,1
session,1
basaltic,1
ridge,1
holeopen,1
depose,1
incandescent,1
hurtle,1
terrifying,1
southwest,1
condolence,1
hourly,1
_missa,1
defunctis_,1
episcopal,1
diocese,1
suffrage,1
salvage,1
_débris,1
159,1
77,1
78,1
79,1
infantry,1
hannibal,1
habeas,1
mus.,1
abet,1
driving,1
sheepsface,1
gesticulate,1
raiment,1
_elijah,1
abba,1
fortyfive,1
donohoe,1
weedgrown,1
stillness,1
beacon,1
stormtoss,1
curlyheaded,1
_h.,1
belleisle_,1
endearing,1
toddler,1
babyish,1
prattle,1
jawbo,1
castor,1
scatty,1
syrup,1
dote,1
macflimsy,1
truerhearted,1
gipsylike,1
frolicsome,1
cherryripe,1
architecturally,1
frontdoor,1
headstrong,1
selfwill,1
assailant,1
covete,1
discomfited,1
imperatively,1
unshed,1
o’-,1
hurtness,1
culprit,1
winningly,1
tearful,1
amiss,1
fragility,1
jelloid,1
welch,1
ivorylike,1
purity,1
rosebud,1
cupid,1
greekly,1
lemonjuice,1
footbath,1
tiff,1
_hauteur_,1
unmistakably,1
suitor,1
devoir,1
softlyfeatured,1
witchery,1
bluest,1
silkily,1
seductive,1
vera,1
verity,1
directress,1
novelette,1
scientifically,1
nestle,1
profusion,1
luxuriant,1
telltale,1
rosebloom,1
shyness,1
poute,1
freshness,1
ach,1
undeniably,1
frightfully,1
instinctive,1
selftint,1
pictorial_,1
vee,1
cottonwool,1
coquettish,1
underbrim,1
eggblue,1
shopsoiled,1
waterjug,1
_petite_,1
finespun,1
highspliced,1
undie,1
dinky,1
stitchery,1
nighty,1
slote,1
peagreen,1
brickbat,1
washerwomen,1
scorch,1
privacy,1
paly,1
wistful,1
daydream,1
weddingbell,1
confection,1
birthright,1
affianced,1
spitfire,1
hominess,1
griddlecake,1
goldenbrown,1
creaminess,1
dredge,1
selfraising,1
engraving,1
chintz,1
toastrack,1
jumble,1
brekky,1
selve,1
knickerbocker,1
pinny,1
petting,1
beeoteetom,1
unladylike,1
piquant,1
madcap,1
golliwog,1
jaspberry,1
cissycums,1
twofaced,1
pealing,1
missioner,1
edifying,1
fane,1
litany,1
loreto,1
intercede,1
pearson,1
oftentimes,1
decoction,1
intemperance,1
intoxication,1
gambol,1
palpable,1
carbuncly,1
_tell,1
rochelle_,1
lazenby,1
raised_,1
cheery,1
ministering,1
menthol,1
pinche,1
chlorate,1
threecornered,1
ladylove,1
oldtime,1
brotherly,1
deliberately,1
seaweedy,1
luckily,1
plaything,1
clamoure,1
shingle,1
saddest,1
toiler,1
intercessory,1
poss,1
obstreperous,1
formality,1
habaa,1
baaaahabaaa,1
baaaa,1
soother,1
nono,1
geegee,1
puffpuff,1
readywitt,1
appease,1
squalling,1
pitapat,1
superbly,1
matinee,1
stagestruck,1
aquiline,1
_retroussé_,1
girlwoman,1
dreamhusband,1
sinning,1
heartbalm,1
flighty,1
unfeminine,1
ownest,1
girlie,1
comfortress,1
ora,1
whosoever,1
dolour,1
transpierce,1
dominican,1
novena,1
ruch,1
teacosy,1
adoration,1
exasperating,1
ditchwater,1
thingamerry,1
gandery,1
exposé,1
_tantumer,1
gosa,1
cramen,1
tum_,1
brack,1
streel,1
nutbrown,1
tresse,1
sweetness,1
irritable,1
gnat,1
reinforce,1
whitest,1
snottynosed,1
glib,1
gravefaced,1
selfcontrol,1
contour,1
worshipp,1
shrine,1
undisguised,1
_panem,1
coelo,1
praestitisti,1
eis_,1
scath,1
heartbroken,1
immeasurable,1
confound,1
flawless,1
lighthearted,1
fickle,1
probing,1
mercilessly,1
conquest,1
crystalclear,1
cooing,1
ringdove,1
icily,1
trifl,1
filth,1
kinnatt,1
aloof,1
sandman,1
deedaw,1
sundry,1
puddeny,1
tact,1
seashore,1
ivied,1
lamplighter,1
lamplighter_,1
_mabel,1
vaughan_,1
keepsake,1
toilettable,1
trove,1
pouncetbox,1
potherb,1
_art,1
magherafelt,1
_twilight,1
wilt,1
ofttime,1
transient,1
locksmith,1
indelicate,1
finebred,1
loath,1
degrade,1
convention,1
untrammelled,1
_laudate,1
gentes_,1
crosscat,1
adamant,1
rossy,1
fasten,1
inflexible,1
tremour,1
actor,1
suffuse,1
entrancing,1
nainsook,1
fabric,1
pettiwidth,1
revealment,1
fain,1
chokingly,1
snowy,1
wrung,1
rapture,1
dewily,1
pathetic,1
guileless,1
unsullied,1
yest,1
enrapture,1
flowerlike,1
wanly,1
forgiving,1
slippy,1
jilted,1
negress,1
ticklish,1
menstruate,1
pickaxe,1
mercie,1
craving,1
wellfilled,1
mutoscope,1
lingerie_,1
_déshabillé._,1
barbed,1
devilish,1
fiddlestring,1
courting,1
bearsgrease,1
plastery,1
lovelock,1
dexter,1
optic,1
combing,1
prejudice,1
recompose,1
aftereffect,1
kiddie,1
amours_,1
lacaus,1
esant,1
taratara_,1
appian,1
clinch,1
aho,1
gumchew,1
flateer,1
grownup,1
onlooker,1
wilkins,1
_wet,1
paint_,1
bre,1
drying,1
ironing,1
paisley,1
minx,1
dressingtable,1
frump,1
zrads,1
jemina,1
potwalloping,1
duggan,1
foreskin,1
watchpocket,1
wristwatche,1
ghesabo,1
ridingboot,1
giuglini,1
turpentine,1
muskrat,1
hogo,1
boof,1
cigary,1
mansmell,1
permeate,1
celery,1
lemons,1
ah.,1
pubs,1
slinking,1
dinnertime,1
beach_,1
graveside,1
betty,1
shipton,1
lightingup,1
pewel,1
reassuring,1
roygbiv,1
nightcloud,1
southeast,1
sunflower,1
artichoke,1
ballroom,1
nightstock,1
oilpainting,1
crag,1
lovers,1
maimy,1
louy,1
hetty,1
eightyseven,1
longest,1
frugal,1
ba.,1
blotch,1
yellowish,1
trademark,1
tabbywhite,1
amethyst,1
archimedes,1
oceangoing,1
seacow,1
faugh,1
ballagh,1
lifebelt,1
nib,1
cargo,1
smithereen,1
cockalorum,1
tryst,1
everwelcome,1
lintstock,1
unsleep,1
anchore,1
lights,1
cruise,1
zoo,1
overboard,1
nausea,1
wildfire,1
nettlerash,1
calomel,1
purge,1
waken,1
buena,1
yacht,1
buenas,1
hombre,1
ama,1
muchacha,1
hermosa_,1
limpet,1
leah,1
bawler,1
ranter,1
borneo,1
depressing,1
cramer,1
mussel,1
matronly,1
porkpie,1
flannelette,1
snooze,1
girlwhite,1
_señorita_,1
swoony,1
sodabread,1
catsup,1
universally,1
acumen,1
perceptive,1
profitably,1
sapience,1
veneration,1
efficaciously,1
continuance,1
omnipollent,1
incorrupt,1
benefaction,1
downwardtend,1
lutulent,1
unilluminated,1
exhortator,1
admonisher,1
semblable,1
excellently,1
inverecund,1
traduce,1
audacious,1
hardihood,1
consign,1
evangel,1
diminution,1
reiteratedly,1
procreate,1
irrevocably,1
historian,1
hostel,1
leperyard,1
plaguegrave,1
o’shiels,1
o’hickey,1
o’lees,1
sedulously,1
relaps,1
boyconnell,1
flux,1
commensurate,1
preconsider,1
maturation,1
discrepant,1
congrue,1
allhardest,1
copiously,1
valiantly,1
inconsiderable,1
thenceforward,1
molestful,1
beholding,1
hove,1
parturient,1
thereward,1
related,1
commodiously,1
reposeful,1
forthbringing,1
pertain,1
distracting,1
sejunct,1
conducive,1
sunbright,1
wellbuilt,1
reproductitive,1
wayfaring,1
housedoor,1
oncoming,1
thole,1
tway,1
sleepless,1
bedthane,1
wariest,1
mildhearted,1
eft,1
swire,1
ywimple,1
levin,1
eyeblink,1
drid,1
fordo,1
rathe,1
infare,1
wot,1
worthful,1
irk,1
lovesome,1
seafloor,1
outwander,1
townhithe,1
swiftseen,1
ongot,1
swart,1
adread,1
grameful,1
ruthful,1
ruing,1
algate,1
unwilling,1
masspriest,1
shriven,1
bellycrab,1
childermas,1
allruthful,1
undeathliness,1
wanhope,1
gripeth,1
unneth,1
hearken,1
travail,1
bloodflow,1
childless,1
mickle,1
couth,1
sithen,1
happ,1
misericord,1
healed,1
chrism,1
otherwhither,1
cautel,1
subtile,1
avis,1
repreve,1
trow,1
subtility,1
mandement,1
contrarious,1
venery,1
birchwood,1
finlandy,1
dwarfmen,1
enchantment,1
cavern,1
swink,1
marvellously,1
mahound,1
seasand,1
warlock,1
blase,1
withouten,1
misbelieveve,1
nie,1
natheless,1
oily,1
fatness,1
olivepress,1
compost,1
fecund,1
wheatkidney,1
chaldee,1
wondrously,1
brewage,1
halp,1
apertly,1
privily,1
nist,1
jesu,1
alther,1
wassailing,1
upfloor,1
meseem,1
dureth,1
overlong,1
tother,1
emprise,1
childing,1
tofore,1
delectably,1
lustiness,1
meekest,1
kindest,1
husbandly,1
courtly,1
fellowship,1
merciable,1
frere,1
clepen,1
erewhile,1
gest,1
avow,1
wandering,1
insomuch,1
honourablest,1
aresoun,1
gen,1
righteousness,1
leeche,1
pothecary,1
howbeit,1
redress,1
bedesman,1
ultan,1
arbraccan,1
limbo,1
purgefire,1
gramercy,1
godpossibled,1
impossibilise,1
sirs,1
wist,1
overmuch,1
dishonest,1
lustihead,1
millennium,1
foutinus,1
jocundly,1
bewray,1
wheresoever,1
orgulous,1
virgilius,1
occident,1
moonflower,1
_effectu,1
secuto_,1
peradventure,1
infuse,1
foldeth,1
holdeth,1
fisherman,1
jeopard,1
wariness,1
dissemble,1
seldomseen,1
belike,1
deliverly,1
scape,1
taking,1
eftsoon,1
maugre,1
terrorcausing,1
shrieking,1
minded,1
hap,1
corselet,1
akel,1
forepass,1
riotously,1
wastrel,1
prudenter,1
quod,1
mazer,1
bodiment,1
afeard,1
foresaid,1
dearth,1
herebefore,1
followeth,1
thorntree,1
bramblebush,1
postcreation,1
aventry,1
corse,1
bernardus,1
aptly,1
_omnipotentiam,1
deiparae,1
supplicem_,1
grandam,1
anastomosis,1
pippin,1
_vergine,1
madre,1
figlia,1
figlio_,1
denial,1
ignorancy,1
piscator,1
_parceque,1
dit,1
l’avait,1
mise,1
entweder_,1
transubstantiality,1
_oder_,1
subsubstantiality,1
scurvy,1
pang,1
withstand,1
bawdy,1
_staboo,1
stabella_,1
swashbuckler,1
straightwway,1
angerly,1
gasteful,1
turmoil,1
shorten,1
sedate,1
beseem,1
megrim,1
hortative,1
incontinently,1
embraid,1
churl,1
rudeness,1
blandishment,1
chode,1
murrain,1
dolt,1
chuff,1
peasestraw,1
losel,1
chitterling,1
dykedropt,1
drool,1
cognisance,1
margerain,1
cide,1
chastity,1
nefarious,1
hereof,1
besmirch,1
intershow,1
fathership,1
disrobing,1
deflowering,1
madagascar,1
guise,1
groom,1
nard,1
novetur,1
sexus,1
mysterium_,1
unmaided,1
fletcher,1
beaumont,1
_maid,1
tragedy_,1
bed_,1
accompanable,1
concent,1
epithalame,1
mollificative,1
suadency,1
odoriferous,1
flambeaus,1
paranymph,1
quadrupedal,1
proscenium,1
joyed,1
harkee,1
troth,1
remembrance,1
regius,1
orate,1
fratre,1
memetipso_,1
settedst,1
broughtedst,1
fornication,1
jeshurum,1
milesian,1
abomination,1
behest,1
horeb,1
nebo,1
horns,1
hatten,1
tenebrosity,1
illumine,1
septuagint,1
foraneous,1
assuefaction,1
minorate,1
atrocity,1
tully,1
stoics,1
showeth,1
prenativity,1
postmortemity,1
_ubi_,1
_quomodo_,1
multiplicit,1
concordance,1
retrogressive,1
minishing,1
ablation,1
fasciated,1
occulted,1
conclamation,1
hillcat,1
ossifrage,1
ubicity,1
tumulus,1
tophet,1
whoness,1
whenceness,1
_etienne,1
chanson_,1
longstablished,1
applepie,1
dedal,1
cirque,1
jackjohn,1
bivouac,1
alack,1
thor,1
hammerhurler,1
flout,1
witwant,1
hellprate,1
paganry,1
erst,1
shrank,1
haught,1
yale,1
muchwhat,1
dye,1
desperation,1
calming,1
thunderhead,1
vanquish,1
holiness,1
bringforth,1
wott,1
wiving,1
mothering,1
eyepleasing,1
beguil,1
wrongway,1
flateery,1
flatteringly,1
manse,1
mothers,1
tice,1
pickaback,1
topsyturvy,1
allpox,1
oxengut,1
killchild,1
cavil,1
swillale,1
cautious,1
grievous,1
presently,1
spilling,1
contrariwise,1
brenningly,1
biddeth,1
drought,1
sprout,1
athirst,1
sadcoloured,1
quag,1
havoc,1
pitifully,1
barrenness,1
biggish,1
weatherwise,1
pellmell,1
womenfolk,1
kirtle,1
ely,1
baggot,1
swash,1
bonedry,1
rt.,1
hon,1
mal.,1
papish,1
williamite,1
mal,1
swithin,1
brangle,1
jun.,1
vin.,1
queasy,1
riceslop,1
bullyboy,1
twelvemonth,1
breastf,1
dapp,1
heavybraked,1
harvest,1
prognostication,1
prophetical,1
hindustanish,1
queerity,1
merryandrew,1
coffeehouse,1
crimp,1
flatcap,1
waistcoater,1
bagnio,1
chanceable,1
catchpole,1
tipstaff,1
sackposset,1
boilingcok’’’,1
victual,1
tester,1
quip,1
whatnot,1
’tis,1
sprat,1
wishly,1
embassy,1
sharpset,1
_mort,1
aux,1
vaches_,1
indenture,1
brandyshipper,1
winelodge,1
bordeaux,1
donought,1
matriculate,1
mechanics,1
justiciary,1
beadle,1
playactor,1
bearpit,1
cocking,1
romany,1
hogget,1
actuary,1
handsomely,1
tailtickler,1
bestquoted,1
cowcatcher,1
muscovy,1
bolus,1
chinashop,1
cattlebreeder,1
bullseye,1
portlier,1
doughball,1
bulliness,1
abbess,1
cowhouse,1
tippet,1
spermacetic,1
cozening,1
fodder,1
apronlap,1
ladyship,1
cattleraider,1
roscommon,1
husbandman,1
rapeseed,1
countryside,1
nicks,1
whoremaster,1
trull,1
pizzle,1
pitchfork,1
blackthumb,1
lefthanded,1
romans,1
bos,1
bovum_,1
drinkingtrough,1
smock,1
pronoun,1
teahouse,1
bale,1
corkfloat,1
toward,1
ungrate,1
manned,1
luff,1
ported,1
bullgine,1
bumboat,1
boatswain,1
pissabed,1
a’,1
apologue,1
rencounter,1
cornetcy,1
fencible,1
pasteboard,1
quinnell,1
fertiliser,1
incubator,1
island_,1
fopling,1
popinjay,1
milksop,1
quidnunc,1
wenching,1
expatiate,1
prohibitory,1
vexation,1
parsimony,1
plaguily,1
jointure,1
vilest,1
bonze,1
flambeau,1
bushel,1
uncongenial,1
cloister,1
unaccountable,1
muskin,1
inlet,1
inestimable,1
inconvenient,1
suppression,1
counsellor,1
freehold,1
fertilising,1
fecundation,1
kitchenwench,1
persuader,1
exclusively,1
tubercle,1
prolific,1
broil,1
capsicum,1
homily,1
asseveration,1
mending,1
smallclothe,1
hodden,1
finicking,1
scholarly,1
apt,1
_talis,1
tanta,1
depravatio,1
hujus,1
seculi,1
quirite,1
matresfamiliarum,1
nostrae,1
lascivas,1
cujuslibet,1
semiviri,1
libici,1
titillatione,1
testibus,1
ponderosis,1
atque,1
excelsis,1
erectionibus,1
centurionum,1
romanorum,1
magnopere,1
anteponunt_,1
ruder,1
doe,1
farmyard,1
valu,1
talkative,1
animadversion,1
whimsy,1
atmospherics,1
lavish,1
encomium,1
forbear,1
ventripotence,1
rally,1
betoken,1
ovoblastic,1
gestation,1
prostatic,1
utricle,1
austin,1
meldon,1
smeat,1
mimic,1
trollop,1
spry,1
mimicry,1
larum,1
liveliest,1
obligingness,1
sûr_,1
mille,1
compliments_,1
opportunely,1
felicity,1
cupful,1
vouchsafe,1
complacent,1
riband,1
tucker,1
coquette,1
prettily,1
pon,1
disseminator,1
sweetest,1
thrall,1
coxcomb,1
reckless,1
maledicity,1
beshrew,1
_marchand,1
capotes_,1
poyntz,1
_livre_,1
fécondateur,1
_avec,1
lui_,1
_ventre,1
biche_,1
drenching,1
_san,1
blague_,1
_livre,1
sou,1
piquantly,1
implant,1
choses_,1
tilbury,1
enrichment,1
hilarity,1
debauchee,1
endue,1
humourous,1
ribaldry,1
fuddle,1
cowflesh,1
rendezvouse,1
demme,1
gargle,1
wardmaid,1
lawksamercy,1
squirming,1
drat,1
wibbly,1
cantekissem,1
_enceinte_,1
fortitude,1
enlive,1
revile,1
ennobling,1
exercitation,1
byword,1
incentive,1
momentous,1
soaker,1
abridg,1
transgression,1
imprecation,1
stap,1
entry,1
impudent,1
commonly,1
extravagancy,1
overgrown,1
tumultuary,1
difficultly,1
testiness,1
outrageous,1
_mots_,1
resile,1
unwelcome,1
nauseat,1
cropeared,1
misshapen,1
gibbosity,1
dint,1
vicissitude,1
choler,1
plenitude,1
sufferance,1
judger,1
herit,1
antidote,1
insolency,1
inglorious,1
mettlesome,1
dotard,1
gruntling,1
pretermit,1
speedy,1
auspicate,1
duress,1
freshest,1
fruition,1
ephesian,1
acquaint,1
allelujurum,1
dundreary,1
wilhelmina,1
readiness,1
slife,1
extol,1
praising,1
linkboy,1
itinerant,1
unequal,1
puerperal,1
dormitory,1
dissect,1
frivolity,1
transform,1
exemplary,1
anywise,1
oppress,1
fitness,1
alien,1
concession,1
paramount,1
loyalty,1
granados,1
deluder,1
dupe,1
enjoyer,1
persistently,1
objurgation,1
derision,1
desperate,1
censor,1
pelican,1
piety,1
strata,1
tutelary,1
hagar,1
peevish,1
rancher,1
scathing,1
bucolic,1
seedfield,1
fallow,1
ploughshare,1
opprobrium,1
dispense,1
gilead,1
dubious,1
unfledged,1
engross,1
throve,1
transplant,1
quondam,1
inoperative,1
ceremonial,1
porte,1
infirmarian,1
betake,1
afterbirth,1
privy,1
exhaustion,1
approbation,1
palliate,1
abigail,1
obstetrician,1
mollify,1
discursiveness,1
eviscerate,1
prenatal,1
repugnance,1
uterine,1
caesarean,1
posthumity,1
rarer,1
fratricidal,1
impassioned,1
acquittal,1
triplet,1
miscarriage,1
dissimulate,1
acardiac,1
_foetus,1
foetu_,1
aprosopia,1
agnathia,1
chinamen,1
maxillary,1
anesthesia,1
advanced,1
gravidancy,1
relentment,1
amniotic,1
sepsis,1
matrix,1
insemination,1
perpetration,1
delinquent,1
distressing,1
brandenburghers,1
_sturzgeburt,1
multiseminal,1
twikindled,1
consanguineous,1
nativity,1
classify,1
chromolithographic,1
gravid,1
countrystile,1
injunction,1
ardently,1
ineffectually,1
consecrate,1
castigation,1
harelip,1
breastmole,1
inkle,1
explanation,1
swinehead,1
doghaired,1
envoy,1
embryonic,1
avouchment,1
minotaur,1
metamorphoses,1
shortlived,1
allocution,1
pleasantry,1
postulate,1
supremest,1
juridical,1
predecease,1
submittal,1
coadjutor,1
preternatural,1
perfunctorily,1
ordinance,1
poison._,1
loathing,1
eldritch,1
inferno,1
tare,1
soulth,1
bullawurrus,1
rookshooting,1
erse,1
dissipate,1
seer,1
lex,1
uninhabited,1
changeable,1
staid,1
beholdeth,1
precociously,1
booksatchel,1
bandolierwise,1
wheaten,1
fullfledged,1
orderbook,1
trinketware,1
quiverful,1
compliant,1
halfwon,1
shyly,1
baisemoin,1
duskfall,1
noodle,1
aheat,1
knighterrant,1
drizzling,1
luckpenny,1
raincaped,1
bridenight,1
willer,1
_fiat,1
sunnygolden,1
solace,1
sagegreen,1
pasturefield,1
perennial,1
fillyfoal,1
tendonous,1
apprehensive,1
screechowl,1
sandblind,1
upupa,1
lancinate,1
elk,1
yak,1
bashan,1
mastodon,1
lacus,1
mortis_,1
revengeful,1
tusked,1
lionmaned,1
giantantlered,1
snouter,1
crawler,1
pachyderm,1
moving,1
unslaked,1
gulping,1
portent,1
virgo,1
harbinger,1
pleiades,1
antelucan,1
starborn,1
coiling,1
taurus,1
glaucon,1
alcibiades,1
pisistratus,1
lethe,1
stephanoumenos,1
encircle,1
gadding,1
coronal,1
vineleave,1
capful,1
ode,1
stephaneforos,1
drachma,1
whim,1
huzzah,1
outstripp,1
sugarplum,1
whacking,1
boisterous,1
wont,1
lalage,1
pollen,1
corinth,1
periplipomenes,1
mischievously,1
posie,1
glycera,1
chloe,1
propensely,1
winejar,1
karmic,1
shipload,1
incarnate,1
rubycoloured,1
ego,1
preposterous,1
doldrum,1
mesmerise,1
misconception,1
shallowest,1
juncture,1
astute,1
astuter,1
speedily,1
bottled,1
trent,1
boyhood,1
mediumsized,1
attentiveness,1
epitome,1
debater,1
loftiest,1
rafter,1
encyclopaedic,1
galloway,1
stigmata,1
depravity,1
scotchman,1
stolid,1
explorer,1
kit,1
townbred,1
roland,1
lastly,1
pedagogy,1
socratic,1
flippant,1
prognosticator,1
hippodrome,1
indelible,1
threat,1
degradation,1
limn,1
transcendentalism,1
tangible,1
hardheaded,1
determination,1
empedocles,1
trinacria,1
ovary,1
postmenstrual,1
differentiate,1
embryologist,1
culpepper,1
spallanzani,1
blumenbach,1
hertwig,1
valenti,1
cooperation,1
_nisus,1
formativus_,1
_succubitus,1
felix_,1
pertinently,1
hyg.,1
eug.,1
greylunged,1
adenoid,1
pulmonary,1
revolt,1
cardriver,1
carcase,1
paranoic,1
unfructified,1
duenna,1
accountable,1
fallingoff,1
kalipedia,1
plastercast,1
reproduction,1
enable,1
enjoyable,1
disc.,1
atrocious,1
although,1
peritoneal,1
normative,1
baulk,1
arith,1
natality,1
countless,1
numeration,1
unascertained,1
unaccountably,1
cogent,1
morbous,1
productive,1
beneficial,1
masticate,1
deglute,1
multifarious,1
cancrenous,1
parturition,1
corpulent,1
jaundiced,1
politician,1
chlorotic,1
unsavoury,1
intimately,1
minutiae,1
abattoir,1
morbidminded,1
embryo,1
overweening,1
bumptiousness,1
distinguish,1
alkali,1
lowerclass,1
signify,1
cookable,1
eatable,1
controversy,1
lic.,1
midw.,1
congress,1
rejoinder,1
moderate,1
_accouchement,1
manfully,1
motherlight,1
conscientious,1
lifemate,1
faroff,1
budgy,1
frances,1
constance,1
louisa,1
bobsy,1
candahar,1
hopeful,1
mortimer,1
remembrancer,1
cronion,1
seasoned,1
briar,1
curfew,1
dout,1
loyally,1
persuade,1
timbrel,1
shroud,1
recession,1
embitter,1
unhealthiness,1
_flair,1
cruder,1
homeliness,1
wellremembered,1
cherries,1
daintily,1
linseywoolsey,1
blossomtime,1
hutch,1
enjoyment,1
_piazzetta_,1
flowerclose,1
_alles,1
vergängliche_,1
quietude,1
bethlehem,1
stormcloud,1
preponderant,1
turgidly,1
impend,1
oxen,1
shrub,1
verdure,1
rive,1
transformation,1
outfling,1
bobtail,1
cockerel,1
jackanape,1
pilldoctor,1
punctual,1
bilbos,1
scabbard,1
zermatt,1
alpenstock,1
dedale,1
aback,1
placentation,1
milligramme,1
tumultuously,1
legg,1
nursel,1
washedout,1
storkbird,1
raindew,1
starshiny,1
_coelum._,1
scintillant,1
circumambient,1
cessile,1
remarkablest,1
chaffer,1
allincluding,1
farraginous,1
astounding,1
godframed,1
godgiven,1
preform,1
fructify,1
modicum,1
bandog,1
scholarment,1
malthusiast,1
bemoil,1
newbegotten,1
shalt,1
darby,1
dullman,1
canting,1
rheumeyed,1
curdog,1
progeny,1
pshaw,1
gasteropod,1
kreutzer,1
herod,1
forsooth,1
quinsy,1
hayfever,1
ringworm,1
derbyshire,1
gallstone,1
varicose,1
truce,1
threne,1
trental,1
jeremy,1
defunctive,1
sawest,1
lifetask,1
transpontine,1
bison,1
deine,1
kuh,1
trübsal,1
melkest,1
du.,1
trinkst,1
süsse,1
milch,1
euters_,1
displod,1
udderful,1
kin,1
burgeon,1
overhead,1
rutilant,1
rainvapour,1
rioter,1
guzzle,1
honeymilk,1
canaan,1
dollop,1
bonnyclaber,1
partulam,1
pertundam,1
nunc,1
bibendum,1
buster,1
bonafides,1
slep,1
billyo,1
brolly,1
gumboot,1
fambly,1
nevil,1
sawbone,1
clo,1
sorra,1
hospal,1
benedicat,1
omnipotens,1
filius_,1
scoot,1
uz,1
hentrusion,1
lou,1
allee,1
samee,1
dis,1
parasang,1
awfur,1
apostate,1
abaft,1
chuckingout,1
mullee,1
mère,1
'a,1
mariée._,1
retamplatan,1
digidi,1
boumboum_,1
druiddrum,1
pissedon,1
silentium,1
tention,1
proce,1
annex,1
parch,1
buggery,1
irelandear,1
trampeller,1
thunderation,1
durn,1
millingtary,1
boosebox,1
scrum,1
tootsie,1
amazingly,1
astand,1
damnall,1
nantee,1
saltee,1
dittoh,1
caudle,1
ticker,1
savvy,1
caramba,1
eggnog,1
prairie,1
avuncular,1
obligate,1
pos,1
boomblebee,1
settin,1
sleepin,1
garten,1
yup,1
sartin,1
dure,1
dishybilly,1
lovekin,1
slippery,1
mincepy,1
anker,1
allbeplastered,1
gluepot,1
spud,1
rheumatiz,1
poppycock,1
scuse,1
hoi,1
polloi,1
vear,1
goood,1
gert,1
vool,1
doc,1
lapland,1
corporosity,1
sagaciate,1
papoose,1
womanbody,1
jesified,1
orchidise,1
polycimical,1
aunty,1
baddybad,1
goodygood,1
hurroo,1
youngun,1
roun,1
nappy,1
braw,1
hielentman,1
barleybree,1
lang,1
lum,1
kailpot,1
tipple,1
sitinem,1
peppe,1
aholt,1
caraway,1
femmes_,1
axing,1
haud,1
wame,1
macruiskeen,1
_ex!_,1
guvnor,1
shiner,1
acome,1
underconstumble,1
lib_,1
poun,1
hisn,1
matey,1
oof,1
larn,1
bilk,1
lil,1
solly,1
ise,1
gawds,1
teruth,1
chawley,1
mossoo,1
tanks,1
speakeasy,1
shee,1
shir,1
teetee,1
bowse,1
claretwine,1
garn,1
jiggered,1
bloke,1
h2o,1
gemini,1
blurry,1
ruffin,1
cly,1
nab,1
jady,1
coppaleen,1
telegramboy,1
paddock,1
depot,1
joey,1
grahamise,1
goosegog,1
gospeltrue,1
diversion,1
chokeechokee,1
harman,1
coppe,1
mammy,1
ahome,1
horryvar,1
vioo,1
cowslip,1
hersel,1
cornfide,1
gev,1
thon,1
jannock,1
s’elp,1
vyfor,1
vil,1
misha,1
mishinnah,1
yerd,1
bluggy,1
drunkable,1
splendiferous,1
stander,1
stooder,1
largesize,1
grandacious,1
drap,1
pree,1
boniface,1
biberimus,1
viridum,1
toxicum,1
diabolus,1
capiat,1
posterioria,1
nostria_,1
closingtime,1
pardner,1
bonsoir,1
compagnie_,1
poxfiend,1
namby,1
amby,1
aweel,1
maun,1
gang,1
yer,1
checkmate,1
kristyann,1
yu,1
yung,1
frend,1
tuk,1
bungellow,1
kee,1
plais,1
whear,1
tarnally,1
shin,1
best,1
puttiest,1
longbreak,1
cookie,1
cot,1
plood,1
prandypall,1
pite,1
sheese,1
syphilis,1
vôtre_,1
golly,1
whatten,1
tunket,1
guy,1
wearable,1
bovril,1
d’ye,1
ke,1
cuss,1
rawthere,1
trumpery,1
bartle,1
cit,1
slung,1
canyon,1
nix,1
runefal,1
yourn,1
ludamassy,1
piccaninny,1
thot,1
pold,1
veg,1
um,1
blubble,1
bigsplash,1
crytear,1
cos,1
fren,1
darky,1
verra,1
tiens_,1
rev,1
jenatzy,1
pappy,1
inyah,1
rooshian,1
woozy,1
wobbler,1
allah,1
leith,1
dismisseth,1
tholice,1
puking,1
yooka,1
yook,1
ook,1
obstropolos,1
skelter,1
laetabuntur,1
cubilibus,1
suis_,1
sooty,1
implerentur,1
scripturae_,1
outspake,1
christicle,1
winefizzle,1
ginsizzling,1
booseguzzling,1
bullnecked,1
beetlebrowed,1
hogjowled,1
peanutbrained,1
weaseleyed,1
fourflusher,1
baggage,1
yank,1
frisco,1
vladivostok,1
dime,1
bumshow,1
corking,1
god.,1
coughmixture,1
mabbot,1
uncobbled,1
grimy,1
squabble,1
swancomb,1
highrear,1
forge,1
calls,1
deafmute,1
shapeless,1
vitus,1
imprison,1
kithogue,1
palsied,1
grhahute,1
ghaghahest,1
pigmy,1
counting,1
dustbin,1
gnome,1
rubbishtip,1
oillamp,1
maw,1
bandy,1
shuttlecock,1
shouldercape,1
staffholster,1
bottleneck,1
tatt,1
scrofulous,1
swaggerstick,1
unsteadily,1
rightaboutface,1
cootehill,1
belturbet,1
counterretort,1
bloodbright,1
lampglow,1
perk,1
paschal,1
jockeycap,1
_vidi,1
aquam,1
egredientem,1
templo,1
latere,1
dextro,1
alleluia_,1
snaggletusk,1
huskily,1
altius,1
aliquantulum,1
quos,1
pervenit,1
aqua,1
ista_,1
venom,1
fallopian,1
bickering,1
squarepusher,1
greaser,1
cometobed,1
mantrap,1
stubborn,1
kilbride,1
enginedriver,1
lancecorporal,1
oliphant,1
triumphaliter,1
salvi,1
facti,1
sunt._,1
behind_,1
structural,1
pornosophical,1
philotheology,1
metaphysics,1
shrewridden,1
henpeck,1
allwisest,1
lecherous,1
merci,1
laetificat,1
iuventutem,1
meam,1
intersect,1
gaslamp,1
flaring,1
cresset,1
gillen,1
longlost,1
lugubru,1
unstruck,1
bonham,1
fatchuck,1
jollypoldy,1
rixdix,1
doldy,1
arclamp,1
tater,1
olhausen,1
downcom,1
rollshutter,1
bloohoom,1
wholepepper,1
lampset,1
flasher,1
cormack,1
borealis_,1
foundry,1
run.,1
urchins,1
asw,1
haltyaltyaltyall,1
headlight,1
footgong,1
bla,1
blud,1
bugg,1
whitegloved,1
stifflegg,1
guidewheel,1
shitbreech,1
trickleap,1
mudflake,1
cog,1
brainfogfag,1
o’beirne,1
_buenas,1
blanca,1
es,1
sraid,1
mabbot._,1
haha.,1
slan,1
leath,1
fireeater,1
sackshouldered,1
ragman,1
ragsackman,1
sackragman,1
signpost,1
touring,1
cyclist_,1
stepaside_,1
fobpocket,1
bookpocket,1
pursepoke,1
caftan,1
smokingcap,1
magenta,1
goy,1
crestfallen,1
feetmeat,1
ich,1
papachi._,1
vestslip,1
narrowshoulder,1
waterbury,1
stiffen,1
harrier,1
lockjaw,1
leopoldleben,1
mobcap,1
twankey,1
crinoline,1
bustle,1
muttonleg,1
mitten,1
crispine,1
banister,1
ransack,1
blay,1
agnus,1
dei,1
datepalm,1
slash,1
cummerbund,1
raven,1
welly,1
toering,1
fetterchain,1
hooded,1
turret,1
howdah,1
disgruntled,1
goldcurb,1
wristbangle,1
angrile,1
leapfrog,1
menagerer,1
trinketed,1
stomacher,1
druggist,1
soapsun,1
_ti,1
cuore,1
pouter,1
from_,1
pronunciati,1
chinmole,1
glittering,1
rainbedraglle,1
wolfeye,1
polis,1
worldly,1
cheat,1
streetwalking,1
bedpost,1
crookedly,1
wideopen,1
herbivorous,1
buckteeth,1
mr...,1
hurriedly,1
seasonable,1
fib,1
slily,1
sminute,1
slumm,1
cornerman,1
livermore,1
christy,1
upstarched,1
choker,1
aster,1
negroid,1
twingtwang,1
twinging,1
smackfatclacking,1
trumm,1
cakewalk,1
tenderish,1
frivol,1
inquisitively,1
prettiest,1
deb,1
blindfold,1
thoughtread,1
seriocomic,1
wateredsilk,1
meaningfully,1
cracker,1
halfmoon,1
meaty,1
witching,1
splinter,1
mano._,1
onepiece,1
sylph,1
diadem,1
non._,1
whitetallhatted,1
hnhn,1
tightpacked,1
spillspilling,1
inev,1
erate,1
doggedly,1
pronghorn,1
predicament,1
humbugg,1
deluther,1
agog.,1
piteously,1
woodbine,1
plaid,1
scarftie,1
bandolier,1
billycock,1
fairyhouse,1
saxe,1
tailormade,1
nevertell,1
foxrock,1
fiveseater,1
shanderadan,1
waggonette,1
molefur,1
velveteen,1
tammy,1
fullstop,1
rogers,1
mimick,1
gig,1
whining,1
hellsgate,1
pisse,1
cowily,1
brokensnouted,1
raucous,1
armless,1
wrestling,1
playfight,1
crouche,1
paintspeckled,1
frisk,1
limblessly,1
jays,1
glauber,1
dishevelled,1
belching,1
purdon,1
shill,1
outloll,1
wildgoose,1
cheapjack,1
mangongwheeltracktrolleyglarejuggernaut,1
truelock,1
gamekeeper,1
legend_,1
phallic,1
frost,1
carriagepane,1
dollwomen,1
birdseye,1
sicksweet,1
ovalling,1
wreaths,1
pigsticky,1
snivelling,1
_rencontre,1
chacun,1
goût_,1
dogday,1
fido,1
obscenely,1
poacher,1
dogg,1
stalestunk,1
smaller,1
mastiff,1
glut,1
crunch,1
petrel,1
gulls,1
kaw,1
kave,1
kankury,1
kake,1
barstool,1
gobbet,1
molar,1
rabid,1
scumspittle,1
prevention,1
illuse,1
frosty,1
demoralise,1
passionpale,1
liontamer,1
paperhoop,1
gorging,1
boarhound,1
educated,1
greyhound,1
broncho,1
ajax,1
carnivore,1
fractious,1
_leo,1
ferox_,1
breastsparker,1
bewitch,1
mademoiselle,1
umpteen,1
donnerwetter,1
egypt.,1
cadi,1
unlawfully,1
besett,1
heartpocket,1
privately,1
entanglement,1
mercurialised,1
drumm,1
thickveil,1
dueguard,1
fellowcraft,1
lesurques,1
dubosc,1
sobb,1
peggy,1
griffin,1
miserable,1
bective,1
fullback,1
heartless,1
shitbroleeth,1
scapegoat,1
upstanding,1
majorgeneral,1
heroic,1
pluckiest,1
physique,1
turncoat,1
booe,1
gough,1
spion,1
kop,1
bludso,1
receiver,1
eightfour,1
urinal_,1
arsewipe_,1
bluebag,1
outbreast,1
labelled_,1
rudimentary,1
prompting,1
loathsome,1
soapy,1
masquerade,1
literateur,1
baseness,1
bestselling,1
meekness,1
upcurle,1
superciliously,1
disincommodate,1
pinker,1
shat,1
jackdaw,1
rheims,1
damnably,1
rottenness,1
portfolio.,1
_corpus,1
delicti_,1
disfigure,1
_daily,1
news_,1
overdrawn,1
horsepond,1
archconspirator,1
scullerymaid,1
slipshod,1
indignantly,1
carrying,1
housejacket,1
ripplecloth,1
heelless,1
rumple,1
incautiously,1
pilfer,1
oylster,1
twict,1
counterassault,1
scornfully,1
remonstrate,1
resonantly,1
fullblown,1
unintelligible,1
sisterly,1
sevenmonth,1
bedridden,1
permeat,1
acclimatise,1
footplate,1
loveful,1
urban,1
britishborn,1
pensum,1
pianoforte,1
yulelog,1
boreen,1
organtoned,1
britannia,1
metalbound,1
acting,1
twelvefold,1
...._,1
longhand,1
shorthand,1
presstable,1
crossexamination,1
proceeds_,1
re,1
_bloom,1
untold,1
a_,1
_back,1
number_,1
catcall,1
stickingplaster,1
barrister,1
stuffgown,1
indecent,1
beargarden,1
travesty,1
immigrant,1
stowaway,1
misdemeanour,1
momentary,1
heredity,1
pharaoh,1
carnally,1
especial,1
atavism,1
strangest,1
cobbler,1
submission,1
mongolian,1
extraction,1
irresponsible,1
pigeonbreast,1
lascar,1
dazedly,1
shrug,1
heavenward,1
makee,1
muchee,1
poo,1
blingee,1
pigfoot,1
evly,1
payee,1
shilly,1
hotly,1
lonehand,1
hades,1
supersed,1
emphatically,1
accessory,1
prosecutrix,1
tamper,1
defendant,1
rebutt,1
innately,1
bashful,1
ungentlemanly,1
injure,1
dastard,1
mortgaging,1
haze,1
albino,1
blotche,1
cheekbone,1
proboscidal,1
charmed,1
astronomer,1
levee,1
lowcorsaged,1
balldress,1
elbowlength,1
brickquilted,1
dolman,1
panache,1
osprey,1
prentice,1
_theatre,1
royal_,1
cigale_,1
inflame,1
pairs,1
stays_,1
opossum,1
objectionable,1
thornley,1
stoker,1
sleety,1
ninetythree,1
grid,1
wastepipe,1
ballstop,1
cistern,1
edelweiss,1
elicite,1
homegrown,1
purloin,1
forcingcase,1
ragamuffins,1
bluebeard,1
handcuffs,1
.),1
darbie,1
fulsome,1
frostbound,1
envious,1
earflap,1
fleecy,1
armorial,1
escutcheon,1
garnish,1
extravagantly,1
eulogise,1
glowingly,1
amazon,1
jackboot,1
cockspurr,1
musketeer,1
divinely,1
slogger,1
inniskillings,1
chukkar,1
_centaur,1
plebeian,1
juan,1
obscene,1
misbehave,1
chastise,1
bestride,1
horsewhipping,1
paroxysm,1
pigeonliver,1
quail,1
squirm,1
latten,1
upstart,1
disgraceful,1
spanking,1
birching,1
unmerciful,1
dormant,1
tigress,1
vindictively,1
thrash,1
vivisect,1
shivery,1
trounce,1
pigdog,1
rowel,1
huntingcrop,1
ringlett,1
_messenger,1
heart_,1
supplement,1
unportalling,1
quoits,1
jigjag.,1
jigajiga,1
jigjag,1
jurybox,1
featureless,1
bareback,1
organised,1
ripper,1
mormon,1
anarchist,1
dynamitard,1
forger,1
bigamist,1
judicial,1
stonebeard,1
starkly,1
ramshorn,1
detain,1
skullcap,1
bloodcoloured,1
preserver,1
nailstudded,1
bludgeon,1
knobb,1
mersey,1
jugular,1
monkeyhouse,1
zoo.,1
chimpanzee,1
breathlessly,1
bomb,1
exhale,1
putrid,1
carcasefed,1
dachshund,1
ghouleaten,1
finucane,1
moonward,1
lugubriously,1
catechism,1
spook,1
hypertroph,1
toadbelly,1
wryneck,1
bandanna,1
nightcap,1
namine,1
vobiscuit,1
stormily,1
stiffpoint,1
fungus,1
carapace,1
_tom,1
robinredbreasted,1
twocolumned,1
rochforr,1
resolute,1
daredevil,1
disse,1
kisses,1
twittering,1
icky,1
licky,1
coo,1
coocoo,1
yummyyum,1
womwom,1
comebig,1
leopopold,1
leeolee,1
sequin,1
accost,1
vet,1
tipster,1
overtime,1
suspiciously,1
mousey,1
chancre,1
heirloom,1
greedily,1
uneasily,1
ringed,1
kohol,1
cedargrove,1
hairgrowth,1
womancity,1
winegrape,1
exude,1
singsong,1
odalisk,1
lusciously,1
swinefat,1
rosewater,1
schorach,1
ani,1
wenowach,1
benoith,1
hierushaloim,1
goldstopped,1
cloy,1
mouldering,1
swaggerroot,1
childish,1
corduroy,1
overall,1
gansy,1
apache,1
incorrigible,1
ralegh,1
killer,1
absorption,1
poisoner,1
inns,1
cui,1
bucaneering,1
vanderdeckens,1
borealis,1
torchbearers,1
freemen,1
locum,1
tenen,1
agreement,1
designate,1
impassionedly,1
chimera,1
laboursaving,1
apparatuse,1
supplanter,1
bugbear,1
capitalistic,1
phartridge,1
purblind,1
rever,1
ev,1
maypole,1
festal,1
legends_,1
cead,1
failte,1
mah,1
ttob,1
melek,1
_span,1
borderer,1
highlanders,1
windowsills,1
chimneypot,1
rainspout,1
fife,1
kol,1
nidre,1
beater,1
chryselephantine,1
pennon,1
poursuivant,1
sirdar,1
grandee,1
maharajjah,1
plutocratic,1
logue,1
moderator,1
baptist,1
anabaptist,1
moravian,1
honorary,1
guild,1
trainband,1
fancier,1
millwright,1
scrivener,1
masseur,1
trussmaker,1
chimneyswep,1
refiner,1
tabinet,1
warehousemen,1
decorator,1
bootjack,1
corkcutter,1
assessor,1
dyer,1
bottler,1
fellmonger,1
ticketwriter,1
heraldic,1
engraver,1
broker,1
archery,1
riddlemaker,1
hosier,1
glover,1
plumbing,1
bugler,1
sennet,1
beefeater,1
clarion,1
ermine,1
curtana,1
caparison,1
headstall,1
rosepetal,1
wrenbushe,1
thirtyone,1
pavior,1
flagger,1
millionairess,1
noblewoman,1
feminist,1
masculinely,1
bellhanger,1
thinker,1
undoubted,1
dalmatic,1
territory,1
thereunto,1
gaudium,1
annuntio,1
vobis,1
habemus,1
carneficem._,1
anoint,1
joybells,1
symbolical,1
phallopyrotechnic,1
peers,1
koh,1
-i,1
noor,1
intercontinental,1
interplanetary,1
transmitter,1
nominate,1
copula,1
vizier,1
morganatic,1
sedan,1
freedom,1
embody,1
charter,1
overcame,1
howitzer,1
swivel,1
headlong,1
warcry,1
_bonafide,1
sabaoth_,1
sabr,1
saracen,1
gunner,1
typesetterrs,1
hibernia,1
workmen,1
rosette,1
raze,1
sightseers,1
morituri,1
salutant,1
trapdoor,1
elongated,1
fireraiser,1
cannonshot,1
bodyguard,1
maundy,1
cowbone,1
doux,1
readymade,1
jeyes,1
days’,1
dairyfed,1
froggy,1
politic,1
infantilic,1
culinic,1
expel,1
medic,1
compendium,1
hilaric,1
vade,1
mecum,1
journalic,1
loveletters,1
astric,1
songs,1
melodic,1
pennywise,1
parsimonic,1
gwendolen,1
magnesium,1
flashlight,1
suckling,1
sucoling,1
curdle,1
hajajaja,1
fourcorner,1
bopeep,1
perambulator,1
ticktacktwo,1
wouldyousetashoe,1
juggler,1
roygbiv.,1
antic,1
palsy,1
cripple,1
uncloak,1
impressively,1
obesity,1
hanukah,1
roschaschana,1
brith,1
mitzvah,1
askenazim,1
talith,1
paradisiacal,1
obdurately,1
tort,1
recognisance,1
acid.,1
nit.,1
hydrochlor.,1
dil.,1
tinct.,1
nux,1
vom.,1
extr.,1
taraxel.,1
lig.,1
_aq.,1
dis.,1
ter,1
ecliptic,1
aldebaran,1
chris.,1
sainted,1
pansies,1
o’roury,1
eightday,1
keres,1
commandment,1
moslem,1
compulsory,1
dishscrubber,1
tuberculosis,1
amnesty,1
carnival,1
bonuse,1
brotherhood,1
barsponger,1
dropsical,1
henroost,1
iiiiiiiiiaaaaaaach,1
regeneration,1
shaking,1
callipyge,1
commerce,1
operatic,1
voting,1
gastronomy,1
episcopalian,1
agnostic,1
anythingarian,1
overthrow,1
rows,1
casteele,1
bloomite,1
bonny,1
lassie,1
fishingcap,1
frustrate,1
stabbing,1
asphyxiate,1
gasoven,1
fellowchristian,1
antibloomite,1
fiendish,1
libertine,1
mendes,1
granddam,1
bronz,1
shopkeeper,1
hambone,1
unsaleable,1
midsummer,1
unsunned,1
slander,1
fellowcountrymen,1
_sgenl,1
ban,1
bata,1
coisde,1
capall._,1
motorgoggle,1
bisexually,1
bedlock,1
epilepsy,1
unbridled,1
elephantiasis,1
ambidexterity,1
prematurely,1
selfabuse,1
perversely,1
idealistic,1
pervaginal,1
application,1
5427,1
axillary,1
_virgo,1
intacta._,1
hypsospadia,1
teratological,1
crotthers,1
albuminoid,1
salivation,1
insufficient,1
patellar,1
reflex,1
_fetor,1
judaicus_,1
feeblemind,1
abstainer,1
spartan,1
hairshirt,1
posthumous,1
nursetender,1
redcarpeted,1
octuplet,1
metallic,1
wellmade,1
wellconducted,1
fluently,1
legible,1
nasodoro,1
goldfinger,1
maindorée,1
silversmile,1
silberselber,1
vifargent,1
panargyros,1
director,1
chairmen,1
liability,1
vicechairmen,1
syndicate,1
leger,1
beaconsfield,1
tyler,1
kossuth,1
jacques,1
rousseau,1
holmes,1
pasteur,1
nuncio,1
armplate,1
thighplate,1
legplate,1
leopoldi,1
autem,1
generatio._,1
vocabitur,1
eius,1
emmanuel._,1
kit.,1
cattlecreep,1
kilbarrack,1
blushe,1
fron,1
nate,1
evicted,1
bodycoat,1
sjambok,1
whistles_,1
orphans,1
hig,1
girls,1
hornolow,1
ephod,1
huntingcap,1
azazel,1
nighthag,1
mizraim,1
bonafide,1
ownerless,1
gaberdine,1
earlock,1
belial,1
laemlein,1
istria,1
abulafia,1
recant,1
blackbeard,1
flatty,1
rattler,1
myers,1
seamless,1
prayerbook,1
mentor,1
reprover,1
frillies,1
_accompany,1
sugaun,1
bating,1
peacefully,1
mournfully,1
neckfillet,1
bitterly,1
insincere,1
repentantly,1
disagreeable,1
glibly,1
norton,1
tittlemouse,1
houri,1
occiput,1
unparalleled,1
babylinen,1
pelisse,1
bighead,1
tlwo,1
tlone,1
bucole,1
passtouch,1
monitor,1
sinuous,1
brutes,1
exhal,1
loosebox,1
drugge,1
instantly,1
preoccupy,1
brownsock,1
goatee,1
waterjugjar,1
twotailed,1
halltable,1
collid,1
oilcloth,1
jade,1
rhomboid,1
footmark,1
higgledypiggledy,1
tapestry,1
yewfrond,1
peacock,1
matt,1
doeskin,1
wristlet,1
corsetlace,1
imbecillic,1
blemblem,1
ail,1
goosefat,1
tatterdemalion,1
spreadeagle,1
sofacorner,1
horsed,1
catterpillar,1
nestling,1
benedetto,1
marcello,1
demeter,1
cœla,1
enarrant,1
gloriam,1
susceptible,1
hyperphrygian,1
mixolydian,1
circe,1
ceres,1
bassoonist,1
alrightness,1
jetez,1
gourme,1
jeunesse,1
passe,1
saturnine,1
jewgreek,1
greekjew,1
disloyalty,1
consistent,1
precondition,1
_ecco,1
whinny,1
stupidity,1
unjust,1
wagtail,1
newsboys,1
rockinghorse,1
promissory,1
boatpole,1
huddle,1
hipshot,1
crookbacked,1
hydrocephalic,1
prognathic,1
sloper,1
somersault,1
hobooblin,1
kangaroohopping,1
lipless,1
vient,1
rit,1
primigène,1
dervish,1
sieurs,1
faite,1
roulette,1
fait,1
crepitant,1
rien,1
va,1
buoyant,1
torpor,1
effluvium,1
nebulous,1
drifting,1
feetshuffling,1
hosanna,1
tightrope,1
gillie,1
busby,1
legs,1
man.,1
possing,1
breathcough,1
perspire,1
vergerface,1
rostrum,1
drape,1
yapping,1
creole,1
abe,1
kirschner,1
12.25,1
nonstop,1
doggone,1
cosmos,1
ingersoll,1
congregation,1
joyride,1
lifebrightener,1
snappiest,1
supersumptuous,1
vibrator,1
bedrock,1
harmonial,1
sixtyninth,1
sunphone,1
bumbooser,1
jeru,1
whorusalaminyourhighhohhhh,1
gratingly,1
squawk,1
ahhkkk,1
rolledup,1
wusser,1
enroll,1
montmorency,1
larrup,1
goosestepping,1
marching,1
beatitudes,1
battledog,1
buybull,1
businum,1
barnum,1
buggerum,1
quakergrey,1
broadbrimmed,1
coranto,1
shinily,1
launder,1
curlpaper,1
mandarin,1
nankeen,1
lizardlettered,1
pagoda,1
smiling,1
toupee,1
topknot,1
keat,1
esthetics,1
cosmetic,1
boudoir,1
tanderagee,1
coalscuttle,1
ollave,1
elver,1
encrust,1
wal,1
ak,1
yoghin,1
hermes,1
trismegistos,1
punarjanam,1
patsypunjaub,1
stormbird,1
shiva,1
darkhidden,1
vehemence,1
baum,1
pyjaum,1
homestead,1
dreamery,1
creamery,1
judashand,1
pooah,1
pfuiiiiiii,1
adjust,1
_pot_,1
nixie,1
beautyspot,1
desirously,1
basilicogrammate,1
gawky,1
stilt,1
monocle,1
pshent,1
promiscuous,1
hereabout,1
backview,1
devotee,1
injection,1
granpapachi,1
coiffeuse,1
gopherwood,1
exhibitionististicicity,1
hippogriff,1
unpleasantly,1
pannier,1
pegtop,1
bunchiness,1
mulct,1
meretricious,1
finery,1
dustspeck,1
pollysyllabax,1
cynically,1
hoax,1
flapper,1
rualdus,1
columble,1
oxygenated,1
duckling,1
longcast,1
regretfully,1
upcurling,1
lyum,1
mammal,1
noonday,1
soupplate,1
rectum,1
tumescent,1
palpation,1
compactness,1
coopfatten,1
elephantine,1
fennygreek,1
gumbenjamin,1
blubber,1
fleshhotpot,1
wallow,1
slapbang,1
goldring,1
argumentum,1
feminam_,1
consulship,1
diplodocus,1
ichthyosauros,1
nutmeg,1
syllabax,1
unusually,1
fatiguing,1
wartsblood,1
hardhump,1
thunk,1
santa_,1
rosemary,1
inkling,1
technic,1
descriptive,1
muriatic,1
priapic,1
pulsatilla,1
amputation,1
caustic,1
horsehair,1
denned,1
bulgar,1
basque,1
habiliment,1
snigger,1
ridiculous,1
stockingette,1
gussett,1
combination,1
camiknicker,1
keekeereekee,1
everfly,1
yester,1
inferiorly,1
pulchritudinous,1
extendified,1
pudendal,1
dorsal,1
parrotbeak,1
nasally,1
carpathian,1
bruin,1
unadjustable,1
sexology,1
nightbird,1
nightsun,1
dibble,1
gluttonously,1
redbank,1
o’cook,1
perigord,1
tuber,1
dislodg,1
unsurpassed,1
viragitis,1
raillery,1
jocular,1
absently,1
ocularly,1
sucksucculent,1
bubblyjocular,1
elephantuliasis,1
stonily,1
monotone,1
spontaneously,1
saurian,1
aphis,1
profoundly,1
wingshoulder,1
horning,1
ger,1
pleashe,1
pershon,1
catastrophics,1
mit,1
tablenumpkin,1
ringaring,1
silverstringed,1
longstemmed,1
bamboo,1
silverbucklle,1
spindleleg,1
candia,1
goffer,1
ruff,1
dewlap,1
pa.,1
husk,1
parlous,1
batonroll,1
moustachework,1
rifletta,1
rovina,1
tutto._,1
ville,1
sur,1
mer,1
larchet,1
reduplication,1
mou,1
sas,1
agapo_,1
mac,1
unmack,1
rigadoon,1
cleverever,1
outofitnow,1
secrets,1
maidens,1
confessional,1
flipperty,1
jippert,1
pudor,1
rushrope,1
allmoist,1
featherskin,1
coactus,1
grapse,1
spuck,1
yadgana,1
piffpaff,1
popo,1
pchp,1
prrrrrht,1
gloria,1
walrus,1
diabolic,1
rictus,1
mooncalf,1
verfluchte,1
iacchia,1
skullneck,1
shortall,1
pidgeon,1
subscribe,1
philippe,1
philippe._,1
unpin,1
metchnikoff,1
inoculate,1
anthropoid,1
locomotor,1
ataxy,1
agueshaken,1
profuse,1
centurion,1
genitory,1
gibbering,1
baboon,1
cynical,1
hik,1
hak,1
hok,1
huk,1
kok,1
kuk,1
musclebound,1
hairynostrilled,1
hugebearded,1
cabbageeared,1
shaggychested,1
shockmaned,1
fatpapped,1
genitals,1
bagslop,1
nakkering,1
yodel,1
jovially,1
ringkeeper,1
chree,1
lutestring,1
slough,1
plumage,1
moulting,1
coalblack,1
dreck,1
pocketcomb,1
rapier,1
stilthop,1
pusyellow,1
exeunt,1
severally,1
heresiarchus,1
soutane,1
conservio,1
dungeon,1
manacle,1
unable,1
hihihihihis,1
graize,1
flaherty,1
ducklove,1
hoky,1
doubleshuff,1
comically,1
trainbearer,1
easterkissing,1
theeee,1
hmm,1
rabbit,1
kittenishly,1
adroit,1
svengali,1
napoleonic,1
ventriloquial,1
exorcism,1
heelclacking,1
aphrodisiac,1
pennyroyal,1
vanilla,1
lupus,1
aphro,1
whoremistress,1
fring,1
selvedge,1
hauck,1
in_,1
_on,1
carboned,1
fullnose,1
orangetainted,1
beryl,1
mucksweat,1
insistence,1
winnow,1
faceneck,1
falcon,1
sheepish,1
nes.,1
exuberant,1
enormously,1
unposted,1
twinge,1
sciatica,1
glutear,1
sunamite,1
bagweighted,1
undecide,1
dewfall,1
searock,1
peccadillo,1
unfasten,1
reluctance,1
kellett,1
buskine,1
silksock,1
shoefitter,1
manfield,1
buttonhooking,1
kneelength,1
satinline,1
incredibly,1
raymonde,1
goathide,1
crosslacing,1
bungle,1
andy,1
eyelet,1
tache,1
midbrow,1
mumbles,1
adorer,1
hugeness,1
dungdevourer,1
semiflex,1
magmagnificence,1
yap,1
shamm,1
mountaineer,1
puttee,1
silverbuttoned,1
moorcock,1
bondslave,1
erectness,1
enthrall,1
disobey,1
kentucky,1
cocktail,1
gym,1
widen,1
ma’amsir,1
coaxingly,1
timid,1
girly,1
nosering,1
bastinado,1
knout,1
nubian,1
saddleback,1
matterson,1
hamrasher,1
_licensed,1
skewer,1
rumping,1
greedy,1
greybearded,1
floursmear,1
pinion,1
cigarsmoke,1
keating,1
vicechairman,1
craig,1
buttocksmothered,1
figged,1
horseman,1
horseride,1
suckeress,1
stifl,1
contort,1
recork,1
crinkly,1
scrapy,1
tiptouch,1
wigg,1
singed,1
perfumesprayed,1
ricepowdered,1
smoothshaven,1
vicelike,1
coutille,1
whalebone,1
diamondtrimmed,1
pelvis,1
nettight,1
houseflag,1
pullpull,1
thighcasing,1
flimsiness,1
thrift,1
jeers.,1
coquettishly,1
domino,1
closedrawn,1
unskirted,1
hegoat,1
operatop,1
trunkleg,1
stitche,1
demimondaine,1
backgate,1
augustus,1
blockwell,1
laci,1
daremo,1
robust,1
blueey,1
bert,1
liftboy,1
henri,1
fleury,1
sheridan,1
quadroon,1
croesus,1
varsity,1
wetbob,1
ponto,1
newfoundland,1
manorhamilton,1
corsetlover,1
kink,1
greasepaint,1
billowy,1
smoothworn,1
insubordination,1
jinkleman,1
dorans,1
martinet,1
sins,1
telephon,1
dunn,1
callbox,1
strumpet,1
fecal,1
unsanitary,1
convenience,1
strongmember,1
nauseous,1
welluse,1
revolting,1
obscenity,1
gibber,1
bootlaces,1
rhinoceros,1
peremptorily,1
repugnant,1
thr,1
docile,1
rererepugnose,1
rerererepugnant,1
imperiously,1
mantamer,1
bangle,1
latrine,1
dishclout,1
pisspot,1
misdeed,1
spank,1
bot,1
hairbrush,1
wellcreamed,1
bracelett,1
fortythreebutton,1
newpowder,1
talc,1
hanaper,1
elbowdeep,1
vulva,1
hardon,1
gavel,1
rockbottom,1
shis,1
hrim,1
piercer,1
stockgetter,1
darkvisaged,1
disguised,1
hoondert,1
sterlink,1
subdue,1
daringly,1
pantalette,1
emeraldgartered,1
_blasé_,1
quinze,1
provoking,1
fluescent,1
modestly,1
pander,1
gomorrahan,1
suet,1
cockyolly,1
birdy,1
pooly,1
sarcastically,1
fullgrown,1
furzebush,1
spittoon,1
downpour,1
ruthlessly,1
wold,1
mocassin,1
fowlingpiece,1
fingertipping,1
fairhaired,1
greenvested,1
wonderwide,1
menfriend,1
cuckoos,1
blameless,1
grocery,1
cuttingly,1
heelmark,1
brusselette,1
horseplay,1
deface,1
pipespill,1
fender,1
hampton,1
leedom,1
bowieknife,1
stepnephew,1
procurator,1
sodomite,1
scoffingly,1
suff,1
tearlessly,1
sneers.,1
crybabby,1
darkshawled,1
sackcloth,1
shulomowitz,1
goldwater,1
rosenberg,1
abramovitz,1
chazen,1
pneuma,1
recreant,1
circumccse,1
elohenu,1
echad._,1
suttee,1
camphire,1
oakframe,1
unbound,1
teabrown,1
artcolour,1
grotto,1
interlacing,1
yew,1
weepest,1
jellily,1
coster,1
picnicmaker,1
immoral,1
panto,1
fleshtight,1
nifty,1
shimmy,1
karini,1
clubmen,1
callow,1
transparencie,1
truedup,1
bustpad,1
proprietary,1
rupture,1
neverrip,1
unsolicited,1
waldmann,1
exuber,1
gus,1
rublin,1
inoffensive,1
apologetically,1
precautiously,1
antiquated,1
scal,1
utensil,1
background,1
plumed,1
nutquesting,1
poula,1
pigeonbreasted,1
bottleshouldered,1
schoolcap,1
teen,1
penn,1
crushe,1
sexsmelling,1
unbridle,1
hosiery,1
tipsycake,1
donald,1
warmgloved,1
mammamuffler,1
montague,1
hamadryad,1
capillary,1
lotty,1
clarke,1
flaxenhair,1
toilette,1
illclose,1
downhill,1
rialto,1
whitepolled,1
_large,1
teardrop,1
patho,1
plumpudder,1
buttytailed,1
megeggaggegg,1
nannannanny,1
burr,1
thistledown,1
gorsespine,1
silversilent,1
roteatingly,1
dummymummy,1
bbbbblllllblblblblobschbg,1
_sail,1
broaden,1
yellowkitefaced,1
done.,1
prff,1
loftily,1
crispation,1
abjectly,1
enemas,1
quassia,1
rocksalt,1
fundament,1
powderpuff,1
dejected,1
yes.,1
peccavi,1
woodland,1
treestem,1
birdchief,1
bluestreake,1
panoply,1
assegai,1
overpower,1
divaricated,1
sateen,1
coatpan,1
phillaphulla,1
hugewinged,1
trouserbutton,1
bip,1
rainily,1
postulant,1
novice,1
pissing,1
sacrilege,1
sully,1
poniard,1
sheathmail,1
nekum,1
hoy,1
pruningknife,1
spoutless,1
reynard,1
cracking,1
poli,1
mucosity,1
studfee,1
mendancer,1
riviera,1
fleeing,1
alimony,1
passée._,1
vapid,1
glasseye,1
propeller,1
sowcunt,1
fbhracht,1
nailless,1
cockscomb,1
kipkeeper,1
gleet,1
_saul,1
cornflower,1
slag,1
disconcert,1
forfeit,1
superfine,1
peepshow,1
dans,1
bordel,1
où,1
tenon,1
nostre,1
état_,1
coin.,1
delightedly,1
_brevi,1
manu_,1
monosyllable,1
squabbling,1
abhorrence,1
pettigown,1
hoopla,1
admiringly,1
cocky,1
drawwell,1
distrait_,1
stooping,1
proparoxyton,1
lessing,1
mysteriously,1
lambe,1
takest,1
pacem,1
bloodoath,1
gods,1
hangende,1
fragende,1
frau,1
macht,1
uns,1
palmistry,1
rectorial,1
thumbprint,1
gridiron,1
henpecked,1
gara.,1
pencill,1
hackneycar,1
boots,1
jogging,1
wormfinger,1
yachtsman,1
officiously,1
quim,1
bluntungulated,1
flunkey,1
plop,1
bartholomona,1
receipt,1
loveword,1
liplapp,1
poppysmic,1
plopslop,1
idolise,1
ah!,1
godblazeqrukbrukarchkrasht,1
weeshwashtkissinapooisthnapoohuck,1
reindeer,1
dignified,1
ventriloquy,1
bespeak,1
thoughtest,1
wastest,1
iagogo,1
oldfellow,1
chokit,1
thursdaymornun,1
iagogogo,1
yellowly,1
condon,1
snubnose,1
deathtalk,1
chivvy,1
fiz,1
paralytic,1
weda,1
seca,1
whokilla,1
farst,1
refeature,1
drunkenly,1
japanesily,1
demirep,1
exaltabuntur,1
cornua,1
iusti._,1
pasiphae,1
grandoldgrossfather,1
suine,1
finny,1
pommelling,1
rrrrrrmmmmm,1
saling,1
beerchop,1
cocotte,1
cancan,1
parisian,1
clownery,1
shocking,1
chic,1
_dessous,1
troublants_,1
_ho,1
pif,1
qu’il,1
a!_,1
demimondaines_,1
turpitude,1
caoutchouc,1
lifesize,1
tompeeptom,1
bestial,1
omlet,1
mincingly,1
_double,1
entente,1
cordiale,1
_mon,1
loup_,1
watermelon,1
beelzebub,1
merde,1
sharpen,1
hola,1
hillyho,1
hilloe,1
heartening,1
buzzard,1
pschatt,1
halfcast,1
bulbul,1
burblblburblbl,1
hai,1
covert,1
brightey,1
quarry,1
beaglebaying,1
burblbrble,1
huntsmen,1
huntswomen,1
flathouse,1
footpeople,1
hayfork,1
salmongaff,1
lasso,1
flockmaster,1
stockwhip,1
bearbaiter,1
tomtom,1
toreador,1
bullsword,1
negroe,1
broadsmen,1
wizard,1
deafeningly,1
riderless,1
winningpost,1
moonfoaming,1
shotover,1
repulse,1
rustyarmoured,1
brokenwind,1
isabelle,1
spavined,1
whitegaitered,1
reer,1
nailscraped,1
postagestamp,1
recta,1
barley,1
drumhandle,1
bowknotted,1
periwig,1
inverness,1
pianostool,1
handless,1
heeltapp,1
_stephen,1
arme,1
fleshflower,1
vaccination,1
toepoint,1
deft,1
jauntyhate,1
skate,1
gorget,1
tulle,1
dahlia,1
calisthenics,1
legget,1
terpsichorean,1
révérence,1
goldhair,1
waspwaisted,1
haircomb,1
glovesilent,1
carré,1
loser,1
landshadow,1
lagging,1
languideyed,1
cipria,1
huit,1
traversé,1
salut,1
croisé,1
curchycurchy,1
tle,1
tiroir,1
chaîne,1
corbeille,1
arabesquing,1
_boulangère,1
rond,1
pont,1
chevaux,1
bois,1
escargot,1
interchang,1
cumbrously,1
_dansez,1
avec,1
changez,1
donnez,1
votre,1
remerciez,1
_mirus_,1
brusquely,1
bittern,1
groangrousegurgling,1
waltze,1
_pas,1
seul,1
bloombella,1
kittylynch,1
florryzoe,1
jujuby,1
frogsplit,1
highkick,1
skykick,1
boomhammer,1
fandango,1
leaping,1
closeclutch,1
swifter,1
glareblareflare,1
scudding,1
scootlootshoot,1
lumber,1
tutti,1
bis,1
pigling,1
christass,1
cockboat,1
armfold,1
ropepull,1
hitching,1
hornpipe,1
bellhorse,1
gadarene,1
frauenzimmer,1
plumstain,1
pram,1
fuseblue,1
evensong,1
coddouble,1
bicycler,1
snowcake,1
switchback,1
lumbering,1
tublumber,1
bumpshire,1
giddily,1
spaceward,1
leper,1
noseless,1
gravemould,1
eyesocket,1
horrorstruck,1
lemur,1
bogeyman,1
capbell,1
bitchbody,1
ponton,1
cancer,1
allpowerful,1
ursuline,1
brainwork,1
firstborn,1
noncorrosive,1
sublimate,1
corpsechewer,1
_ah,1
exemple,1
serviam,1
no!,1
deathrattle,1
_nothung,1
toppling,1
pwfungg,1
stampede,1
cupidity,1
snatche,1
sixpenceworth,1
ragg,1
urgently,1
warningly,1
speechless,1
volubly,1
dismount,1
ickylickysticky,1
poncho,1
flit,1
strew,1
aniseed,1
bloodhound,1
dogwhip,1
cabbagestump,1
biscuitboxe,1
freshfound,1
66,1
whodoyoucallhim,1
strangeface,1
fellowthatsolike,1
sawhimbefore,1
chapwithawen,1
arcy,1
tinned,1
maninthestreet,1
othermaninthestreet,1
footballbots,1
superintendent,1
laracy,1
kennefick,1
handsomemarriedwomanrubbedagainstwidebehindinclonskea,1
bookseller,1
sweets,1
dubedatandshedidbedad,1
mesdames,1
moran,1
roebuck,1
stethoscope,1
helterskelterpelterwelter,1
stopabloom,1
stopperrobber,1
stophim,1
quarrelling,1
whowhat,1
brawlaltogether,1
uninvited,1
vocative,1
neuter,1
ungenitive,1
sisyphus,1
uropoetic,1
faithfultheman,1
blighter,1
blazer,1
flowingbearded,1
synechdoche,1
bash,1
selfpretence,1
enfin,1
oignon,1
jericho,1
rahab,1
carman,1
oblate,1
propp,1
emptily,1
displace,1
philirenist,1
tsar,1
arbitration,1
phraseology,1
apposite,1
trenchancy,1
insignia,1
thistle,1
probyn,1
bencher,1
massachusetts,1
marked_,1
printed_,1
défense,1
d’uriner,1
identification,1
cheerio,1
mahak,1
makar,1
levitate,1
ning,1
jerry,1
h’lo,1
_bonjour,1
_vieille,1
rabbitface,1
quince,1
_socialiste,1
emile,1
patrizio,1
franz,1
rupert,1
hauberk,1
werf,1
eyke,1
footboden,1
porco,1
johnyellow,1
todos,1
swaying,1
ropenoose,1
issuing,1
blackmasked,1
cleaver,1
pearcy,1
slay,1
mogg,1
voisin,1
dismember,1
compatriot,1
barron,1
seddon,1
gallow,1
horhot,1
hor,1
hother,1
hest,1
hanged,1
sperm,1
deathclothe,1
sop,1
contentment,1
brutish,1
_ça,1
voit,1
aussi,1
paris._,1
coalesce,1
deathflower,1
gammer,1
farrow,1
alanna,1
aroon,1
terrify,1
misunderstanding,1
bragh,1
decoration,1
trophie,1
hostility,1
proboer,1
monarch,1
kwawr,1
krowawr,1
bo,1
casqued,1
halberdier,1
pentice,1
spearpoint,1
moustached,1
hackleplume,1
accoutrement,1
epaulette,1
chevron,1
sabretache,1
templar,1
mahar,1
shalal,1
hashbaz,1
lifegiver,1
ecstatically,1
dense,1
gatling,1
valour,1
thieve,1
marshland,1
eyrie,1
gannet,1
cormorant,1
goshawk,1
peregrine,1
merlin,1
blackgrouse,1
goatfell,1
chasm,1
singlet,1
leaper,1
lasse,1
baraabomb,1
cutty,1
sark,1
broomstick,1
sabre,1
justin,1
redmond,1
o’johnny,1
fitzedward,1
fieldaltar,1
smokepall,1
unreason,1
chasuble,1
introibo,1
diaboli._,1
blooddripp,1
meum._,1
htengier,1
tnetopinmo,1
drol,1
eht,1
rof,1
aiulella,1
dooooooooooog,1
goooooooooood,1
strident,1
townsmen,1
sing_,1
articulation,1
8.35,1
laqueo,1
suspendit._,1
outstretch,1
carbine,1
manhandle,1
cop,1
tyke,1
regimental,1
lockup,1
whitearsed,1
won,1
bounden,1
lacklustre,1
hohohohohohoh,1
hohohohome,1
hearsedriver,1
speciality,1
asquint,1
rendezvous,1
neighs,1
hohohohohome,1
pantomimic,1
mirthful,1
bobbie,1
reassuralomom,1
assuraloom,1
reassuraloomtay,1
fainter,1
tooralooloo,1
looloo,1
irresolute,1
eh!,1
woodshaving,1
cabletow,1
ebb,1
wonderstruck,1
lambkin,1
samaritan,1
ablution,1
expedient,1
stonesthrow,1
drinkable,1
nonplussed,1
devolve,1
e.d.ed,1
brushing,1
soapsuddy,1
fetid,1
montgomery,1
jehu,1
fourwheeler,1
budging,1
whistler,1
emit,1
bevell,1
mullett,1
perforce,1
handicapped,1
heroically,1
mischance,1
visitation,1
pluvius,1
recount,1
miraculous,1
enticing,1
ibsen,1
baird,1
palatable,1
route_,1
taciturn,1
disgustingly,1
_re_,1
mobsmen,1
permissible,1
deathtrap,1
jiujit,1
blissfully,1
tobias,1
mahony,1
bruit,1
admittedly,1
unscrupulous,1
equipp,1
firearm,1
sidearm,1
friteer,1
sensibly,1
squandermania,1
_demimonde_,1
stimulant,1
bloodmaking,1
aperient,1
adversely,1
pubhunting,1
_confrères_,1
ratting,1
medico,1
circ,1
_quondam_,1
dizzily,1
vive_,1
funkyish,1
desperadoe,1
waylay,1
terrorise,1
peaceable,1
thames,1
embankment,1
marauder,1
boodle,1
garrott,1
accosting,1
cornjuice,1
genealogy,1
louth,1
comparatively,1
facetious,1
doleful,1
sprinkling,1
uncalledfor,1
fostersister,1
dosshouse,1
maloney,1
m’conachie,1
winetavern,1
rigmarole,1
credence,1
_haud,1
ignarus,1
malorum,1
miseris,1
succurrere,1
disco,1
etcetera_,1
wherewithal,1
affluence,1
lieu,1
chagrin,1
investigation,1
dimly,1
carl,1
bags,1
comisky,1
fullam,1
shipchandler,1
bookkeeper,1
o’mara,1
tighe,1
immaculately,1
remotest,1
levelheaded,1
dilapidated,1
slouchy,1
impecuniosity,1
hangerson,1
servitude,1
_rara,1
avis_,1
blandiloquence,1
parasite,1
laughingly,1
abstractedly,1
bucketdredger,1
alongside,1
whereupon,1
evasively,1
inquisitive,1
assertion,1
diplomatically,1
unconcernedly,1
_raconteur_,1
hasard,1
euchr,1
repicture,1
trinidad,1
sootcoated,1
oatmealwater,1
eggshell,1
char,1
precept,1
versatile,1
allround,1
verify,1
skerries,1
plucky,1
cussedness,1
bamboozle,1
lowspirited,1
vivacious,1
_puttana,1
quattrini,1
ragione,1
culo,1
intendiamoci,1
sovrano,1
però,1
mezzo._,1
farabutto,1
mortacci,1
sui,1
ascolta,1
cinque,1
testa,1
unpretentious,1
vouch,1
noctambule,1
genus,1
_homo_,1
diversify,1
_sangfroid_,1
_hoi,1
polloi_,1
stevedore,1
cursory,1
dissatisfied,1
bibulous,1
appreciable,1
dispute,1
_protégé_,1
poetria_,1
voglio._,1
lassitude,1
pensively,1
glamour,1
à-,1
surreptitiously,1
imposture,1
podmore,1
goodbody,1
murphies,1
unaffectedly,1
newcomer,1
squarely,1
baggy,1
eavesdropp,1
lefthand,1
hamper,1
unprepossessing,1
detonation,1
bloodthirstily,1
agreeableness,1
marksmanship,1
bisley,1
hairsbreadth,1
carrigaloe,1
beauty_,1
homecoming,1
enoch,1
hereabouts,1
caoc,1
declamation,1
casey,1
absentee,1
grasswidow,1
fireside,1
chubb,1
broo,1
_post,1
mortem_,1
brokenhearted,1
chaw,1
confirmation,1
cleanlooking,1
circumnavigate,1
pirate,1
growler,1
dardanelles,1
russia,1
_gospodi,1
pomilyou_,1
khaan,1
peru,1
choza,1
indios,1
bolivia._,1
blinking,1
osier,1
coca,1
communicative,1
breadgrater,1
diddy,1
ballocknake,1
greenhorn,1
volunteering,1
unostentatiously,1
postmark,1
tarjeta,1
galeria,1
becche,1
santiago,1
chile._,1
implicit,1
eggsniping,1
lazarillo,1
cesar,1
bazan,1
_maritana_,1
discrepancy,1
q.t.,1
fictitious,1
missive,1
_bona,1
fides_,1
longcherished,1
wednesday,1
_via_,1
extensively,1
adventurer,1
consistently,1
landlubber,1
permitt,1
ozone,1
pleasurable,1
plymouth,1
falmouth,1
southampton,1
spa,1
eastbourne,1
scarborough,1
bournemouth,1
bijou,1
remunerative,1
notch,1
counterblast,1
fishguard,1
rosslare,1
_tapis_,1
circumlocution,1
dillydallying,1
effete,1
fogeydom,1
dunderhead,1
enterprise,1
debarr,1
coop,1
humdrum,1
merite,1
radical,1
_venue_,1
summertime,1
spectacular,1
vacationist,1
sylvan,1
plethora,1
steamtram,1
madding,1
rightly,1
_coup,1
d’œil_,1
getatable,1
influx,1
o’malley,1
iv,1
sealevel,1
uptodate,1
viceversa,1
appetisingly,1
dubiosity,1
globetrotter,1
dangerouslooking,1
claspknife,1
knockingshop,1
tryon,1
smuggler,1
god_,1
chuk,1
drowsily,1
_stiletto_,1
harrowing,1
appal,1
_where,1
bliss_,1
_entre,1
nous_,1
boiler,1
inscrutable,1
beggare,1
_choza,1
de_,1
vividly,1
civilised,1
figuratively,1
eighties,1
complie,1
spirt,1
junk,1
wily,1
woolgather,1
obliviously,1
antipode,1
_minutiae_,1
onus,1
identically,1
harbourmaster,1
rigging,1
choppy,1
_rover_,1
seadog,1
ashore,1
valet,1
jackknife,1
carking,1
nosepaint,1
appendage,1
tattooe,1
accommodatingly,1
frowningly,1
exhibitor,1
odessa,1
squeez,1
knack,1
unreserved,1
ate,1
longshoreman,1
ate.,1
gallowsbird,1
reconnoitr,1
flusterfied,1
outwardly,1
compel,1
undergarment,1
bewley,1
tenterhook,1
glassy,1
gazer,1
nautical,1
gunboat,1
prude,1
_instanter_,1
oldmaidish,1
squeamishness,1
_paterfamilias_,1
embark,1
ventilate,1
brainpower,1
superhuman,1
concentrate,1
se_,1
accidens_,1
acquiesce,1
finesse,1
demurrer,1
anxious,1
edison,1
farreach,1
expostulate,1
bestknown,1
experienced,1
sectarian,1
differ,1
toto_,1
faultfind,1
proverbially,1
acrimony,1
lucrative,1
teetotal,1
qualified,1
prominently,1
remuneration,1
pianoplaying,1
sulphate,1
so4,1
eatinghouse,1
eatables,1
tibble,1
vi-cocoa,1
stirr,1
prevail,1
puddle,1
cloppe,1
stickler,1
gormandise,1
_sine,1
incriminate,1
hornhandle,1
_confidante,1
sotto,1
voce_,1
spoof,1
sherlockholmesing,1
wellpreserved,1
baldness,1
weirdlooking,1
oakum,1
treadmill,1
goodlooking,1
durance,1
expiate,1
melodramatic,1
bluff,1
pardonable,1
_hesperus_,1
proverbial,1
analogous,1
marcella,1
midget,1
bowlegg,1
powerless,1
cramped,1
horrifying,1
ledwidge,1
identify,1
management,1
_flying,1
dutchman_,1
stupendous,1
intrinsically,1
incompatible,1
italiano,1
icecreamer,1
frier,1
thrifty,1
pothunt,1
feline,1
tuckin,1
rigueur_,1
spaniard,1
quietus,1
poignard,1
nationality,1
brunette,1
interpose,1
roberto,1
ruba,1
roba,1
sua_,1
dittoe,1
isoscele,1
portinari,1
leonardo,1
tommaso,1
mastino,1
foible,1
shipahoy,1
monsoon,1
daunt,1
illfated,1
_palme_,1
breaker,1
cairns_,1
swansea,1
muggyish,1
bulkhead,1
dumpy,1
flask,1
delectable,1
irrepressible,1
manœuvre,1
counterattraction,1
puncheon,1
girder,1
berth,1
bilgewater,1
awoke,1
cabrank,1
scoop,1
tobin,1
morpheus,1
amazing,1
virulent,1
doublebarrelled,1
tolerably,1
beggarly,1
stiver,1
shipping,1
_au,1
fait_,1
worthington,1
palmoil,1
fagend,1
_cum_,1
_soirée_,1
boisterously,1
seacook,1
redoubtable,1
grievance,1
forcible,1
philippic,1
dissertation,1
levy,1
surplus,1
everard,1
navan,1
_crescendo_,1
monopolise,1
japs,1
lookin,1
brummagem,1
tendon,1
_finale_,1
navigator,1
undismayed,1
peeve,1
foregoing,1
truism,1
douche,1
irately,1
jumper,1
blemishe,1
corroborate,1
mullins,1
irascible,1
recrimination,1
poohpooh,1
egregious,1
balderdash,1
pend,1
cognisant,1
quixotic,1
relevant,1
amour,1
licensee,1
rumoure,1
lookeron,1
goby,1
blither,1
felonsetting,1
offchance,1
dannyman,1
wrongdoing,1
propensity,1
postnuptial,1
_liaison_,1
fitz,1
perpetrator,1
reliably,1
pseudo,1
transparently,1
temperamental,1
economising,1
snapp,1
congenial,1
offender,1
umbrage,1
muchinjured,1
eventempered,1
deviate,1
timorous,1
impeachment,1
entreaty,1
glean,1
_ex,1
quibus_,1
noncommittal,1
convers,1
_christus_,1
_secundum,1
carnem_,1
distressful,1
goodwill,1
superiority,1
intolerance,1
absurdity,1
vernacular,1
endors,1
overwhelmingly,1
hocuspocus,1
remotely,1
combativeness,1
punctilio,1
audibly,1
import,1
imbue,1
juggle,1
rata_,1
tidysized,1
niggard,1
300,1
feasible,1
ubi,1
patria_,1
smattering,1
_alma,1
vita,1
bene_,1
untastable,1
synopsis,1
burrow,1
tem,1
expend,1
recoup,1
_faubourg,1
patrice_,1
crosstemper,1
orgy,1
homelife,1
furtively,1
consternation,1
brilliantly,1
o’callaghan,1
halfcrazy,1
faddist,1
vagary,1
doing,1
mallon,1
amenable,1
amendment,1
subpœnae,1
pointedly,1
morality,1
veneer,1
grundy,1
terribly,1
welltailored,1
filip,1
impropriety,1
bootstrap,1
unlookedfor,1
uncommon,1
repay,1
galaxy,1
coalminer,1
scavenger,1
microscope,1
experiences_,1
shelter_,1
graphic,1
rebus,1
aimlessly,1
allembracing,1
boyes,1
tokio,1
200,1
✠.,1
’92,1
capt.,1
marshall,1
hugo_,1
ribband,1
sendoff,1
_this,1
morning__,1
newbridge,1
obsequie,1
out_,1
164,1
patk.,1
jno.,1
solr,1
eatondph,1
1/8,1
ador,1
dorador,1
douradora_,1
edw.,1
m’c,1
others_,1
boom_,1
nervousness,1
howler,1
misprint,1
flabbergast,1
misnomer,1
leisure,1
rightaway,1
thrale_,1
braime,1
cleverly,1
bremond,1
halfbaked,1
eminently,1
guesswork,1
_return,1
parnell_,1
abscond,1
boer,1
tarbarrel,1
unlikely,1
inadvisable,1
pneumonia,1
widespread,1
distressed,1
_alice,1
thou_,1
aliase,1
redeem,1
understudy,1
_rôle_,1
auspicious,1
_thank,1
you_,1
shillyshally,1
credential,1
claimant,1
_bella_,1
bellew,1
_excuse,1
so_,1
commonplace,1
amusingly,1
_entourage_,1
arouse,1
interven,1
climax,1
evildisposed,1
encompass,1
sensational,1
packed,1
electrify,1
lubric,1
sequel,1
poser,1
_farewell,1
captain_,1
dragoon,1
peculiar,1
carve,1
adherent,1
fabled,1
upsetting,1
applecart,1
muddle,1
deadman,1
ramhead,1
scilly,1
astonished,1
womanhood,1
madrid_,1
premier,1
donna_,1
remarkable,1
ensemble,1
developmentally,1
puritanisme,1
thievery,1
bandez,1
figne,1
toi,1
trop,1
wherea,1
_embonpoint_,1
soiling,1
_sic_,1
appropriately,1
lindley,1
_distingué_,1
impulsive,1
makebelieve,1
lifelong,1
slur,1
gutterpress,1
golfer,1
aboveboard,1
fated,1
compromise,1
loophole,1
cohabite,1
proctor,1
quash,1
ignore,1
uncrowned,1
_fracas_,1
notoriously,1
printing,1
appellative,1
typecase,1
scurrilous,1
facile,1
o’brienite,1
shillyshallyr,1
discomfiture,1
pedestal,1
hullaballoo,1
congregate,1
celerity,1
instill,1
_aplomb_,1
sir_,1
immoderately,1
erring,1
forgiveness,1
aggrieved,1
sceptical,1
upshot,1
_liaisons_,1
infatuation,1
blessedness,1
_conditio,1
sine,1
lodestar,1
courtship,1
misse,1
triweekly,1
complimentpplay,1
choc,1
homeless,1
stepmother,1
substantial,1
eggflip,1
unadulterated,1
humpty,1
dumpty,1
unwrinkle,1
astound,1
_quasi_,1
aspirant,1
retrospect,1
ultra,1
dictum,1
trend,1
twite,1
inculcate,1
backtothelander,1
pugnacious,1
propaganda,1
entail,1
foregone,1
crux,1
misguidedly,1
standoffish,1
eschew,1
hidebound,1
shakedown,1
trivet,1
proviso,1
grasswidower,1
equivocal,1
sixchamber,1
anecdote,1
verg,1
largesized,1
betweenwhile,1
accompaniment,1
_passim_,1
repartee,1
carrick,1
somewhereaboututs,1
digging,1
sailing,1
utopian,1
b’s,1
billing,1
cadogan,1
cabdriver,1
announcement,1
anthony,1
macdonnell,1
euston,1
greenish,1
seafarer,1
porthole,1
arabian,1
entertainment_,1
_red,1
she._,1
iremonger,1
nott,1
ire,1
manifestly,1
glumly,1
outstay,1
confectionery,1
_séance_,1
poorly,1
neverfailing,1
idiom,1
sinewless,1
stoning,1
constituency,1
ratt,1
belaud,1
amateur,1
wagnerian,1
confessedly,1
_huguenots_,1
_seven,1
cross_,1
_twelfth,1
mass_,1
revell,1
sankey,1
_bid,1
be_,1
virtuosos,1
_virtuosi_,1
_martha_,1
_penchant_,1
_par,1
excellence_,1
m’appari_,1
lutenist,1
dowland,1
_an,1
ludendo,1
hausi,1
doulandus_,1
dolmetsch,1
farnaby,1
_dux_,1
_comes_,1
byrd,1
tomkins,1
swingchain,1
paven,1
celebrity,1
thereupon,1
grouping,1
fourwalker,1
hipshaker,1
blackbuttocker,1
taildangler,1
headhanger,1
wisely,1
noodly,1
distill,1
anend,1
distract,1
manœuvr,1
media,1
res_,1
insatiable,1
hankering,1
fingall,1
_youth,1
end_,1
jans,1
pieter,1
sweelinck,1
dutchman,1
frow,1
_johannes,1
jeep_,1
der,1
sirenen,1
listigkeit,1
poeten,1
dichten,1
_extempore_,1
phenomenally,1
rarest,1
_entrée_,1
residential,1
gentlemanly,1
infallibly,1
tyro,1
sartorial,1
militate,1
_conversaziones_,1
pecuniary,1
tuition,1
parenthesise,1
lucre,1
monetarily,1
muchneeded,1
latterly,1
deteriorate,1
conventional,1
hackneyed,1
catchy,1
foist,1
ivan,1
austell,1
hilton,1
_genus,1
omne_,1
backerup,1
_if_,1
impetus,1
obviate,1
procrastination,1
fêted,1
detract,1
iota,1
desirous,1
derogatory,1
_fool,1
angels_,1
disparage,1
pretext,1
deprecate,1
sidelight,1
feathering,1
quota,1
turd,1
crupper,1
scythed,1
schiffe,1
brücken,1
maher_,1
car_,1
disparate,1
diametrically,1
subtend,1
duumvirate,1
itinerary,1
prostitution,1
dustbucket,1
celibacy,1
maleficent,1
presabbath,1
plastic,1
insular,1
cisatlantic,1
transatlantic,1
indurate,1
tenacity,1
heterodox,1
obtund,1
heterosexual,1
selfhelp,1
covertly,1
rectification,1
anachronism,1
druidism,1
calpornus,1
potitus,1
odyssus,1
432,1
leary,1
260,1
macart,1
266,1
deglutition,1
interre,1
rossnaree,1
ascribe,1
inanition,1
adulteration,1
alcoholic,1
accelerate,1
relaxing,1
reapparition,1
longwood,1
uppercross,1
prospective,1
separately,1
sequence,1
regressively,1
restriction,1
converse,1
interindividual,1
inexistence,1
nonexistence,1
housestep,1
equidifferent,1
corresponding,1
irritated,1
premeditatedly,1
stratagem,1
resting,1
selfweighing,1
froedman,1
pharmaceutical,1
ascension,1
bissextile,1
sixtyfour,1
mohammadan,1
epact,1
dominical,1
indiction,1
6617,1
mcmiv,1
uninjure,1
uninjured,1
concuss,1
latch,1
flange,1
fulcrum,1
retarded,1
subadjacent,1
ventcock,1
quiescent,1
candescence,1
portable,1
discrete,1
gasflame,1
semicircular,1
fanlight,1
hinge,1
crevice,1
extinguish,1
expiration,1
spoonseat,1
hearthstone,1
crosslaid,1
resintipp,1
polygon,1
abram,1
m’donald,1
infirmary,1
godmother,1
62,1
physics,1
delia,1
housebell,1
athwart,1
smallsized,1
unattach,1
consecutively,1
rectangle,1
lisle,1
enamell,1
faucet,1
roundwood,1
cubic,1
2400,1
percolate,1
subterranean,1
aqueduct,1
filter,1
pipeage,1
linear,1
downs,1
callowhill,1
stillorgan,1
250,1
overflow,1
surveyor,1
spencer,1
harty,1
impotable,1
convict,1
wastage,1
detriment,1
selfsupport,1
taxpayer,1
waterlover,1
universality,1
democratic,1
vastness,1
mercator,1
projection,1
unplumbed,1
sundam,1
trench,1
pacific,1
8000,1
restlessness,1
seaboard,1
independence,1
variability,1
hydrostatic,1
quiescence,1
hydrokinetic,1
turgidity,1
neap,1
subsidence,1
devastation,1
circumpolar,1
icecap,1
arctic,1
antarctic,1
climatic,1
preponderance,1
hegemony,1
subequatorial,1
tropic,1
multisecular,1
stability,1
luteofulvous,1
erosion,1
downwardtending,1
alluvial,1
density,1
tarn,1
torrid,1
zone,1
vehicular,1
lakecontained,1
confluent,1
oceanflow,1
tributary,1
transoceanic,1
equatorial,1
seaquake,1
waterspout,1
artesian,1
eruption,1
eddie,1
freshet,1
spate,1
groundswell,1
watersheds,1
waterparting,1
geyser,1
cataract,1
maelstrom,1
inundation,1
circumterrestrial,1
ahorizontal,1
secrecy,1
humidity,1
rhabdomantic,1
hygrometric,1
saturation,1
simplicity,1
buoyancy,1
penetrativeness,1
runnel,1
gully,1
vegetation,1
infallibility,1
paradigm,1
paragon,1
sleet,1
hydrant,1
bight,1
atoll,1
fjord,1
minch,1
estuary,1
solidity,1
glacier,1
icefloe,1
docility,1
millwheel,1
turbine,1
bleachworks,1
scutchmill,1
utility,1
navigable,1
graving,1
derivable,1
watercourse,1
submarine,1
anacoustic,1
photophobe,1
numerically,1
noxiousness,1
effluvia,1
lacustrine,1
pestilential,1
fen,1
halffilled,1
stillflow,1
lemonflavour,1
neverchanging,1
redborder,1
hydrophobe,1
submersion,1
distrust,1
prophylactic,1
thoracic,1
epigastric,1
thenar,1
incompatibility,1
erratic,1
didactic,1
protein,1
ling,1
firstnamed,1
predominant,1
abandonment,1
recuperation,1
ebullition,1
updraught,1
ignition,1
precombustible,1
polyhedral,1
bituminous,1
foliate,1
fossilise,1
decidua,1
vegetative,1
primal,1
omnipresent,1
luminiferous,1
diathermanous,1
convect,1
calorification,1
radiate,1
unpolished,1
expressible,1
expenditure,1
72,1
thermal,1
212,1
accomplishment,1
falciform,1
ejection,1
intentionally,1
agglutinated,1
incustomary,1
fresher,1
premonition,1
reread,1
relather,1
fraught,1
incision,1
precision,1
humect,1
heliotherapy,1
psychophysicoherateraterateraterateraterateraterat,1
osteopathic,1
surgery,1
uninverted,1
goldrimmed,1
conglomerated,1
halfempty,1
gilbey,1
canister,1
crystallise,1
bisect,1
crockery,1
soure,1
adulterate,1
acidulous,1
semisolidified,1
subtract,1
ribsteak,1
jamjar,1
provenience,1
polygonal,1
numbered,1
87,1
corrugated,1
preindicative,1
definitive,1
dispens,1
restitute,1
_national,1
prediction,1
qualifying,1
variably,1
acoustic,1
counterestimt,1
disappoint,1
infusion,1
ingredient,1
supererogatory,1
relinquish,1
symposiarchal,1
extraordinarily,1
viscous,1
ordinarily,1
jocoserious,1
massproduct,1
reparation,1
fissure,1
presentable,1
initiation,1
cerebration,1
frequentative,1
glossary,1
1877,1
_shamrock_,1
condescend,1
anagram,1
ellpodbomool,1
molldopeloob,1
bollopedoom,1
ollebo,1
acrostic,1
abbreviation,1
fixture,1
_sinbad,1
sailor_,1
shelton,1
greenleaf,1
whittier,1
scenery,1
hicks,1
ballet,1
noir,1
harlequinade,1
principal,1
oscillation,1
1820,1
1837,1
posticipate,1
highnesses,1
thirdly,1
hawkins,1
fourthly,1
fifthly,1
selection,1
music and,1
_everybody,1
jokes_,1
sixthly,1
homophonous,1
cacophonous,1
tallon,1
solicitorgeneral,1
plunket,1
1936,1
initially,1
ratio,1
disparity,1
1883,1
374,1
38,1
646,1
1952,1
postdiluvian,1
1190,1
714,1
221,1
methusalah,1
969,1
3072,1
833000,1
813966,1
b.c,1
nullify,1
cessation,1
inauguration,1
extermination,1
impredictable,1
preexist,1
lilacgarden,1
medina,1
salutation,1
coffeeroom,1
breslin,1
sincere,1
appreciatively,1
1891,1
informant,1
propel,1
convalescent,1
onelensed,1
binocular,1
unrecognisable,1
pneumatic,1
tandem,1
landaus,1
dogcart,1
ponytrap,1
rondel,1
quadruped,1
precipitous,1
responsiveness,1
catarrhal,1
deafness,1
colza,1
intermittently,1
sedentary,1
ringweight,1
abnormally,1
racial,1
reticence,1
parentage,1
transubstantial,1
karoly,1
christina,1
grier,1
gilmer,1
fitzpatrick,1
swords,1
stoom,1
blephen,1
matriculation,1
fluctuate,1
individually,1
cogitate,1
supine,1
revolutionary,1
aeronautic,1
parachute,1
siphon,1
winch,1
principally,1
kindergarten,1
popgun,1
airbladder,1
kaleidoscope,1
aries,1
pisces,1
orrery,1
zoological,1
globemap,1
historically,1
1d,1
unexploited,1
triliteral,1
monoideal,1
vertically,1
visibility,1
horizontally,1
legibility,1
decipher,1
magnetise,1
convince,1
non-compo,1
barclay,1
bacilikil,1
veribest,1
blacking,1
uwantit,1
twoblade,1
nailfile,1
pipecleaner,1
meatpot,1
peatmot,1
trumplee,1
moutpat,1
plamtroo,1
deduce,1
conduce,1
ideat,1
reconstruct,1
unstated,1
monkshood,1
selfadminister,1
neuralgic,1
10.20,1
3.15,1
homonymity,1
plums_,1
unnarrate,1
existent,1
implication,1
hero_,1
_procrastination,1
time_,1
schoolyear,1
pedagogic,1
heblon,1
_studies,1
blue_,1
solvency,1
augurative,1
solstice,1
sunrise,1
3.33,1
8.29,1
dominos,1
halma,1
tiddledywink,1
spilikin,1
twentyfive,1
backgammon,1
darning,1
policeaid,1
scrivenery,1
biweekly,1
pleasingly,1
divan,1
infrequent,1
preventive,1
respectability,1
lastmentioned,1
disoccupied,1
hieroglyphics,1
quebec,1
complication,1
external,1
epistolary,1
calligraphy,1
encaustic,1
corrosive,1
coppera,1
nutgall,1
phonetically,1
mendacious,1
parallelism,1
counterbalance,1
explanatorily,1
ridicule,1
misgiving,1
reremember,1
rerepeat,1
implicate,1
selfinterest,1
postexilic,1
_more,1
nebukim_,1
perplexed,1
rabbinical,1
anapocryphal,1
bartholdy,1
composer,1
baruch,1
mendoza,1
ferdinand,1
lassalle,1
duellist,1
modulation,1
_suil,1
arun,1
siocair,1
agus,1
cuin_,1
kifeloch,1
harimon,1
rakatejch,1
millide,1
baad,1
l’zamatejch_,1
glyphic,1
phonic,1
substantiation,1
oral,1
juxtaposition,1
entituled,1
manipulate,1
mem,1
qoph,1
ordinal,1
accidence,1
syntax,1
vocabulary,1
diacritic,1
epenthetic,1
shinar,1
242,1
fenius,1
farsaigh,1
heber,1
heremon,1
archaeological,1
hagiographical,1
exegetical,1
homiletic,1
toponomastic,1
rabbis,1
talmud,1
mischna,1
ghemara,1
massor,1
pentateuch,1
kells,1
dispersal,1
isolation,1
synagogical,1
ghetto,1
masshouse,1
proscription,1
restoration,1
chanah,1
autonomy,1
devolution,1
ethnically,1
irreducible,1
kolod,1
balejwaw,1
pnimah,1
nefesch,1
jehudi,1
homijah,1
distich,1
periphrastic,1
simplification,1
traceable,1
epigraphic,1
hieroglyph,1
stenography,1
telegraphic,1
cuneiform,1
inscription,1
semitic,1
virgular,1
quinquecostate,1
ogham,1
comply,1
append,1
auditive,1
unfamiliar,1
predestination,1
quasisimultaneous,1
quasisensation,1
visually,1
damascenus,1
lentulus,1
romanus,1
epiphanius,1
monachus,1
leucodermic,1
sesquipedalian,1
auditively,1
ecstasy,1
anglican,1
nonconformist,1
rufus,1
shakespearean,1
wyndham,1
comedian,1
osmond,1
tearle,1
modulate,1
allied,1
reassuringly,1
decoct,1
subsolid,1
residual,1
sediment,1
unmixed,1
unbroken,1
lilywhite,1
unsmile,1
commentary,1
immolate,1
conservation,1
incitation,1
hierarchy,1
veridicity,1
retaliation,1
sporadic,1
reappearance,1
atavistic,1
mitigating,1
fanaticism,1
immune,1
indefinite,1
heatless,1
unheated,1
cognate,1
rename,1
socks,1
moneypenny,1
tloo,1
ancestry,1
hauptmann,1
hainau,1
endemic,1
conversely,1
frontal,1
adolescence,1
relegate,1
skippingrope,1
elsa,1
potter,1
15th,1
portend,1
valerian,1
neckarching,1
uncommented,1
waterring,1
locus,1
mousewatching,1
combatant,1
earwash,1
unspoken,1
unremembered,1
tumblerful,1
hearthdream,1
oviparous,1
aerial,1
imbalsamation,1
pendulum,1
wheelgear,1
regulator,1
clockwise,1
moveable,1
unmove,1
exactitude,1
_videlicet_,1
5/11,1
porcelain,1
attentive,1
thousandth,1
diambulist,1
noctambulist,1
extemporised,1
extemporisation,1
seclusion,1
disintegration,1
pronunciation,1
permanent,1
reconciliatory,1
polysyllabic,1
inchoate,1
corollary,1
consequently,1
explanatory,1
inexplicably,1
amicability,1
counterpropposals,1
restate,1
reaccept,1
ratify,1
reconfirm,1
instructress,1
static,1
semistatic,1
_ship_,1
bisection,1
problematic,1
selfexcluding,1
irreparability,1
intuitive,1
auditorium,1
exhilarate,1
imprevidibility,1
notche,1
charlemont,1
circuitous,1
frustration,1
depress,1
critical,1
turningpoint,1
perfectible,1
eliminate,1
generic,1
integral,1
alimentary,1
sustenance,1
menstruation,1
mine,1
criminality,1
decimate,1
catastrophic,1
cataclysm,1
basis,1
upheaval,1
densely,1
populate,1
dejection,1
syllogistically,1
micro,1
macrocosm,1
substantially,1
inhabitation,1
diaconal,1
intonation,1
_secreto_,1
113th,1
_modus,1
peregrinus,1
exitu,1
israël,1
egypto,1
domus,1
populo,1
barbaro_,1
nightblue,1
demonstration,1
vaster,1
perigee,1
lattiginous,1
scintillate,1
uncondensed,1
5000,1
sirius,1
canis,1
lightyear,1
"570000,000000",1
arcturus,1
precession,1
equinox,1
orion,1
sextuple,1
theta,1
nascent,1
parallactic,1
evermove,1
immeasurably,1
threescore,1
parenthesis of,1
brevity,1
obverse,1
geological,1
stratification,1
entomological,1
organic,1
removable,1
bacilli,1
trillion,1
cohesion,1
molecular,1
pinhead,1
continuity,1
redivisible,1
divisor,1
precise,1
compute,1
accuracy,1
quire,1
ream,1
requisition,1
integer,1
nucleus,1
succinctly,1
elaboration,1
inhabitability,1
intensity,1
demarcation,1
troposphere,1
stratosphere,1
vertigo,1
adaptable,1
anatomically,1
martian,1
veneral,1
jovian,1
saturnian,1
neptunian,1
uranian,1
apogean,1
inalterably,1
inalienably,1
walsingham,1
annular,1
cincture,1
saturn,1
condensation,1
nebulae,1
interdependent,1
synchronous,1
marius,1
piazzi,1
verrier,1
herschel,1
galle,1
systematisation,1
bode,1
kepler,1
compressibility,1
hirsute,1
elliptical,1
egressive,1
reentrant,1
perihelion,1
aphelion,1
sidereal,1
astroscopist,1
lawrence,1
dominate,1
generate,1
amalgamation,1
incandescence,1
nonluminous,1
exsun,1
neversett,1
corona,1
septentrionalis,1
effectively,1
andromeda,1
auriga,1
emersion,1
abatement,1
taciturnity,1
emergence,1
crepuscular,1
persistence,1
heavengrot,1
heavenbeast,1
heavenman,1
utopia,1
renderable,1
apposition,1
mobility,1
illusory,1
immobilise,1
remobilise,1
convinced,1
indubitably,1
frenzy,1
frigidity,1
astrological,1
confutation,1
nomenclature,1
selenographical,1
attributable,1
verifiable,1
fallacious,1
fecundity,1
tellurian,1
predominance,1
satellitic,1
dependence,1
invariability,1
indeterminate,1
inaffirmative,1
effluent,1
enamour,1
inscrutability,1
terribility,1
propinquity,1
omen,1
tempest,1
arid,1
paraffin,1
aungier,1
elucidate,1
denote,1
verbal,1
theirhisnothis,1
fellowface,1
indefinitely,1
inactive,1
instigation,1
urinate,1
contiguous,1
micturition,1
reciprocally,1
circumposition,1
semiluminous,1
sequent,1
urination,1
irruent,1
bifurcate,1
alphabetical,1
210,1
sibilant,1
diuretic,1
insistent,1
vesical,1
collateral,1
irritability,1
reactivity,1
sanitariness,1
pilosity,1
sacerdotal,1
integrity,1
unnecessary,1
calcata,1
hyperduly,1
latria,1
abscission,1
excrescence,1
firmament,1
vega,1
lyre,1
stargroup,1
tress,1
berenice,1
remainer,1
departer,1
arruginate,1
unstable,1
spasmodically,1
obsolescent,1
unhinged,1
valedictory,1
disunion,1
excipiat,1
heavenborn,1
freezing,1
zero,1
centigrade,1
réaumur,1
bellchime,1
handtouch,1
lonechill,1
modder,1
kane,1
accidental,1
pyemia,1
hart,1
misericordiae,1
disparition,1
diurnal,1
mizrach,1
paraphenomena,1
wayfarer,1
resurgent,1
retraver,1
reclose,1
suspiration,1
reassume,1
reascend,1
reapproach,1
temporal,1
cranium,1
translocate,1
compactly,1
furl,1
walnut,1
momentarily,1
advantageous,1
majolicatopp,1
repell,1
centralise,1
splayfoot,1
similitude,1
supermanence,1
cadby,1
musicrest,1
clifton,1
bingham,1
antoinette,1
libitum,1
forte_,1
_animato_,1
_ritirando_,1
rotation,1
contused,1
downturn,1
rugfringe,1
sensibility,1
proceeding,1
superficially,1
candleflame,1
rutilance,1
unconsumed,1
truncate,1
conical,1
striate,1
4.46,1
1896,1
glacial,1
arborescence,1
bellshade,1
interchange,1
giltborder,1
pierglass,1
undecorated,1
compassionate,1
compassionated,1
asymmetrical,1
procreatrix,1
senility,1
procreator,1
improperly,1
scintillating,1
bookshelve,1
catalogue,1
directory_,1
_poetical,1
works_,1
beechleaf,1
_works_,1
goldtool,1
reckoner_,1
guide_,1
wrapper,1
boys_,1
217,1
spinoza_,1
heavens_,1
_three,1
madagascar_,1
letters_,1
conan,1
106,1
whitsun,1
overdue,1
letternumber,1
viator,1
talmud_,1
lockhart,1
napoleon_,1
annotation,1
minimise,1
aggrandise,1
protagonist,1
soll,1
haben_,1
gustav,1
freytag,1
gothic,1
war_,1
gumm,1
verso,1
allingham,1
trefoil,1
recto,1
astronomy_,1
letterpress,1
footnote,1
nonpareil,1
pica,1
christ_,1
sun_,1
intestation,1
geometry_,1
ignat,1
engliſh,1
knaplock,1
biſhop,1
mdccxi,1
dedicatory,1
epiſtle,1
cox,1
eſquire,1
calligraph,1
certifying,1
1822,1
requeſt,1
perſon,1
loſt,1
aſtray,1
reſtore,1
dufery,1
enniſcorthy,1
fineſt,1
reversion,1
incuneate,1
insecurity,1
war._,1
inelastic,1
collapsible,1
incrispated,1
convergence,1
circumference,1
umbilicular,1
fossicle,1
mammary,1
prominence,1
unbrace,1
circumjacent,1
cicatrice,1
infracostal,1
imprecisely,1
insensible,1
prurition,1
abluted,1
debit,1
1—6,1
memoriam,1
0—5—0,1
0—0—7,1
1—0,1
0—0—2,1
2—0,1
2—8,1
1—7—0,1
0—16,1
4—9,1
recd,1
1—7—6,1
—0,1
footsole,1
laceknot,1
effract,1
unclothed,1
margin,1
genuflection,1
ambitious,1
coalesc,1
gavelkind,1
perpetuity,1
perche,1
turbary,1
baronial,1
gatelodge,1
terracehouse,1
semidetach,1
_rus,1
urbe_,1
sana_,1
bungalowshaped,1
dwellinghouse,1
southerly,1
surmount,1
vane,1
doorbrass,1
stucco,1
tracery,1
eave,1
gable,1
unoccupyable,1
interjacent,1
houselight,1
quickset,1
hornbeam,1
topiary,1
periphery,1
phthisical,1
feefarm,1
999,1
baywindow,1
thermometer,1
sittingroom,1
tile,1
wallpress,1
sectional,1
bookcase,1
encyclopaedia,1
britannica,1
vulcanite,1
receiver with,1
handtuft,1
axminster,1
trellis,1
loo,1
firebrass,1
ormolu,1
mantel,1
chronometer,1
hygrographic,1
settee,1
fitment,1
springing,1
cuspidor,1
winecoloured,1
renewable,1
minimum,1
pyramidically,1
bentwood,1
fingertame,1
expurgate,1
swag,1
carmine,1
continuous,1
cleargrain,1
riser,1
newel,1
baluster,1
handrail,1
steppedup,1
dado,1
camphorate,1
bathroom,1
mezzanine,1
opaque,1
singlepane,1
tipup,1
bracket,1
tierod,1
armrest,1
oleograph,1
hygienic,1
betweenmaid,1
biennial,1
unearn,1
increment,1
comprehensive,1
fidelity,1
bonus,1
refrigerator,1
outoffice,1
cellarage,1
winebin,1
monoxide,1
fives,1
rockery,1
waterspray,1
flowerbed,1
grassplot,1
chrome,1
scilla,1
crocuse,1
polyanthus,1
mackey,1
retail,1
nurserymen,1
sackville,1
orchard,1
vinery,1
illegal,1
glasstopp,1
lumbershed,1
padlock,1
inventory,1
eeltrap,1
lobsterpot,1
fishingrod,1
steelyard,1
grindstone,1
clodcrusher,1
swatheturner,1
carriagesack,1
haytedder,1
billhook,1
paintpot,1
hoe,1
rabbitry,1
fowlrun,1
conservatory,1
laburnum,1
exotically,1
harmonically,1
gatebell,1
lateral,1
gatepost,1
waterbutt,1
grassbox,1
lawnsprinkler,1
citybound,1
countrybound,1
chainless,1
basketcar,1
phaeton,1
solidungular,1
roan,1
gelding,1
erigible,1
allwool,1
wateringcan,1
align,1
syringing,1
staking,1
hayseed,1
weedladen,1
newmown,1
ameliorate,1
longevity,1
syllabus,1
folklore,1
superstitious,1
recreation,1
fieldwork,1
cycling,1
macadamise,1
ascent,1
natation,1
unmolested,1
boating,1
curricle,1
kedge,1
estivation,1
vespertinal,1
equestrian,1
circumprocession,1
contrastingly,1
cottager,1
peat,1
turve,1
hibernation,1
unexpurgated,1
carpentry,1
toolbox,1
awl,1
tintack,1
bullnose,1
turnscrew,1
stripper,1
upland,1
farming,1
pulper,1
hierarchical,1
groundsman,1
cultivator,1
semper,1
paratus_,1
_honoris,1
causa_,1
bloomville,1
undue,1
rigour,1
dispensation,1
incessantly,1
rearrang,1
unbiassed,1
homogeneous,1
mitigant,1
exactable,1
uttermost,1
confiscation,1
maintenance,1
repression,1
traverser,1
covin,1
contravention,1
bylaw,1
resuscitator,1
larceny,1
venville,1
desuetude,1
orotund,1
instigator,1
perpetuator,1
menial,1
molestor,1
conviviality,1
recalcitrant,1
connubiality,1
tenet,1
israelitic,1
1865,1
abjure,1
catholicism,1
epoch,1
magrane,1
1882,1
colonial,1
evolutionary,1
descent,1
species_,1
adherence,1
lalor,1
fisher,1
mitchel,1
x.,1
agrarian,1
constitutional,1
midlothian,1
demonstrative,1
torchbearer,1
120,1
2000,1
ripon,1
morley,1
acclimatised,1
nationalise,1
stateaided,1
1874,1
1/6,1
giltedged,1
1200,1
estimate,1
1/3,1
800,1
repayable,1
quarterly,1
amortisation,1
rental,1
64,1
headrent,1
titledeed,1
clause,1
foreclosure,1
compensation,1
occupier,1
expiry,1
insecure,1
furlong,1
2.59,1
monetary,1
postage,1
schilling,1
imperforate,1
hamburg,1
1855,1
rouletted,1
diagonal,1
surcharge,1
luxemburg,1
1878,1
dynastical,1
incendiated,1
flotsam,1
jetsam,1
lagan,1
comestible,1
donation,1
banking,1
50000000,1
stg,1
inconsiderate,1
contractee,1
consignment,1
8d,1
1s,1
2s,1
10000000,1
acquirable,1
industrial,1
reclamation,1
arenary,1
cultivation,1
plantation,1
reafforestation,1
utilisation,1
annually,1
cancell,1
lbs.,1
438860035,1
census,1
formulate,1
exploitation,1
hydroelectric,1
powerscourt,1
catchment,1
500000,1
peninsular,1
foreland,1
golf,1
rifle,1
asphalted,1
casino,1
shooting,1
boardinghouse,1
readingromom,1
dogvan,1
goatvan,1
petrolpropelelled,1
riverboat,1
fluvial,1
fairway,1
navigation,1
trilingual,1
traffics,1
weedbed,1
43,1
lancashire,1
londonderry,1
laird,1
morecambe,1
steamers,1
docks,1
sheds,1
steamship,1
belgium,1
underwriter,1
mileage,1
apodosis,1
voucher,1
financier,1
morgan,1
rockefeller,1
amass,1
goldseam,1
axiom,1
renovate,1
justification,1
physicist,1
2/7,1
physiologist,1
placation,1
somnolence,1
committal,1
incommensurable,1
categorical,1
extraneous,1
accretion,1
efficient,1
congruous,1
unlock,1
diagram,1
drawing,1
papli_,1
globular,1
representation,1
mizpah_,1
sender,1
+,1
comerford,1
versicle,1
_may,1
glee_,1
liquefy,1
sealing,1
ltd.,1
91,1
pennib,1
sandglass,1
unseal,1
2004,1
6d,1
pee,1
comma,1
aitch,1
flourishe,1
scarfpin,1
transliterate,1
alphabetic,1
boustrophedonic,1
punctate,1
quadrilinear,1
cryptogram,1
igs,1
./,1
wi.,1
uu.,1
oks.,1
mh,1
_modern,1
society_,1
chastisement,1
1899,1
creamlaid,1
feintruled,1
watermark,1
assorted,1
lowpower,1
buccal,1
abject,1
renovation,1
whiteley,1
exerciser,1
biceps,1
coventry,1
accompanying,1
thaumaturgic,1
outlay,1
sultry,1
naval,1
absentmind,1
campaign,1
josephine,1
exercising,1
mercenary,1
paula,1
intestate,1
25,1
430,1
462,1
-0,1
paidup,1
299,1
133,1
/c,1
halfyear,1
depositor,1
personalty,1
inscribe,1
cemeteries,1
graveplot,1
52,1
indistinct,1
1852,1
stefan,1
szesfehervar,1
haggadah,1
hornrimmed,1
leopold_,1
_das,1
herz,1
gott,1
dein_,1
melancholia,1
unkempt,1
palliative,1
recrudescent,1
neuralgia,1
septuagenarian,1
immature,1
disrespect,1
fleshmeat,1
hebdomadary,1
incoordinately,1
perfervidly,1
concrete,1
mercantile,1
coexreligionist,1
excompatriot,1
circumcision,1
judaic,1
ineffability,1
tetragrammaton,1
theresia,1
consultation,1
affiliate,1
idiosyncracy,1
voraciously,1
accessible,1
senescence,1
myopic,1
eructation,1
scrip,1
elimination,1
unreal,1
helotic,1
jewellery,1
recovery,1
fraudulent,1
bankrupt,1
asset,1
distributor,1
sycophant,1
marfeast,1
lickplate,1
spoilsport,1
pickthank,1
laughingstock,1
discard,1
destitution,1
permanently,1
disfranchise,1
ratesupported,1
indignity,1
unsympathetic,1
indifference,1
acceptance,1
latration,1
illegitimate,1
unlicensed,1
toleration,1
impermanent,1
sojourn,1
educe,1
disunite,1
reunite,1
polychrome,1
numeral,1
hachure,1
moher,1
petrified,1
aran,1
shipyard,1
spicegarden,1
damascus,1
parthenon,1
plaza,1
toros,1
niagara,1
impunity,1
eskimos,1
thibet,1
naples,1
septentrional,1
polestar,1
beta,1
externally,1
hypotenuse,1
rightangled,1
meridional,1
bispherical,1
interstice,1
imperfectly,1
occlude,1
carnose,1
negligent,1
perambulate,1
occultation,1
binomial,1
nonentity,1
selfcompellel,1
cometary,1
variable,1
telescopic,1
imperceptibly,1
reluctantly,1
suncompell,1
peregrination,1
estranged,1
avenger,1
crusader,1
unsatisfactory,1
irreversible,1
inertia,1
lateness,1
procrastinatory,1
uncertainty,1
research,1
hotwaterjar,1
calefaction,1
mangling,1
preapprehend,1
accumulate,1
recapitulate,1
intestinal,1
premeditative,1
defecation,1
holie,1
urim,1
thummim,1
melchisedek,1
bookhunt,1
simchath,1
shira,1
shirim,1
troglodyte,1
cardrive,1
eroticism,1
onan,1
82,1
tyrone,1
brawl,1
armageddon,1
atonement,1
selfimposed,1
unforeseen,1
insentient,1
strainvein,1
selfinvolved,1
multiform,1
voluntarily,1
selfevident,1
desultory,1
imperfection,1
disvest,1
acceleration,1
reproduce,1
retardation,1
inodorous,1
halfsilk,1
outsize,1
muratti,1
camisole,1
batiste,1
accordion,1
underskirt,1
moirette,1
lettering,1
impersonal,1
cretonne,1
chinaware,1
ironmongery,1
soapdish,1
brushtray,1
pitcher,1
snakespiral,1
radii,1
adder,1
imprint,1
recook,1
originate,1
sebastian,1
argus,1
bootblack,1
bounder,1
bester,1
frequency,1
inflammably,1
alternate,1
epicene,1
adapt,1
superincumbent,1
piston,1
obtuse,1
inverse,1
decrease,1
incessant,1
radial,1
reentrance,1
reappropriate,1
impulse,1
magnanimity,1
colleagual,1
altruism,1
egoism,1
extraracial,1
intraracial,1
supraracial,1
imminent,1
calamitous,1
cataclysmic,1
theft,1
embezzlement,1
misappropriation,1
betrayal,1
malingering,1
mayhem,1
blackmail,1
arson,1
treason,1
felony,1
mutiny,1
burglary,1
jailbreaking,1
perjury,1
poaching,1
usury,1
impersonation,1
manslaughter,1
premeditated,1
adaptation,1
irreparable,1
matrimonially,1
adulterously,1
assassination,1
artifice,1
simulation,1
selfinflict,1
hushmoney,1
connivance,1
depreciation,1
alienation,1
humiliation,1
separator,1
reactor,1
preordain,1
frangibility,1
presuppose,1
intangibility,1
disproportion,1
selfprolonging,1
selfabbreviating,1
fallaciously,1
infer,1
muscularity,1
transition,1
inversion,1
transitive,1
correlative,1
auxiliary,1
quasimonosyllabic,1
participle,1
complementary,1
seminator,1
vindication,1
inanity,1
extoll,1
nescient,1
apathy,1
converge,1
habitable,1
explore,1
unexplored,1
anterior,1
excretory,1
seminal,1
reminiscent,1
insusceptible,1
contrariety,1
animality,1
antesatisfaction,1
adversion,1
smellow,1
melonous,1
melonsmellonous,1
osculation,1
postsatisfaction,1
velation,1
aversion,1
excitation,1
catechetical,1
wynn,1
36,1
37,1
peccaminous,1
pornographical,1
entitule,1
falsely,1
postcenal,1
aeronautical,1
feat,1
flexibility,1
unalter,1
fertility,1
1870,1
anticipatorily,1
preestablish,1
incomprehension,1
circumscribe,1
inconstant,1
53rd,1
6th,1
meridian,1
longitude,1
equator,1
relatively,1
rereward,1
perpetual,1
neverchang,1
semilaterally,1
gea,1
tellus,1
laterally,1
childman,1
tinbad,1
jinbad,1
jailer,1
whinbad,1
whaler,1
ninbad,1
nailer,1
finbad,1
failer,1
binbad,1
bailer,1
pinbad,1
pailer,1
minbad,1
mailer,1
hinbad,1
hailer,1
rinbad,1
railer,1
dinbad,1
kailer,1
vinbad,1
quailer,1
linbad,1
yailer,1
xinbad,1
phthailer,1
darkinbad,1
brightdayler,1
•,1
miser,1
methylate,1
ailment,1
bathingsuit,1
gabby,1
dring,1
pul,1
dyinglook,1
bandaging,1
bloodpoisoning,1
babbyface,1
pooles,1
myriorama,1
stupoe,1
dignams,1
paper a,1
doz,1
barefaced,1
slove,1
nicelooking,1
frigging,1
bullneck,1
horsecollar,1
vestment,1
richlooking,1
stagedoor,1
squirrel,1
thunderbolt,1
whitefriar,1
halfshut,1
amount of,1
budger,1
jesusjack,1
wallflower,1
standup,1
socialist,1
mixedup,1
i could,1
byrons,1
spinning,1
declaration,1
plabbery,1
glaum,1
grigg,1
10000,1
maybrick,1
downright,1
flypaper,1
madly,1
suede,1
finder,1
aquamarine,1
goodwins,1
botchup,1
lucan,1
gounods,1
maria_,1
tinny,1
kenilworth,1
enquire,1
brazenfaced,1
fete,1
harolds,1
zingari,1
halfturn,1
openwork,1
santisima_,1
dreep,1
sunray,1
freak,1
after with,1
dolphins,1
frostyface,1
respectful,1
messengerboy,1
putoff,1
tattarrattat,1
1/4,1
mallow,1
maryborough,1
3rd,1
exceptional,1
tunnel,1
elope,1
teresas,1
clarendon,1
griffiths,1
pretoria,1
lieut,1
stanley,1
bn,1
lancs,1
rgt,1
enteric,1
oom,1
kruger,1
decently,1
roque,1
firefly,1
tugela,1
mothball,1
marrying,1
washy,1
scrooch,1
hipbone,1
tingating,1
lenehans,1
joult,1
dessert,1
fishslicer,1
manola,1
silkette,1
lewers,1
kidfitt,1
11/6,1
orourkes,1
pancake,1
hogwash,1
antifat,1
overdo,1
chickensoup,1
oshea,1
grantham,1
langtry,1
francois,1
bumgut,1
—e,1
plotter,1
mirada,1
rubbishy,1
burns,1
lees,1
mather,1
scour,1
weddingcake,1
dishcover,1
titty,1
marsala,1
cabbageleaf,1
babyclothe,1
own they,1
surreys,1
comerfords,1
93,1
meadero,1
strumm,1
incarnation,1
citrons,1
studenting,1
frseeeeeeeefronnnng,1
sweeeetsonnnng,1
levanter,1
3 rock,1
wo,1
gib,1
concone,1
scrumptious,1
your father,1
affly,1
bullfight,1
matador,1
gomez,1
banderillero,1
toro,1
theyre dead,1
moonstone,1
wilkie,1
lynne,1
lytton,1
aram,1
hungerford,1
flander,1
shoplift,1
fattish,1
mosquito,1
taiteer,1
peculiarly,1
guiiiide,1
toooo,1
speeee,1
sprague,1
bugle,1
reveille,1
messtin,1
longbearded,1
jellibee,1
levite,1
rorkes,1
garnet,1
wolseley,1
khartoum,1
everytime,1
bushmills,1
aheah,1
hotchapotch,1
dwenn,1
pisto,1
madrileno,1
architect,1
goodhumour,1
gillespie,1
piannyer,1
neumonia,1
floeys,1
bereavement,1
symph̸athy,1
new̸phew,1
loveletter,1
jilt,1
letterwriter,1
precipat,1
precipitancy,1
affirmatively,1
ashpit,1
horquilla,1
disobliging,1
domineer,1
atlantic,1
carabinero,1
majestad,1
bodice,1
sweetlike,1
miguel,1
peseta,1
perragorda,1
cappoquin,1
rockgun,1
oharas,1
inces,1
casemate,1
michaels,1
icicle,1
plotch,1
malta,1
ricestraw,1
newness,1
embarazada,1
ines,1
limesalt,1
torment,1
rrrsssstt,1
awokwokawok,1
benady,1
guardhouse,1
burialplace,1
calypso,1
briggs,1
brig,1
ramsbottom,1
lunita,1
laredo,1
williss,1
rubios,1
spyglass,1
atlas,1
despagne,1
claddagh,1
sandfrog,1
cleanshaven,1
frseeeeeeeeeeeeeeeeeeeefrong,1
deaead,1
beyondre,1
oer,1
istsbeg,1
sooooooooooong,1
squealer,1
theother,1
sparrowfart,1
homemade,1
bootmaker,1
bandnight,1
mightnt,1
snotty,1
loooove,1
ladys,1
moated,1
grange,1
choirstair,1
sweeeee,1
pianissimo,1
eeeee,1
queerlooking,1
icy,1
skeet,1
sierra,1
dabb,1
gabber,1
leck,1
blancmange,1
scrag,1
coalboxe,1
stirrup,1
longnosed,1
spying,1
blowy,1
annoying,1
bream,1
catalan,1
fishermen,1
luigi,1
genoa,1
earring,1
brassplate,1
venice,1
lloyds,1
skerrys,1
loglady,1
glasscase,1
gimcrack,1
roughness,1
carelessness,1
skatingrink,1
plumpudding,1
blackbottom,1
touchmenot,1
wiggle,1
beerbohm,1
barebum,1
daft,1
stylishdressed,1
switzer,1
conny,1
sealingwax,1
fishwoman,1
friery,1
exasperated,1
teartap,1
darent,1
smelly,1
dishcloth,1
criticiser,1
ironmould,1
paralysed,1
poking,1
sicken,1
scarli,1
boo,1
blackberry,1
jamesy,1
suckin,1
purposely,1
scout,1
wad,1
lahore,1
cochinchina,1
offensive,1
smather,1
wrinkly,1
jewess,1
sloothering,1
doyles,1
blather,1
strool,1
classy,1
touraine,1
rigmarol,1
alnight,1
pinafore,1
napier,1
thoms,1
coadys,1
sincerely,1
georges,1
oclock,1
deceitful,1
villainy,1
pett,1
wethen,1
coalcellar,1
blackbeetle,1
forlornlooking,1
nob,1
barrelly,1
dedaluses,1
mcoys,1
comical,1
teetotum,1
swallowtail,1
wellwhipped,1
botty,1
trowler,1
flirtyfy,1
mayers,1
phoebe,1
_sweet_heart,1
_tart_,1
showerbath,1
wildwood,1
splendidly,1
deathwatch,1
fauntleroy,1
8s,1
stuckup,1
eppss,1
nightboat,1
tarifa,1
ever go,1
arend,1
keyess,1
devils,1
bathingplace,1
gruel,1
wishcard,1
ignoramus,1
vulgar,1
cornerboy,1
marys,1
coronado,1
madman,1
nobodyd,1
wildlooking,1
gipsie,1
blackguardlok,1
mike,1
suggester,1
poldo,1
7s,1
slooch,1
rowy,1
her behind,1
dishearten,1
woolly,1
knite,1
nightwalker,1
weve,1
snappy,1
delapaz,1
delagracia,1
vilaplana,1
rosales,1
oreilly,1
siete,1
revueltas,1
pisimbo,1
opisso,1
bedlam,1
rodgers,1
crutchett,1
harumscarum,1
muy,1
gracias,1
noun,1
cantankerous,1
valera,1
watercress,1
abrines,1
criada,1
huevo,1
estrellado,1
senor,1
itd,1
gesabo,1
peachblossom,1
walpoles,1
18/6,1
cohens,1
whod,1
massgoing,1
pieta,1
masetto,1
piu,1
forte,1
eyeful,1
handrunn,1
smellrump,1
unearthly,1
angelus,1
alarmclock,1
cockshout,1
lambes,1
whatll,1
liptons,1
ditch,1
atheist,1
larby,1
sharons,1
ronda,1
posadas,1
wineshop,1
deepdown,1
figtree,1
rosegarden,1
zurich,1
1914-1921,1
