lemma,frequency,mean_pairwise_distance,head_count,dependent_count
ulysses,6,131116.67,13,4
[,40,94209.53,0,40
illustration,6,149902.47,11,1
],40,94209.53,0,40
by,1267,103507.95,15,1267
james,34,96840.01,68,33
content,5,126146.0,5,4
—,2358,70437.05,1,2358
i,4002,122506.19,488,3961
1,63,33349.36,37,61
2,54,42508.46,20,53
3,22,65462.02,9,21
4,23,90196.07,25,21
5,36,50620.54,19,35
6,17,72422.47,21,15
7,12,113718.44,7,11
8,14,91858.57,23,13
9,16,80338.34,10,15
10,23,60431.04,21,22
11,15,118344.06,13,14
12,7,128120.19,9,6
13,7,121335.52,5,6
14,10,98977.69,5,9
15,16,87249.72,18,14
16,12,89858.67,11,9
17,7,125624.57,21,5
18,6,107327.8,4,5
stately,3,62559.33,2,3
",",16361,101725.92,0,16361
plump,23,119421.63,35,18
buck,117,59607.09,159,113
mulligan,163,76922.5,22,160
come,647,108180.92,2346,348
from,1087,108742.7,8,1087
the,14953,108121.94,105,14944
stairhead,3,1967.33,4,3
bear,152,102359.83,457,116
a,7112,106849.76,26,7111
bowl,17,99345.71,41,16
of,8158,105778.1,190,8154
lather,7,129951.52,16,7
on,2113,111276.13,85,2104
which,518,82914.14,230,515
mirror,48,119621.0,107,43
and,7213,103297.03,185,7212
razor,8,134747.96,15,8
lay,132,100177.79,501,68
cross,65,109194.46,163,47
.,19667,90767.1,0,19667
yellow,51,114624.3,26,50
be,7290,104494.92,2220,7022
sustain,13,133938.51,33,9
gently,38,91074.3,9,38
behind,144,109191.89,16,141
he,5793,112262.97,936,5759
mild,12,102315.38,13,12
morning,119,127463.36,222,107
air,121,104376.82,261,111
hold,180,93497.93,656,114
aloft,5,123217.2,1,5
:,2562,99683.28,0,2562
ad,43,96811.99,81,37
halt,48,76679.82,140,18
peer,32,106118.75,111,22
down,452,115383.93,105,442
dark,136,104842.61,101,132
wind,83,102309.88,190,73
stair,18,139529.1,49,18
call,258,106718.02,921,161
out,898,116084.38,270,887
up,827,115397.08,219,804
kinch,30,61497.68,41,24
!,1468,84002.6,0,1468
you,2021,104568.4,356,1996
jesuit,11,136481.67,16,9
solemnly,11,118101.93,10,11
forward,75,97835.84,12,73
mount,28,95865.56,57,22
round,249,108664.31,126,239
gunrest,4,374.83,7,4
face,272,110883.27,662,248
about,534,115268.28,56,528
bless,56,91748.94,123,42
gravely,21,73816.9,5,21
thrice,4,104904.17,3,4
tower,28,105345.02,58,26
surround,7,129197.24,18,5
land,97,98990.17,290,87
awake,8,156846.61,21,8
mountain,28,117933.33,49,27
then,578,116541.26,79,574
sight,36,109047.2,66,35
stephen,570,117455.66,494,471
dedalus,174,86668.96,27,170
bend,69,94612.11,246,37
towards,120,94561.15,0,120
make,445,116478.53,1763,284
rapid,8,125549.07,7,8
in,4935,107844.0,170,4921
gurgle,6,138068.6,5,6
his,3330,107330.78,48,3328
throat,20,96417.58,29,20
shake,65,105386.89,220,41
head,256,104065.49,555,242
sleepy,8,101340.32,5,8
learn,57,106227.97,183,32
arm,141,109361.28,258,136
top,37,117044.75,85,36
staircase,17,114577.21,38,17
look,463,108045.76,1552,265
coldly,5,132694.8,13,5
at,1290,112067.61,19,1290
that,3131,105156.95,496,3105
equine,4,172126.17,2,4
its,293,107986.08,1,293
length,10,110825.98,26,10
light,164,100918.06,303,145
hair,128,111955.23,261,121
grain,7,126373.24,14,6
like,780,119514.73,593,718
pale,19,106514.15,25,18
oak,5,141427.2,13,5
peep,23,105461.98,64,10
instant,40,92854.25,71,38
under,224,107652.72,8,224
cover,46,110142.56,157,35
smartly,7,120485.81,0,7
back,370,109870.16,249,358
to,4967,108278.07,36,4966
barrack,6,128694.2,14,6
say,1997,85765.49,6334,624
sternly,9,88912.22,8,9
add,52,111801.46,172,27
preacher,3,97502.67,5,3
's,2043,98464.69,0,2043
tone,28,105859.02,71,26
for,1952,105190.89,41,1950
this,546,105756.76,130,530
o,311,104493.78,292,304
beloved,5,134761.8,4,5
genuine,7,96754.0,2,7
body,89,118000.38,201,81
soul,92,101288.15,210,85
blood,53,97682.36,97,47
slow,43,102499.55,36,39
music,75,96095.98,152,60
please,45,118740.97,36,44
shut,32,113644.53,67,23
your,507,101568.99,33,501
eye,457,100165.79,970,417
gent,11,100349.2,28,11
one,752,106739.27,926,691
moment,95,111682.65,211,81
little,291,94666.95,51,290
trouble,50,97871.25,121,36
white,163,109421.17,100,159
silence,36,110040.0,69,30
all,1320,110475.43,401,1288
sideways,23,112538.74,6,23
give,391,109322.71,1619,236
long,259,109049.8,198,240
whistle,26,128869.09,63,20
pause,14,101027.97,34,8
awhile,16,77035.88,5,15
rapt,4,138316.0,1,4
attention,33,93417.21,39,32
even,125,100666.32,2,125
tooth,50,117620.3,97,49
glisten,6,110253.8,18,5
here,296,97711.12,329,237
there,809,107096.73,552,747
with,2513,104133.64,12,2511
gold,93,81729.57,109,88
point,154,102073.46,457,131
two,393,107709.22,183,375
strong,34,97429.81,22,31
shrill,10,96886.76,6,10
answer,132,110217.84,375,75
through,252,109943.06,8,252
calm,12,134174.14,22,10
thanks,44,88870.99,86,23
old,509,115824.47,118,502
chap,66,87710.76,172,47
cry,155,90978.74,474,90
briskly,8,95583.14,4,8
will,694,108586.47,218,673
do,1455,114832.68,2095,1233
nicely,8,101489.89,1,8
switch,5,183525.2,11,4
off,370,112541.27,96,355
current,7,120147.71,12,6
?,2176,104160.45,0,2176
skip,6,126787.2,14,5
watcher,4,127791.33,6,4
gather,14,110301.4,50,8
leg,64,116031.79,131,61
loose,34,109807.75,20,31
fold,39,117015.64,103,29
gown,14,104561.86,46,14
shadow,54,98430.13,125,49
oval,8,135735.0,2,8
jowl,3,145266.0,4,3
recall,16,100683.98,47,11
prelate,3,87861.33,7,3
patron,10,95435.76,29,9
art,56,106154.09,121,46
middle,32,107615.21,42,32
age,62,101126.0,159,53
pleasant,22,131350.44,14,20
smile,140,95161.69,382,103
break,85,111510.04,280,49
quietly,33,76184.49,8,33
over,443,114899.2,61,436
lip,95,93391.74,189,90
mockery,9,114940.56,33,5
it,2521,113056.42,625,2496
gaily,14,86630.66,12,14
absurd,8,146088.89,14,4
name,259,106482.07,609,223
ancient,34,85345.67,6,33
greek,28,112450.6,50,22
finger,106,102227.63,232,103
friendly,12,136107.42,5,12
jest,6,139983.07,9,5
go,695,117164.49,2609,432
parapet,9,106307.61,20,9
laugh,157,96755.75,446,110
himself,221,106119.58,111,218
step,84,100646.05,246,63
follow,116,108210.4,382,53
sit,136,109232.74,486,78
edge,17,104858.1,52,17
watch,151,98744.44,462,73
still,195,114558.38,28,194
as,1184,100441.38,93,1181
proppe,5,29754.2,21,3
dip,6,122129.87,23,5
brush,23,111732.22,84,17
cheek,40,108016.02,103,38
neck,53,109535.44,114,51
gay,20,127728.62,14,20
voice,200,107417.63,521,163
my,884,114426.66,80,869
too,442,112985.34,20,442
malachi,28,98804.95,25,27
but,694,94582.99,44,693
have,2013,108196.89,3539,1643
ring,56,102880.85,172,40
not,1753,115232.94,80,1737
trip,15,96164.48,53,9
sunny,4,106039.17,1,4
we,721,108225.37,164,712
must,225,101773.36,29,216
if,543,115837.96,7,543
can,288,117562.61,38,283
get,523,120067.1,2018,323
aunt,20,147253.77,36,20
fork,18,97179.66,34,16
twenty,29,87956.52,27,23
quid,23,105244.05,48,21
aside,32,102823.52,6,32
delight,22,70353.15,44,18
cease,24,99738.93,72,8
begin,93,103228.64,316,37
shave,14,128871.64,31,10
care,55,113385.5,172,39
tell,364,102306.03,1526,196
yes,358,124158.07,363,303
love,222,99298.8,551,161
how,284,107355.77,190,244
haines,64,48894.7,27,62
stay,35,117692.06,121,25
show,134,106765.58,430,92
shaven,5,131359.8,0,5
right,249,110145.67,363,201
shoulder,69,100975.19,161,63
god,258,105792.48,336,234
dreadful,11,108168.15,9,8
frankly,7,112385.71,2,7
ponderous,4,125336.17,0,4
saxon,6,62000.33,7,5
think,307,119707.72,1094,168
gentleman,119,84421.33,254,109
bloody,108,57857.58,11,107
english,28,131291.94,40,22
burst,25,100794.87,84,14
money,107,122048.39,159,99
because,220,92436.08,15,220
oxford,9,105868.44,4,9
know,556,114578.77,1928,340
real,33,118567.62,15,32
manner,25,101568.13,86,21
good,567,100195.56,553,501
knife,33,124882.41,67,29
-,206,101492.5,0,206
blade,12,84209.79,27,12
warily,5,93128.6,1,5
chin,12,103559.12,20,11
rave,3,199643.33,13,3
night,245,115121.52,416,218
black,147,110703.26,91,141
panther,7,126487.14,16,5
where,330,108971.21,297,258
lunatic,5,130486.0,16,3
energy,5,149615.4,11,5
grow,45,110491.87,145,22
fear,44,100121.37,110,28
man,599,105077.9,1529,524
moan,6,131238.2,11,4
shoot,29,113923.11,102,17
save,60,94144.99,186,32
drown,27,125868.08,59,24
hero,22,69144.85,77,20
however,45,83051.91,27,44
frown,24,110641.16,72,14
razorblade,3,384.67,4,3
perch,10,111787.53,29,8
search,16,98826.85,52,14
trouser,10,123528.84,8,7
pocket,105,107998.38,278,103
hastily,4,132367.67,0,4
thickly,4,150725.33,0,4
thrust,20,102051.39,103,11
hand,494,98980.31,1077,455
into,330,118236.59,1,330
upper,20,118352.51,4,20
lend,11,114944.51,42,5
loan,20,125821.97,90,10
noserag,3,367.33,9,2
wipe,24,107792.21,93,18
suffer,23,99448.39,96,16
pull,57,122047.41,232,40
corner,98,104871.97,245,93
dirty,24,121064.96,4,23
crumple,7,74902.48,4,7
handkerchief,33,111911.17,61,30
neatly,9,61044.78,0,9
gaze,76,108241.39,250,49
bard,14,64650.91,33,13
new,154,109366.76,30,152
colour,44,101268.79,95,38
our,298,96111.33,11,295
irish,112,106101.93,54,107
poet,39,107915.06,111,35
snotgreen,3,9056.67,5,2
almost,32,115205.36,4,31
taste,30,115445.23,100,19
again,244,111496.82,30,237
dublin,123,105342.48,90,121
bay,30,129286.64,68,29
fair,61,104965.98,45,59
stir,11,134712.0,25,11
slightly,20,112664.99,0,20
sea,114,126192.07,290,103
what,985,115905.77,1124,797
great,155,111666.35,23,153
sweet,86,104110.74,63,78
mother,149,110195.13,325,130
_,1594,61830.08,0,1594
ah,83,101117.99,94,62
teach,22,115227.48,98,9
read,155,102639.0,528,94
they,1769,111552.92,415,1758
original,21,98488.87,25,21
!_,82,93024.85,0,82
she,1223,95133.08,79,1218
stand,183,113200.04,683,93
lean,28,116878.94,65,22
water,157,117914.14,280,150
mailboat,4,104970.0,7,3
clear,33,108993.53,65,28
kingstown,7,122951.33,4,7
mighty,12,83511.85,4,11
turn,276,110963.55,999,152
abruptly,7,116541.52,4,7
grey,68,110512.17,39,67
searching,3,143939.33,5,3
kill,41,122460.06,137,22
why,191,118203.97,163,149
let,227,110527.16,880,132
anything,88,125907.03,105,85
someone,45,106463.2,38,42
her,1795,99649.09,334,1785
could,388,109918.71,92,377
knolt,14,90304.18,56,8
damn,45,125324.18,23,43
when,552,108532.28,45,543
die,124,108908.18,301,92
ask,276,103252.5,823,101
much,163,109832.5,191,147
begg,13,104175.87,35,12
last,187,108706.78,108,179
breath,60,98999.94,131,54
kneel,15,133642.99,50,11
pray,61,89965.37,189,40
refuse,13,118508.23,36,8
something,179,119434.72,246,157
sinister,5,113321.6,1,5
....,3,84600.67,0,3
lightly,25,99077.87,13,25
far,124,104015.01,135,115
curl,15,108279.31,37,13
lovely,77,113578.74,48,71
mummer,6,81812.6,20,4
murmure,26,69112.45,68,18
evenly,3,182572.67,3,3
seriously,7,100340.48,3,7
elbow,18,108932.21,43,17
rest,77,107439.43,227,62
granite,3,83872.67,6,3
palm,22,113223.97,38,22
against,128,104611.04,1,128
brow,35,99800.13,84,35
fray,4,44123.5,2,4
shiny,5,27726.6,0,5
coat,32,96996.03,84,28
sleeve,17,94393.46,37,17
pain,27,90360.7,60,23
yet,83,99243.24,19,78
fret,3,73789.33,9,1
heart,140,92429.01,290,121
silently,17,134370.62,4,17
dream,33,102444.5,113,25
after,427,114857.28,24,424
death,92,106462.7,153,83
waste,14,127441.81,20,12
within,41,111177.75,3,41
brown,60,115763.28,22,59
odour,20,127475.82,55,20
wax,20,113648.02,60,16
rosewood,3,6228.67,3,3
upon,131,80879.05,0,131
mute,16,127944.72,13,15
reproachful,3,124743.33,3,3
faint,14,114486.75,13,11
wett,5,107357.0,2,5
ash,17,95769.03,31,17
across,64,120526.71,0,64
see,708,104901.01,2569,406
hail,16,111687.99,35,13
beside,45,109037.74,0,45
dull,26,102875.04,19,22
green,100,107437.01,80,98
mass,32,124838.47,72,30
liquid,11,104539.02,11,11
china,7,150128.95,10,6
deathbed,4,52900.83,8,3
tear,59,87908.19,156,46
rot,3,58142.0,5,2
liver,19,97278.14,29,17
fit,27,112866.58,96,15
loud,24,100268.62,8,23
groan,8,99272.68,16,7
vomit,3,206144.67,10,3
poor,187,103357.57,32,186
dogsbody,5,97184.0,12,2
kind,116,113989.04,343,95
shirt,36,124783.65,69,36
few,76,118022.65,23,74
secondhand,5,146174.0,1,5
well,293,117472.42,185,278
enough,70,132221.5,71,66
attack,8,146317.36,19,7
hollow,14,111969.67,11,13
beneath,23,123205.32,3,22
should,84,89139.35,0,84
leave,161,108713.44,584,111
pair,50,107974.22,135,45
stripe,6,130623.87,9,6
joke,20,121988.12,58,16
dress,81,113393.12,230,65
wear,91,108559.05,305,65
etiquette,5,161413.4,14,3
trousers,46,123609.53,116,43
stroke,10,74526.67,31,8
feel,189,112131.73,659,107
smooth,15,103295.83,17,14
skin,49,118862.67,97,47
fellow,171,102888.52,401,145
ship,33,108650.09,83,28
g.,11,101738.22,13,11
p.,61,97530.59,73,57
norman,5,68444.2,7,5
general,48,98227.59,40,46
sweep,14,100220.84,47,7
half,125,106933.37,94,122
circle,26,96147.31,67,23
flash,30,101772.27,88,20
tiding,5,129815.4,6,5
abroad,6,109125.67,4,5
sunlight,14,63889.3,21,13
now,438,106154.23,104,421
radiant,6,103642.73,7,6
curling,5,116992.8,0,5
glitter,3,146275.33,5,2
laughter,35,89686.29,69,27
seize,17,75138.87,65,10
trunk,10,135894.36,21,10
yourself,38,110482.33,23,36
cleft,5,109293.6,8,4
crooked,15,111113.73,5,15
crack,33,120611.62,87,28
end,108,111366.0,290,91
other,381,106880.83,241,378
who,518,98014.28,199,481
choose,12,124840.18,38,6
rid,7,124426.29,8,7
vermin,3,144058.0,2,3
pinch,8,119435.5,25,8
room,63,123954.42,146,56
always,174,119112.74,3,174
keep,121,103693.98,461,69
servant,21,136264.0,42,19
lead,60,102607.73,222,36
bring,162,108202.43,732,87
away,179,111729.5,86,172
rage,9,97395.78,34,9
caliban,3,139046.67,2,2
wilde,9,48597.72,9,9
only,253,112884.96,7,253
alive,19,108520.15,41,15
draw,112,96695.72,430,70
bitterness,5,87427.0,6,5
symbol,15,118579.9,46,13
lookingglass,4,12481.67,17,1
suddenly,39,99419.78,2,39
link,24,112289.85,83,17
walk,207,94423.64,657,116
clack,10,75916.49,30,3
tease,5,78987.2,16,4
kindly,11,119243.2,2,11
more,315,112134.85,237,301
spirit,39,93553.37,96,37
than,169,107114.66,1,169
any,191,101524.67,34,191
cold,63,114567.1,39,61
steel,19,98754.89,12,19
pen,19,101328.26,51,14
downstairs,5,90802.2,0,5
touch,91,107860.96,288,54
guinea,25,117864.61,62,22
stinking,3,208212.67,5,2
tin,14,93909.01,26,14
sell,42,99153.92,137,31
or,957,104217.61,18,955
some,315,112315.09,39,312
swindle,8,120358.57,18,5
work,92,106002.39,303,67
together,58,109399.28,7,58
might,181,107660.02,33,178
island,30,87402.95,63,28
cranly,7,43586.19,5,7
beg,14,108034.68,41,10
swine,4,131993.17,4,4
trust,12,115104.82,44,8
nose,71,104618.6,132,69
noise,24,107790.3,70,19
seymour,9,102170.17,10,9
bad,134,111739.97,233,104
young,203,102151.59,95,194
shout,39,112548.28,136,20
paleface,3,132302.67,4,1
their,725,109802.52,13,724
rib,11,113141.38,20,11
clasp,18,97234.24,48,13
another,127,113555.94,43,125
shall,66,83068.46,3,65
expire,4,127291.83,11,2
news,16,109421.54,36,13
slit,5,111697.0,14,2
ribbon,9,119389.0,27,9
whip,9,95902.5,16,8
hop,7,104305.81,18,3
hobble,3,126818.0,6,3
table,83,117483.98,182,82
heel,40,84014.69,79,39
chase,9,104999.0,34,4
tailor,7,117829.81,16,7
shear,5,58254.0,8,5
scared,4,115071.67,10,4
calf,10,129514.44,25,10
gilded,5,131732.6,3,4
want,268,119018.54,956,138
play,110,87491.07,377,69
giddy,9,86804.17,11,6
ox,5,134157.8,10,5
open,152,119229.08,291,112
window,95,109859.88,231,95
evening,66,104706.06,102,61
deaf,10,54079.33,5,9
gardener,4,172530.67,15,4
aprone,3,33657.33,2,3
mask,10,107473.02,21,8
matthew,8,115002.0,16,8
arnold,3,176795.33,0,3
push,24,98825.02,85,18
sombre,3,64528.67,0,3
lawn,11,95069.75,23,10
dancing,12,73107.97,9,11
ourselves,10,110821.82,4,10
...,303,88607.74,0,303
nothing,100,114212.14,136,89
wrong,42,120832.48,43,35
except,21,94103.52,0,21
impatiently,5,125550.4,4,5
cough,24,94811.19,70,19
quite,85,113435.0,0,85
frank,8,92173.18,18,7
blunt,4,130244.5,0,4
cape,7,115932.1,16,7
bray,6,129523.13,4,6
snout,6,105343.4,12,6
sleeping,7,127090.19,2,7
whale,4,133133.17,11,3
free,63,104901.82,73,57
wish,47,114445.42,166,25
remember,106,114011.44,362,48
speak,140,104324.82,476,95
pass,205,104012.78,686,123
fann,5,144466.6,21,4
softly,33,108137.28,18,32
silver,41,106805.84,22,41
own,159,103630.45,103,149
first,278,111856.87,116,274
day,336,115114.86,738,292
house,198,100948.24,508,173
quickly,54,99015.45,32,52
idea,66,105678.04,188,47
sensation,14,80641.91,36,13
happen,37,97522.16,132,23
tea,72,119379.19,115,66
landing,8,142636.14,16,8
hot,54,109906.3,56,46
visitor,7,136006.0,15,7
drawingroom,5,161555.2,17,5
forget,98,112325.85,358,55
_o,6,148965.13,2,6
whose,41,96339.49,2,41
beastly,7,120452.86,6,6
dead,123,104433.04,185,100
._,98,70505.31,0,98
flush,20,85480.42,56,15
seem,74,104082.22,254,38
engage,21,101599.6,84,15
rise,97,104407.57,288,56
harm,19,133704.64,37,12
nervously,5,88176.0,1,5
pop,17,102443.19,61,12
every,141,110534.78,1,141
mater,6,132253.53,9,6
richmond,7,115227.05,5,7
cut,54,107342.68,189,33
tripe,4,94209.67,3,4
thing,308,113992.26,786,270
else,39,125924.88,2,39
simply,57,103774.72,2,56
matter,74,94278.71,191,66
would,576,104023.43,88,569
curse,32,86370.17,85,17
strain,16,97695.61,45,15
inject,3,127708.0,12,1
way,297,116752.81,753,266
lobe,4,141494.5,14,4
function,7,137201.05,28,5
doctor,32,100756.0,57,30
sir,220,88445.91,275,187
peter,25,82638.46,55,20
pick,55,119411.64,204,44
quilt,3,206979.33,6,3
humour,9,110406.11,30,7
till,134,109673.25,6,134
hire,6,147747.2,6,4
suppose,138,117090.32,401,95
mean,111,103842.16,305,76
offend,7,122838.38,21,4
memory,44,105547.52,77,41
shield,7,87617.9,22,7
wound,8,102297.89,17,6
word,230,102397.4,545,202
very,226,101377.07,8,225
offence,9,103057.89,18,8
swing,21,101992.03,88,13
impossible,6,154252.6,18,6
person,133,108672.41,292,117
exclaim,9,103614.33,23,2
post,21,126441.15,40,17
headland,4,74846.5,9,3
dim,7,126315.71,5,6
pulse,4,96447.0,3,4
beat,28,120418.73,106,20
veil,22,103820.41,57,20
fever,8,140722.57,16,6
loudly,30,101069.67,26,29
chuck,9,123760.28,42,4
sassenach,3,92908.67,7,3
rasher,3,86347.33,9,3
level,14,116699.97,18,14
roof,5,94845.0,10,5
moody,3,176067.33,3,3
vanish,9,102540.78,23,4
drone,4,50587.17,9,3
descend,12,110491.47,41,8
boom,11,127246.25,22,7
no,670,107018.99,257,635
briod,3,11842.0,4,3
bitter,12,104910.91,8,12
mystery,14,100682.26,29,13
fergus,4,142656.5,7,3
rule,21,115231.09,58,16
brazen,6,141181.93,0,6
car,50,91301.01,144,46
float,29,80536.53,76,20
peace,22,110268.51,37,19
spurn,10,84434.47,24,7
hurry,29,105864.74,92,14
foot,162,116134.51,329,150
breast,36,96007.84,81,34
twining,4,144346.83,8,3
pluck,19,97212.41,72,13
chord,23,50813.79,38,23
shimmer,4,82246.0,7,4
tide,22,123930.53,58,19
cloud,24,104592.62,70,22
sun,82,118755.5,159,78
slowly,71,104338.98,33,69
wholly,5,147075.2,5,4
deep,39,106757.66,24,37
song,43,98931.59,110,33
sing,118,106376.72,368,78
alone,50,117510.24,36,47
door,147,114379.5,311,138
hear,262,95737.69,958,148
silent,47,106559.71,47,41
awe,6,89380.8,11,6
pity,37,117779.86,84,25
bedside,3,123263.33,6,3
bed,114,127184.52,261,109
secret,45,107001.2,86,38
tassell,3,157082.0,0,3
powder,12,134600.0,18,12
amber,3,154207.33,0,3
bead,3,60217.33,7,3
lock,32,131220.74,88,29
drawer,26,111508.48,54,24
hang,75,98428.27,278,42
girl,144,110010.69,328,124
pantomime,4,138272.67,10,4
turko,3,157770.0,4,3
terrible,23,107766.51,37,17
boy,131,101465.27,322,104
enjoy,22,114198.57,67,15
mirth,7,85666.29,7,6
nature,69,96262.09,132,62
toy,3,176138.0,6,2
brood,10,109713.8,17,8
brain,28,120514.99,63,25
glass,44,96518.8,106,38
kitchen,30,124662.99,59,29
tap,57,50399.92,136,22
approach,30,83641.7,108,16
sacrament,10,54806.76,21,10
apple,14,124665.64,39,11
fill,30,111734.51,104,16
sugar,18,122359.61,31,18
hob,5,156960.8,13,4
autumn,3,181978.0,3,2
shapely,7,80646.95,2,6
redden,4,63206.17,8,2
squash,4,206275.67,6,4
lice,3,165943.33,5,2
child,119,100541.65,241,107
stare,51,111890.82,178,33
agony,8,107385.32,26,5
hoarse,11,103543.38,3,11
rattling,9,132786.78,19,8
horror,10,131963.51,24,10
while,129,91929.11,26,129
knee,46,113623.0,98,44
strike,50,101905.63,178,29
liliata,5,157193.8,14,2
rutilantium,5,157193.8,4,3
turma,3,186495.33,0,3
circumdet,3,186495.33,4,1
iubilantium,4,177618.17,14,1
virginum,4,177618.17,0,4
chorus,5,140083.4,9,3
corpse,18,68126.77,37,14
live,113,106289.1,336,83
nearer,18,115272.08,10,18
tremble,18,91251.61,39,14
warm,54,106001.79,43,44
run,139,109197.98,510,99
breakfast,22,133377.37,41,20
ready,23,114802.58,40,17
wake,23,117663.3,71,15
jesus,36,96680.8,60,33
sake,23,114601.51,64,20
disappear,11,118226.29,33,5
reappear,7,126600.19,36,1
clever,14,100007.65,24,9
pay,94,113503.79,342,57
school,39,114207.13,87,37
kip,7,85235.24,17,5
four,97,98145.68,67,86
shine,35,116382.49,77,28
sovereign,20,99053.64,33,17
glorious,13,133518.77,4,13
drunk,29,100850.03,47,23
astonish,3,109596.67,4,2
druid,5,109366.0,3,5
omnipotent,3,158087.33,0,3
flung,18,63755.82,65,11
tramp,10,91272.47,33,8
stone,65,115075.08,116,60
tune,8,62146.0,14,7
accent,15,112271.81,49,13
merry,19,100118.3,10,19
time,454,111818.17,1023,401
drinking,10,115584.49,8,10
whisky,9,120272.5,21,7
beer,11,81883.24,31,10
wine,36,90008.54,63,29
coronation,5,141393.6,3,4
sunshine,4,144912.83,12,3
nickel,3,125494.67,0,3
friendship,5,147844.4,9,5
coolness,3,196641.33,4,3
smell,76,123742.11,193,60
clammy,3,105466.0,1,3
stuck,15,79795.7,35,10
so,615,96615.7,158,600
carry,54,107159.5,203,38
boat,19,139682.47,47,18
incense,12,128038.47,19,12
clongowes,6,110164.6,2,6
same,168,113547.62,170,160
server,5,27414.0,10,4
gloomy,7,60839.71,1,7
form,89,117829.07,250,80
move,79,112082.55,283,43
hearth,9,104851.17,21,9
hide,48,117671.38,166,31
reveal,23,99669.74,82,15
glow,15,97714.25,34,11
shaft,5,155350.2,14,4
soft,57,107053.06,12,56
daylight,7,129987.81,11,6
fall,140,100289.3,431,85
floor,33,126232.37,78,33
high,152,98215.03,87,146
barbacan,3,157806.67,10,3
meeting,21,115137.19,61,17
ray,12,84107.73,25,11
fume,12,127688.48,32,12
fry,14,85454.92,20,12
grease,4,118471.0,4,3
choke,15,86817.9,55,10
locker,5,65335.8,11,5
tall,27,96291.39,21,26
figure,65,98084.14,193,59
hammock,3,188686.0,8,3
doorway,29,100585.54,64,29
inner,18,49537.75,0,18
key,39,110185.52,79,35
howl,7,127358.19,17,5
without,138,107390.3,3,138
fire,65,115219.02,123,59
scrape,13,85237.08,43,8
twice,42,119277.75,13,42
heavy,48,115416.14,54,44
set,69,97210.12,273,49
ajar,6,50023.07,10,6
welcome,18,114684.84,28,15
bright,47,98951.65,25,46
enter,47,119760.58,135,27
hale,3,110516.67,5,2
valise,9,90084.89,15,7
wait,200,99741.76,505,97
toss,22,119875.91,101,12
dish,14,110104.74,34,13
large,62,98032.1,32,59
teapot,12,100499.79,28,10
heavily,11,107676.51,0,11
sigh,51,116350.93,138,36
relief,10,119227.2,23,8
melt,10,124858.27,31,6
candle,30,92923.02,66,28
remark,33,71114.27,95,29
hush,7,87064.29,14,5
subject,33,93620.34,84,29
bread,51,100002.4,91,48
butter,37,114266.05,57,33
honey,10,131235.42,11,10
grub,3,45405.33,4,2
lord,157,103564.52,245,140
thy,46,91568.37,1,46
gift,19,93356.15,53,16
jay,5,79375.6,10,3
milk,52,119531.77,95,50
fetched,6,95033.73,18,4
loaf,13,99875.72,26,13
pot,17,137475.82,50,15
sudden,20,85887.87,8,20
pet,6,78905.2,10,5
sort,46,91602.21,153,44
eight,18,112738.95,11,17
drink,112,95879.14,308,76
lemon,13,106308.08,10,12
paris,29,123486.42,39,26
sandycove,7,120835.43,7,7
woman,332,115506.69,660,300
blessing,12,71311.79,27,11
jump,19,114450.63,64,13
chair,32,126248.65,84,27
pour,40,85824.41,143,24
bag,32,104307.92,86,27
fumble,7,105554.95,30,2
damned,21,115554.72,44,19
egg,36,114603.35,70,32
hack,3,120710.0,8,2
slap,16,125510.82,57,10
three,174,100226.49,50,170
plate,22,111707.21,58,20
_in,12,90228.14,6,11
nomine,3,95306.0,5,2
et,21,91334.28,2,20
lump,21,123408.64,65,15
each,95,104149.82,70,95
hew,3,53684.0,9,3
thick,26,129297.0,25,24
slice,13,121925.69,40,11
wheedle,4,155776.0,11,3
grogan,8,106972.0,3,8
jove,5,52272.0,9,5
mrs,202,96542.1,554,150
cahill,3,68650.0,1,3
begob,11,32611.42,8,11
ma’am,6,63846.67,6,6
send,82,115540.93,357,56
lung,3,27376.67,12,2
folk,8,97988.75,17,7
earnestly,9,102113.06,14,7
book,106,111500.72,256,98
five,92,90893.3,36,87
line,83,111167.56,234,69
text,9,139421.83,19,8
ten,82,102535.2,43,79
page,55,112446.95,123,50
note,42,83535.49,107,35
dundrum,3,188635.33,10,3
print,28,112714.0,63,24
sister,51,80584.83,115,40
year,204,111566.98,393,200
big,132,115745.01,70,127
fine,76,107677.62,47,69
puzzle,8,118995.79,14,8
lift,87,95990.09,320,56
brother,84,75390.81,200,71
doubt,17,94087.06,56,11
reason,44,81484.0,119,39
fancy,27,105983.66,51,23
eat,100,98312.78,303,60
exist,9,91910.72,25,5
imagine,28,134196.16,86,16
mary,54,93238.2,85,46
ann,11,78885.35,18,10
charming,15,97076.76,8,13
blink,12,100460.89,36,9
pleasantly,3,181522.0,0,3
feature,16,94929.02,26,16
growl,21,65648.23,60,12
vigorously,3,155534.0,0,3
petticoat,25,119943.04,58,21
..._,16,85958.58,0,16
cramm,6,74902.27,20,4
mouth,132,106209.39,233,125
munch,5,125654.0,15,3
darken,7,80485.05,24,3
jug,8,120441.04,14,8
glory,15,78811.2,32,15
whom,47,96299.07,47,42
glance,62,93365.33,211,44
sure,99,118837.89,297,73
reach,26,104956.39,98,14
take,418,105804.28,1718,240
frequently,8,78483.29,1,8
collector,6,127209.47,14,5
prepuce,3,185390.0,7,3
quart,8,55868.36,15,8
measure,20,104561.96,47,17
thence,6,116230.07,14,4
rich,42,118014.6,19,40
shrunken,4,112599.83,1,4
pap,4,108952.0,8,1
world,159,108754.78,355,154
maybe,10,122242.4,1,10
messenger,7,75609.52,16,6
praise,11,117831.49,27,10
goodness,10,102576.73,17,10
crouch,11,118382.04,31,7
patient,9,107524.39,18,9
cow,27,89368.42,50,25
field,46,106231.76,114,41
witch,6,120805.67,10,6
wrinkled,3,145262.67,1,3
quick,54,91619.77,63,45
low,80,106914.1,41,78
cattle,18,127473.42,24,18
silk,46,101391.99,30,41
kine,4,128055.17,11,4
wonder,122,123545.52,295,73
crone,4,96380.17,11,3
immortal,14,118069.82,28,12
serve,27,91855.43,102,14
conqueror,3,56976.67,5,3
common,31,120196.14,24,30
whether,38,86095.46,4,38
scorn,8,87620.14,15,8
favour,20,109457.93,43,20
indeed,31,92045.55,16,28
cup,55,114586.13,143,48
bid,24,93319.1,81,16
food,27,109614.26,56,24
somewhat,11,84217.78,0,11
country,57,101527.13,105,55
full,102,105821.63,122,88
rotten,11,137676.25,12,11
gut,15,93737.41,29,14
cheap,25,121626.44,18,22
street,306,109396.96,718,289
dust,16,95922.3,25,14
consumptive,3,41924.67,3,3
spit,12,126351.68,39,8
medical,26,93096.06,9,25
student,24,125015.65,79,14
listen,66,99933.89,168,37
bow,49,99071.31,136,39
slight,16,95239.96,10,15
oil,21,103870.74,46,17
grave,40,88173.14,71,39
unclean,4,128742.67,1,4
loin,7,117721.9,16,7
flesh,40,104289.59,75,39
likeness,6,140560.73,19,5
serpent,8,97793.43,24,5
prey,11,106253.85,27,10
unsteady,3,158844.67,2,3
understand,54,116191.66,193,38
french,34,93184.45,26,31
talk,114,104573.92,330,85
speech,32,84672.99,72,26
confidently,3,181027.33,2,3
gaelic,7,64552.48,0,7
sound,46,113635.87,123,28
west,21,91921.48,31,20
englishman,8,94652.64,22,7
ought,65,113640.59,207,26
ireland,86,90091.65,108,81
ashamed,4,98503.67,19,4
language,52,104591.39,157,45
myself,71,121982.03,21,71
grand,30,117072.01,38,27
wonderful,22,83060.53,24,16
entirely,6,113333.2,1,6
thank,44,110614.31,159,19
slip,38,110882.63,114,29
forearm,7,131317.9,15,7
bill,25,120507.17,47,23
seven,41,89772.99,15,40
pint,24,77786.78,67,23
twopence,10,83206.73,12,9
shilling,67,102731.98,173,53
fourpence,7,127059.9,9,6
crust,6,137280.4,18,5
both,105,91503.73,35,103
side,131,118082.63,346,121
stretch,26,107719.56,85,21
forth,51,74825.64,14,50
third,30,99295.04,17,28
spoonful,4,175868.33,8,4
faintly,5,104953.6,1,5
florin,6,139501.67,9,5
twist,19,99271.56,52,16
miracle,4,184927.67,12,3
along,116,103378.24,1,116
coin,35,111874.21,71,35
owe,11,97551.2,49,4
curtsey,3,152771.33,8,2
tender,19,124800.0,36,15
chant,16,127824.63,45,14
stony,5,57183.4,3,4
today,73,101298.62,14,67
expect,24,100455.67,80,14
duty,16,113121.88,31,14
remind,33,112264.65,157,16
visit,30,106793.78,102,21
national,30,116559.44,3,30
library,22,108886.4,55,20
swim,12,137657.61,43,9
monthly,5,147037.4,5,4
wash,40,135647.65,146,25
washing,7,105809.71,10,6
once,127,108673.2,74,122
month,52,112997.52,120,48
trickle,4,122393.17,3,4
knot,7,90245.81,20,6
easily,26,104053.55,5,26
scarf,6,110339.47,19,4
collar,25,111778.4,49,24
tennis,6,111911.2,8,6
intend,11,96734.29,34,7
collection,5,123280.0,15,5
saying,3,64128.67,6,3
tub,3,145794.67,4,3
agenbite,7,33700.1,13,0
inwit,5,43625.8,5,5
conscience,6,129410.87,7,5
spot,28,106427.85,76,23
deuce,4,122951.5,9,3
kick,42,100620.86,140,30
warmth,11,125776.65,21,11
hamlet,35,49082.52,52,32
just,249,110213.96,4,249
creature,20,83918.37,58,18
hat,193,110031.69,433,183
stroll,8,72378.43,27,2
coarse,5,136419.0,1,5
vigour,4,162527.17,10,4
put,252,117799.62,1108,167
hoof,21,108481.38,51,18
problem,22,93092.13,64,19
blow,59,99032.64,179,41
leer,7,121091.24,15,7
hope,77,115637.05,204,46
change,82,116317.91,260,52
truth,27,97847.3,55,25
hell,50,98337.9,77,43
disrobe,3,177782.0,11,2
resignedly,3,45144.67,0,3
stripp,4,155546.0,13,3
garment,17,91733.5,63,14
empty,26,115836.94,32,23
stiff,20,129743.75,28,19
tie,24,114602.76,63,23
chide,3,109467.33,11,2
dangle,12,101517.29,23,9
watchchain,4,120921.83,11,4
plunge,12,97832.06,42,6
rummage,4,148852.5,5,3
clean,48,122509.33,77,39
character,34,110231.82,88,30
puce,3,152762.0,3,3
glove,28,122985.02,46,28
boot,71,113050.78,152,68
contradict,4,188240.83,13,1
mercurial,3,183563.33,4,2
limp,16,96683.43,32,13
missile,3,190230.0,6,3
fly,52,93740.76,130,35
latin,12,87613.3,17,10
quarter,30,112863.81,66,27
gait,5,121587.8,12,5
sorrow,14,64331.99,20,14
meet,108,106201.31,393,66
ashplant,27,95707.13,35,27
ladder,9,138149.72,21,9
iron,19,120803.15,25,19
huge,17,97525.19,0,17
preced,11,61831.6,8,11
club,12,101524.97,29,11
leader,15,114406.19,36,15
fern,4,80365.0,7,4
dare,20,64043.51,42,14
rent,10,129353.82,11,10
twelve,25,107445.9,18,22
secretary,5,108747.6,22,4
state,39,78334.08,131,29
war,28,90375.29,44,26
survey,3,190190.67,5,3
rather,60,107412.31,20,60
billy,6,123221.6,9,5
build,21,87176.3,76,17
_omphalos_,3,114786.0,7,2
equal,16,119450.36,40,12
thomas,26,102607.58,44,26
aquinas,3,93425.33,0,3
peak,15,117665.35,26,15
primrose,6,142897.93,1,6
waistcoat,25,111329.67,50,25
manage,9,121816.94,42,5
listlessly,4,56383.67,0,4
curiosity,8,123096.18,16,6
amiably,3,154062.0,5,3
paradox,3,52233.33,15,1
pooh,3,204272.67,3,1
simple,35,113401.03,40,28
prove,27,107952.43,100,14
algebra,3,172618.0,2,3
grandson,3,125288.67,8,3
shakespeare,45,85484.96,44,43
grandfather,11,136131.49,23,11
ghost,32,59905.99,80,27
father,307,92033.35,600,285
sling,6,110195.6,19,3
towel,3,198672.67,4,3
bending,12,112148.47,22,12
ear,89,93560.95,169,86
shade,29,105811.11,60,26
elder,11,95374.15,20,11
tired,21,115077.03,61,16
raise,64,101128.58,250,35
sacred,25,91283.13,7,25
tongue,52,104490.09,113,51
explain,29,112938.99,97,18
cliff,8,145888.64,24,7
somehow,11,142768.73,0,11
elsinore,3,51604.67,3,3
beetle,4,112650.83,14,2
o’er,10,110803.64,3,9
base,15,136307.83,15,15
image,31,103017.74,77,27
dusty,10,93793.31,7,8
mourn,26,109265.88,59,22
between,133,106183.4,2,133
attire,5,121537.2,13,5
tale,17,97781.44,45,14
firm,15,113693.35,21,15
prudent,7,96694.1,2,7
ruler,4,121705.33,10,3
southward,3,43220.67,1,3
vague,6,142296.93,7,6
sail,26,91362.86,65,22
interpretation,3,177572.0,7,3
somewhere,54,119039.77,14,51
son,132,105442.82,389,105
blithe,3,119030.67,4,3
happily,3,119828.0,0,3
withdraw,7,119080.38,36,2
shrewd,5,116222.4,1,5
sense,36,123062.24,84,36
mad,22,98914.77,38,20
gaiety,11,131667.02,11,11
doll,10,119529.8,24,10
brim,5,84396.8,15,4
panama,5,76971.2,6,5
quiver,6,75750.53,15,6
quiet,36,88352.58,28,33
happy,35,70658.75,71,21
foolish,4,158321.67,13,3
ever,160,100581.26,14,160
jew,53,109498.5,154,44
bird,32,88776.62,59,28
joseph,23,103252.14,51,21
joiner,3,110675.33,2,3
agree,13,99096.44,44,6
forefinger,14,101369.26,21,14
warning,7,63001.52,15,6
anyone,16,121125.28,6,16
divine,13,121542.49,10,13
plain,27,114727.71,32,25
become,39,109053.35,150,23
tug,9,68245.72,24,7
swiftly,13,82825.28,3,13
farewell,10,100934.42,10,7
flutter,13,118568.92,38,11
wing,15,92030.76,45,13
goodbye,17,142577.31,27,12
write,153,113147.72,551,95
tom,45,87557.61,80,41
dick,13,95738.51,23,13
harry,23,89582.09,24,22
breed,10,118729.53,30,8
bone,33,108337.93,67,29
fail,13,81168.67,45,11
caper,6,107548.47,13,5
before,218,111040.98,18,216
hole,32,121351.96,80,29
leap,31,80928.01,93,20
nimbly,8,111975.29,1,8
mercury,3,128362.67,7,2
fresh,37,111457.61,20,35
brief,19,112091.99,4,19
believer,7,123593.81,32,4
ballad,8,123858.93,19,8
meal,15,103192.59,37,14
drily,3,139234.67,1,3
narrow,5,126472.6,2,5
creation,10,123107.33,26,8
personal,18,115762.31,13,17
stop,91,103242.36,266,48
case,94,103854.31,254,85
twinkle,5,119277.8,16,4
spring,36,102479.19,112,20
thumb,25,102295.01,42,25
offer,42,87334.2,128,31
cigarette,28,121383.54,38,27
help,54,116027.25,191,37
snap,14,109965.57,47,9
sidepocket,7,59672.0,14,7
flame,17,112093.62,45,16
spunk,5,138442.8,18,5
shell,28,88450.98,60,23
course,173,108215.7,94,170
either,36,111788.69,5,36
believe,91,104560.01,349,51
personally,7,78069.71,3,7
stomach,16,103637.18,32,14
behold,8,107807.11,29,3
grim,4,134041.83,0,4
horrible,5,78479.8,7,4
example,27,118460.81,52,24
thought,46,104920.19,103,40
trail,9,114857.83,26,8
path,18,70263.31,49,18
squeal,7,122649.33,13,5
familiar,10,92603.53,26,9
tonight,23,91443.93,9,21
salt,26,103012.47,36,22
able,12,133845.33,41,12
master,90,86324.34,210,84
italian,21,133964.3,16,18
crazy,5,148939.0,0,5
queen,51,106633.27,115,48
jealous,6,141873.47,11,5
odd,23,119363.29,13,21
job,49,113861.83,102,40
imperial,6,136534.8,2,6
british,17,94160.94,4,17
rising,5,142153.0,17,5
holy,59,89889.76,13,58
roman,24,107650.86,30,24
catholic,13,125012.28,15,12
apostolic,3,183370.0,1,3
church,59,110207.31,148,58
detach,9,127289.83,37,4
fibre,4,135606.67,7,3
tobacco,3,165874.67,6,3
calmly,9,98984.39,3,9
irishman,10,113452.51,20,9
daresay,8,89925.82,8,6
england,21,124775.07,22,19
treat,18,120293.43,77,11
history,28,112749.11,50,23
blame,13,125115.67,45,9
proud,22,99588.56,26,19
potent,5,126802.0,1,5
title,13,134112.15,29,13
triumph,5,133740.0,13,5
bell,44,109117.39,95,41
_et,6,115194.07,18,5
growth,9,119104.67,22,9
rite,8,101463.96,23,8
rare,12,87718.44,12,12
star,50,109585.52,144,46
apostle,4,134541.17,12,4
pope,11,110581.27,25,10
blend,6,82063.8,24,2
affirmation,5,112113.0,12,5
vigilant,4,95924.33,1,4
angel,19,84689.42,51,18
menace,5,98391.4,16,5
heresiarch,4,41675.67,15,3
horde,4,120000.5,12,3
flee,3,147199.33,16,2
mitre,5,102215.8,13,4
awry,6,117769.27,2,6
mocker,5,31686.6,7,5
arius,3,141276.67,6,3
warr,3,51615.33,11,2
life,214,104351.09,356,196
valentine,4,154456.67,10,4
christ,30,83993.85,32,27
african,6,125446.2,2,6
since,51,114260.67,6,50
stranger,20,104788.2,46,18
idle,7,101810.67,0,7
void,9,116237.56,20,9
await,7,121759.43,27,3
surely,11,107563.78,1,11
weave,8,121920.57,30,5
michael,24,99746.12,71,23
host,32,94461.3,72,30
defend,5,39963.4,18,3
hour,86,116776.43,213,79
conflict,5,151078.8,6,5
prolonged,7,116586.95,1,7
applause,7,114058.67,18,4
nom,3,137142.0,3,2
de,72,103679.4,13,71
dieu,3,110021.33,0,3
britisher,3,128962.0,12,2
german,8,134603.64,4,8
afraid,28,133272.97,106,16
verge,4,128636.83,11,4
boatman,6,107218.8,9,5
bullock,3,112028.67,3,3
harbour,11,122113.67,20,10
nod,31,91744.57,93,18
north,39,115435.29,19,39
disdain,3,124910.0,4,3
fathom,7,140502.86,12,6
nine,45,92629.05,28,42
blank,13,114895.74,0,13
swollen,10,119323.62,17,9
bundle,9,133198.11,28,8
bob,71,68048.23,133,64
roll,58,114447.86,199,43
saltwhite,3,27763.33,1,3
shirtsleeve,6,120134.33,16,6
cling,9,81228.94,15,7
spur,9,116830.89,26,8
rock,71,114178.61,184,61
near,123,101175.58,38,117
bannon,7,107486.48,7,6
card,48,117940.35,115,42
find,134,110391.48,527,88
photo,21,117757.89,43,21
snapshot,5,140179.0,9,3
eh,49,91855.58,55,36
exposure,5,131579.0,11,3
elderly,11,96517.89,2,11
red,113,107181.36,72,111
scramble,6,124664.13,18,4
garland,4,140306.0,11,4
rill,3,151474.67,13,3
chest,16,107721.88,37,16
spill,4,120945.0,14,4
jet,9,105559.83,19,8
loincloth,3,160772.67,9,3
past,101,99252.41,68,99
piously,3,23912.67,0,3
thumbnail,5,60069.2,14,5
breastbone,5,116185.2,11,5
town,29,91222.38,46,27
grasp,7,112104.67,26,5
medicine,7,95789.14,8,7
army,11,133114.91,28,10
next,68,121248.86,16,68
week,44,118524.15,86,42
stew,8,110346.89,20,7
carlisle,5,149626.4,0,5
lily,10,140308.02,22,8
spoon,11,128498.98,26,9
pier,11,123191.45,34,9
rotto,3,167173.33,6,2
pole,9,126194.94,26,8
bleeding,11,70000.15,2,11
officer,20,124095.91,36,19
goat,15,109206.63,29,13
alarm,8,115734.29,18,8
flap,11,69655.05,27,9
twelfth,3,174425.33,0,3
gone,54,92074.88,159,25
toothless,4,114576.0,0,4
struggle,10,106835.44,27,7
clothes,30,134963.19,70,30
shove,20,100413.06,84,7
backward,7,65591.05,1,7
smoking,9,106602.11,2,9
late,62,99201.68,74,55
flat,26,120115.11,31,25
heap,11,132379.71,23,11
throw,81,107179.01,364,52
penny,48,95821.27,75,43
undress,3,200715.33,6,3
erect,13,99991.56,25,12
join,18,98203.27,56,13
thus,8,103540.25,2,8
spake,3,108882.67,9,1
zarathustra,3,120464.0,0,3
wild,36,119643.3,21,36
horn,26,73186.72,48,20
bull,34,96678.57,89,29
horse,81,107302.8,202,72
priest,58,110948.97,111,55
discreetly,3,137709.33,0,3
sleep,64,127073.98,155,54
home,119,101492.71,125,105
also,87,92413.14,5,86
curve,24,107045.2,65,24
wave,51,97403.55,136,43
sleek,3,77764.67,0,3
seal,11,122527.71,12,9
cochrane,6,40054.33,6,6
city,57,114925.6,83,55
battle,17,118316.6,36,14
fabl,3,152293.33,9,1
daughter,63,96553.41,174,54
phrase,6,136517.2,14,4
impatience,8,101060.18,12,8
blake,5,167644.0,2,5
excess,3,121907.33,4,3
ruin,27,121561.72,61,23
space,31,118252.25,75,28
topple,4,154056.83,8,3
masonry,3,151398.0,5,3
livid,5,140528.8,1,5
final,13,96889.38,3,13
place,188,106795.97,532,159
b.,34,82793.68,14,34
c.,61,89020.95,35,61
date,14,73486.08,43,13
victory,5,145941.8,9,5
ease,6,143032.67,21,5
mind,101,102289.83,245,84
hill,25,83845.72,68,24
above,43,104064.78,2,43
spear,5,85375.8,13,5
armstrong,6,60191.6,4,6
pyrrhus,8,20511.5,13,6
comyn,3,319.33,0,3
satchel,7,57296.57,12,7
swallow,13,80807.77,38,9
crumb,6,110608.87,9,5
adhere,4,135188.67,9,3
tissue,15,86933.71,21,15
sweeten,3,83585.33,8,3
navy,9,81515.5,24,8
road,57,112575.63,141,53
dalkey,8,102451.04,5,8
silly,19,90657.45,6,19
glee,4,116520.33,12,4
profile,4,155217.5,4,4
aware,4,54177.5,12,3
lack,7,85046.29,28,4
fee,11,100103.82,30,10
papa,18,93919.51,34,14
poke,9,99368.83,43,6
bridge,52,90056.71,127,48
meaning,10,96273.11,18,10
bench,16,89404.12,48,15
whisper,47,93101.52,157,19
never,252,109746.1,14,248
nor,59,92175.34,1,59
innocent,12,104040.2,12,12
envy,8,123505.79,20,5
gerty,64,21711.88,75,58
jam,3,200511.33,5,3
bracelet,8,124242.0,18,7
disappointed,3,197614.0,5,2
river,20,118343.13,48,18
chapbook,3,112276.0,9,2
deftly,7,97835.62,0,7
amid,36,109834.67,0,36
pierce,6,117200.0,12,6
polished,10,57897.76,10,9
mail,6,109147.6,11,5
jester,3,150582.0,9,2
court,52,95282.07,112,47
indulge,5,139094.2,16,5
win,41,93373.99,131,30
part,89,91988.75,234,82
caress,10,108892.8,32,7
often,56,112338.62,19,56
julius,6,136147.33,15,6
caesar,5,146254.0,2,5
brand,10,107649.84,39,6
fetter,6,118603.47,4,6
lodg,6,142369.07,33,4
infinite,9,107173.67,5,9
possibility,16,97198.55,50,15
possible,42,106095.21,69,35
story,34,120767.66,105,30
ghoststory,3,143113.33,11,2
talbot,14,123087.74,7,14
recite,5,136436.8,12,2
jerk,16,97245.09,58,8
verse,14,119089.9,35,14
weep,17,101208.04,46,11
shepherd,8,95162.04,18,7
sunk,3,121221.33,6,1
though,169,78032.27,17,169
watery,5,123220.2,1,5
movement,22,110313.95,59,19
aristotle,8,87957.82,3,8
itself,48,114593.74,16,48
gabble,5,130596.4,18,3
saint,76,91135.17,147,72
shelter,20,107067.87,46,18
sin,44,91990.18,99,38
delicate,12,93754.06,8,11
siamese,4,112857.5,2,4
handbook,3,183386.0,9,2
darkness,15,97221.9,36,15
reluctant,7,134706.67,16,7
shy,11,126998.84,20,10
brightness,10,78892.93,17,9
shift,19,115642.63,59,15
dragon,6,97247.27,6,6
tranquil,5,130986.4,0,5
tranquility,3,183614.67,12,2
vast,20,94382.86,6,20
repeat,28,104513.21,96,17
dear,83,94329.77,69,72
lie,68,110828.83,218,42
eager,7,45880.86,3,7
tribute,6,112590.27,15,5
riddle,10,59441.4,30,6
wove,8,88841.11,22,6
loom,6,114688.53,22,4
ay,54,85551.36,76,47
randy,3,159361.33,1,3
ro,3,159361.33,10,2
seed,11,97540.73,20,9
sow,7,113874.38,21,6
slide,28,82822.42,86,16
close,71,102302.14,193,48
thursday,14,120184.43,23,9
pencil,11,109111.2,14,11
rustle,7,114935.9,27,3
crowd,30,81707.92,61,28
strapp,4,84712.0,7,3
buckle,7,71438.1,19,6
hard,66,92129.53,91,56
cock,22,101319.39,59,19
crew,4,114026.33,11,4
sky,22,106940.28,41,19
blue,83,103605.87,61,80
heaven,43,95695.9,74,39
eleven,38,98434.12,35,35
',31,84370.61,0,31
tis,11,78235.45,17,7
itching,3,199565.33,15,3
fox,16,94787.93,34,13
bury,36,84534.01,111,18
grandmother,7,112353.81,10,7
nervous,11,111184.11,7,11
dismay,3,108337.33,4,3
stick,81,110066.54,270,66
corridor,4,37707.5,10,4
asunder,3,115344.0,0,3
sidl,4,134052.17,9,3
rattle,14,82306.43,44,4
clamour,3,148762.0,5,2
sargent,7,358.48,3,6
linger,7,63789.71,14,6
copybook,6,128160.2,16,5
witness,20,93327.29,65,16
misty,3,93306.67,1,3
glasses,25,94926.51,51,25
weak,24,108768.42,35,21
plead,7,80684.86,13,5
bloodless,3,44695.33,2,3
stain,20,100789.93,40,17
ink,17,132483.57,27,17
recent,9,105137.83,1,9
damp,9,43214.56,7,9
snail,4,31863.67,10,4
slope,12,86454.45,29,9
signature,7,133191.52,22,6
blind,57,96285.96,74,54
loop,10,109877.51,20,8
blot,3,72548.0,5,3
mr,717,82400.67,1286,691
deasy,44,44097.27,4,44
number,69,105859.22,176,64
fifteen,17,73502.31,13,11
copy,17,118712.22,55,13
board,23,105882.0,58,20
ugly,7,117793.43,8,4
tangle,5,111999.2,10,4
borne,7,100443.43,21,7
race,45,92640.79,121,41
trample,5,107626.8,20,1
drain,8,99050.68,26,4
true,62,91229.93,109,49
prostrate,3,179232.67,0,3
columbanus,3,90727.33,7,2
zeal,3,50008.0,2,3
skeleton,5,99596.4,6,5
twig,6,92709.47,17,3
burn,27,121524.74,67,20
scarcely,13,80252.0,0,13
winking,4,116740.17,12,4
reek,12,98926.36,44,11
fur,5,152787.8,6,5
earth,68,98827.0,128,65
askance,4,66422.83,4,4
slant,5,127602.8,3,5
hockeystick,3,148666.67,4,3
knock,49,115569.14,177,33
ball,41,94087.51,61,38
letter,119,118336.94,251,104
quaint,3,133347.33,1,3
cap,53,92082.27,129,47
square,42,113830.66,73,39
traverse,4,106820.83,9,4
moses,34,96346.19,56,33
maimonides,5,127680.8,2,5
mien,5,92736.0,12,5
mocking,5,127058.8,2,5
obscure,4,179408.17,1,4
comprehend,4,143658.33,12,3
second,107,99293.26,78,104
shaky,5,40864.2,3,4
hue,12,83797.45,28,11
shame,17,99170.59,50,11
flicker,6,82887.47,7,5
amor,5,83519.2,23,2
:_,3,129675.33,0,3
feed,28,61252.6,96,19
band,19,86099.38,43,17
childhood,6,73237.4,7,6
palace,11,90069.89,37,11
weary,13,117189.49,23,10
tyrant,4,154942.67,10,4
willing,6,105063.0,10,6
sum,11,115208.18,27,10
dry,27,104756.71,17,23
sheet,34,109607.09,55,33
thin,11,130753.09,4,10
blottingpaper,4,145931.0,7,4
playfield,4,1708.83,9,4
porch,12,73087.61,39,11
sharp,19,116612.07,8,17
wisp,4,104128.17,7,4
grass,14,80636.07,28,13
gaiter,3,204240.67,4,3
contend,4,81622.5,11,3
angry,10,81817.51,8,9
moustache,23,108155.76,54,22
study,28,103015.2,64,27
restore,5,91618.2,20,2
order,70,94808.54,177,60
many,80,101009.19,60,75
stale,13,97362.97,8,11
smoky,3,120706.0,0,3
drab,3,69442.0,2,3
leather,17,125298.03,25,16
bargain,14,109531.98,33,10
beginning,6,143636.2,22,5
sideboard,5,141830.4,12,5
tray,11,88480.04,24,10
stuart,3,87399.33,4,3
treasure,8,116739.54,20,8
bog,6,78803.13,12,6
snug,7,85297.14,17,5
purple,17,88744.82,17,16
plush,5,120497.0,8,5
fade,24,118612.93,38,19
preach,5,136711.8,12,5
gentile,7,130658.76,14,7
hasty,7,79777.24,0,7
financial,5,114110.6,3,5
pocketbook,5,171566.0,10,5
bind,13,86492.77,55,9
thong,3,125298.67,9,3
carefully,12,112582.82,2,12
stow,7,96960.19,28,5
turban,3,205818.0,7,3
pilgrim,4,136340.83,8,4
hoard,6,50227.33,15,4
pile,14,79751.78,32,11
savingsbox,3,390.0,4,3
handy,7,120288.1,3,7
sixpence,9,103662.17,8,8
halfcrown,3,156297.33,8,2
crown,48,106161.39,96,47
haste,6,41851.6,10,5
earn,4,154247.67,13,2
beauty,56,110994.42,113,51
power,100,98873.05,104,93
soil,23,124318.75,32,22
greed,5,134038.4,9,5
misery,9,116822.56,11,6
lose,107,100101.21,345,63
buy,67,113788.27,218,41
machine,12,103132.86,28,10
wisdom,18,103640.24,42,15
noose,3,151677.33,6,2
youth,32,98018.31,59,29
purse,16,96593.95,36,13
iago,4,39808.0,8,3
pride,12,111686.65,34,10
empire,13,101650.46,42,11
ba,5,72559.0,6,2
boast,5,112828.2,11,5
borrow,6,126872.87,20,5
pound,57,103103.84,130,48
sock,16,110532.76,25,16
brogue,10,102107.93,22,10
curran,3,79216.0,2,2
temple,12,140572.76,17,11
lunch,13,90420.67,40,8
russell,12,34528.71,14,10
useless,7,66243.24,10,2
generous,9,107214.5,10,7
unhappy,4,99905.0,1,4
mantelpiece,7,126945.33,13,7
bulk,8,133257.21,19,8
tartan,3,169330.67,0,3
albert,8,119697.11,17,7
edward,17,79461.57,15,13
prince,43,85928.64,83,42
wales,5,151771.6,5,5
fogey,3,64980.0,8,3
thoughtful,4,127923.67,3,4
generation,10,84011.51,14,10
o’connell,19,91156.15,3,19
famine,3,50114.0,4,2
46,4,144603.83,11,4
orange,17,122440.65,15,17
lodge,11,95809.82,35,10
union,19,122441.7,37,18
communion,7,113696.0,8,7
pious,9,116879.39,4,9
diamond,15,85924.82,18,15
armagh,6,81555.4,7,6
splendid,16,126344.53,4,14
armed,3,188027.33,1,3
bible,10,53725.31,18,8
gesture,16,107881.96,40,16
rebel,4,126081.67,6,4
john,194,79005.76,387,178
blackwood,4,64351.17,2,4
vote,3,32307.33,8,2
king,91,97877.83,191,84
alas,6,65551.4,7,5
firmly,5,42809.4,0,5
motto,3,183349.33,12,2
topboot,3,34.0,3,3
ride,25,104474.08,91,16
lal,3,33.33,9,0
ral,3,33.33,3,3
ra,5,25702.6,5,5
rocky,5,94330.8,0,5
squire,5,98167.4,20,4
honour,28,81940.33,55,25
!...,5,105430.8,0,5
jog,3,147506.0,8,1
literary,13,106969.03,1,13
friend,100,94217.13,257,89
press,40,107682.93,101,30
desk,10,49014.6,20,10
drum,15,119388.82,33,14
typewriter,3,165018.0,6,3
excuse,24,108985.0,67,11
_the,7,87110.86,0,7
dictate,7,126095.62,23,5
mutter,12,87515.32,30,8
button,35,119125.89,86,34
keyboard,6,117854.8,13,6
sometimes,35,113530.49,0,35
screw,12,118207.8,29,10
error,11,129337.96,23,10
seat,53,105445.86,137,47
presence,17,94761.66,43,17
frame,8,122914.54,24,7
around,58,117087.1,3,58
wall,67,114004.23,166,63
homage,5,118596.0,4,5
meek,5,92825.8,5,5
poise,5,77106.2,13,4
duke,17,117126.54,33,17
rider,4,111230.83,7,4
watchful,4,47268.0,4,4
sign,55,102716.6,156,38
speed,7,57929.81,12,5
prompt,4,105754.17,15,3
allimportant,3,97484.67,0,3
question,58,98314.61,162,52
hunt,4,157083.67,18,3
winner,7,108144.76,14,5
among,57,98877.25,0,57
brake,4,134432.33,5,4
bawl,12,110818.94,35,7
booky,4,123312.5,9,4
pitch,7,121398.76,22,4
canteen,3,123762.67,8,2
slush,3,39242.0,7,3
vie,4,80677.5,4,4
jacket,16,120586.57,37,15
butcher,17,125226.85,30,17
dame,24,93934.93,35,23
clove,3,173468.67,7,2
goal,8,130174.64,20,7
medley,4,155337.0,17,4
darling,23,107767.07,40,19
shocked,4,117513.67,6,4
rebound,3,66706.0,9,1
shock,11,121833.71,32,11
freeze,10,125320.58,19,9
slain,4,139854.0,10,4
bait,3,42733.33,7,1
pin,28,123460.76,63,26
disease,16,133275.97,41,13
opinion,17,80730.24,42,16
may,93,96274.5,36,90
trespass,6,134415.33,22,4
valuable,6,133433.8,3,6
doctrine,4,130500.67,11,3
faire_,3,3132.67,3,3
trade,16,89210.3,26,14
industry,3,170027.33,10,3
liverpool,7,111398.57,5,6
jockey,3,164321.33,5,3
galway,9,82989.78,5,9
scheme,17,60197.15,47,11
european,3,84721.33,5,3
channel,7,97978.95,19,7
imperturbability,3,172396.67,12,2
department,7,149950.95,27,7
pardon,8,99251.32,10,5
classical,8,106497.71,4,7
allusion,8,122314.36,25,7
issue,18,105237.58,48,16
mince,4,149494.5,10,3
preparation,4,156610.33,8,4
serum,3,178797.33,7,2
percentage,3,172759.33,9,2
emperor,6,127353.93,12,6
austria,4,170113.5,5,4
surgeon,7,89537.9,17,6
henry,79,100582.01,85,70
price,19,127781.15,33,17
courteous,3,31099.33,0,3
trial,4,154551.5,6,4
hospitality,7,137752.67,13,7
column,11,98107.67,21,10
cure,21,104108.44,66,13
cousin,16,109336.2,51,12
try,122,116897.32,415,77
influence,26,97991.62,84,20
publicity,5,117752.0,3,5
difficulty,9,101606.06,22,9
mark,46,101910.79,106,36
finance,5,126274.4,8,5
nation,22,63356.31,47,20
decay,5,155660.0,8,5
wherever,6,153164.6,1,6
vital,8,113954.82,12,7
strength,18,99779.97,55,15
merchant,15,122379.28,36,14
already,21,98410.23,0,21
destruction,4,147222.17,8,3
broad,16,109482.36,9,14
dy,4,114829.5,10,3
harlot,6,127017.0,11,6
windingsheet,3,151121.33,4,2
wide,29,100768.44,15,28
vision,12,109636.61,29,12
sinn,17,72470.25,56,11
wanderer,3,178462.67,15,3
stock,19,103902.64,51,17
exchange,11,99116.51,39,9
quote,6,134625.13,15,3
geese,9,91357.56,12,8
swarm,3,157430.67,12,1
vain,13,99798.31,18,10
patience,9,128778.44,11,8
scatter,8,77924.21,27,5
roadside,3,156900.0,4,3
dishonour,6,98946.53,7,6
pace,27,117739.55,56,24
underjaw,4,112798.83,3,4
uncertainly,7,112808.19,0,7
nightmare,5,96207.8,14,2
creator,7,78172.1,13,7
human,59,99692.62,14,58
shrugg,4,141634.17,8,3
commit,9,103693.5,38,5
helen,7,52093.43,5,6
runaway,5,103235.8,3,5
wife,150,101744.18,347,137
menelaus,3,48118.0,2,3
troy,9,72472.0,11,9
shore,14,117891.49,34,13
o’rourke,9,75667.17,3,8
parnell,22,104410.12,10,21
failure,4,142045.67,12,3
fight,31,92215.24,109,20
ulster,7,137621.62,1,7
foresee,6,138348.33,23,2
remain,27,94283.63,110,19
perhaps,81,98857.11,4,81
humble,6,115213.0,5,5
regards,5,126124.8,10,4
publish,6,59879.33,15,4
telegraph,8,124099.93,17,6
tomorrow,28,106865.4,12,27
editor,28,21672.17,37,28
m.p,3,52936.0,1,3
association,5,136696.0,13,5
hotel,42,114350.44,115,40
paper,110,115234.29,241,100
gravel,4,116501.83,11,4
tree,46,102396.05,126,45
lion,11,110899.31,19,11
pillar,23,107156.37,50,20
gate,41,96526.04,93,36
terror,6,109265.6,9,6
dub,5,120039.0,12,4
bullockbefriending,4,89658.33,1,3
breathe,29,102963.3,87,17
persecute,4,94033.83,9,2
drag,18,117524.9,73,15
chain,24,96538.36,54,22
phlegm,4,49495.83,4,4
stamp,23,110148.07,54,19
wise,19,107034.95,14,19
ineluctable,6,73139.67,0,6
modality,4,108915.67,20,0
visible,14,89946.36,10,14
least,44,101681.9,34,43
rusty,8,88705.82,7,6
coloured,10,98763.29,3,10
limit,9,133419.67,25,6
diaphane,3,38.0,6,2
easy,34,135948.01,36,29
bald,26,68934.58,15,24
di,8,55043.96,3,8
che,6,87941.73,9,6
adiaphane,3,106437.33,10,3
crush,16,129545.61,42,12
crackling,3,138646.67,3,3
stride,10,88992.56,29,7
short,51,107682.64,46,48
six,58,102745.87,38,52
exactly,16,105170.4,3,15
audible,3,178766.0,2,3
no.,9,78718.22,14,3
_nebeneinander_,3,4041.33,4,3
ineluctably,4,153242.33,1,4
sword,9,82034.28,26,7
solid,11,125053.82,4,11
eternity,8,79736.93,8,8
sandymount,15,113450.53,8,15
strand,23,101219.84,44,22
crick,4,113612.17,6,4
ken,3,107672.0,7,2
mare,16,65059.06,39,14
rhythm,3,118866.0,6,3
march,29,105903.77,79,22
terrace,12,145538.86,35,11
prudently,4,139341.33,2,4
sink,32,105758.29,108,20
silt,3,102410.67,4,3
sand,39,91438.57,73,37
midwife,5,83233.8,8,5
beach,7,109374.67,21,7
liberty,8,115752.46,22,7
florence,5,155115.6,4,5
maccabe,4,31013.17,0,4
deeply,14,94953.54,9,14
lament,3,160800.67,16,1
bride,16,68165.48,40,15
navelcord,4,104699.5,7,3
ruddy,6,76401.27,6,6
wool,7,78795.14,20,6
cord,4,147099.33,9,3
monk,16,95886.83,29,10
hello,33,59142.54,72,11
aleph,4,161365.0,15,2
alpha,7,109708.0,10,7
nought,13,97663.56,14,13
spouse,7,93173.71,17,6
adam,10,117990.0,20,9
naked,21,135069.94,14,20
eve,13,90115.26,31,13
navel,5,134317.8,11,5
belly,28,99387.97,64,26
bulg,7,72823.33,11,7
taut,3,133026.0,1,3
vellum,3,88806.0,5,3
corn,10,88866.96,18,7
orient,5,92326.0,12,4
everlast,4,153656.83,7,4
everlasting,3,113104.0,2,3
womb,17,99512.78,39,14
sunder,3,106143.33,7,2
substance,8,123129.46,35,6
wherein,6,82934.53,1,6
consubstantial,4,141645.0,4,4
conclusion,7,125677.33,21,6
watercloset,3,145227.33,5,2
throne,12,103217.77,38,10
widower,9,125276.39,19,7
clote,4,152241.17,2,4
romp,4,154844.17,11,3
nip,6,105896.4,11,4
mananaan,3,43672.67,4,3
sara,5,136998.2,3,5
artist,9,110536.06,22,7
lately,10,148435.69,0,10
sally,3,110102.67,3,3
bit,158,118340.34,310,143
uncle,18,92342.23,37,16
si,13,64178.92,17,11
marry,55,105217.81,164,44
drunken,16,90396.92,15,16
player,9,55245.61,22,9
highly,22,68071.42,0,22
respectable,11,92890.04,4,11
walter,9,74846.17,3,9
less,37,77970.12,36,35
goot,5,49424.6,15,1
shutter,5,137880.0,4,5
cottage,6,150596.93,8,5
dun,8,116398.93,17,8
bolt,10,121734.07,16,9
nuncle,4,37823.5,10,4
richie,43,55057.13,57,37
pillow,13,145246.36,29,13
blanket,5,142045.6,9,5
extend,17,92991.35,67,12
sturdy,3,61918.67,0,3
morrow,3,134550.0,11,1
nephew,5,107070.2,10,4
whereon,3,87568.67,0,3
draft,3,73345.33,10,3
cost,10,118364.31,35,8
tandy,3,155712.67,5,3
file,16,88124.54,39,14
consent,6,106796.87,9,5
writ,8,84837.68,16,7
bogoak,3,131152.0,0,3
malt,4,115441.5,6,4
bath,26,128405.12,70,23
lower,14,113376.52,37,11
really,49,106741.59,8,47
law,62,102201.9,151,55
squint,8,122045.32,32,6
vainly,4,45812.67,0,4
nowhere,6,145827.07,7,4
mug,6,122235.27,16,6
bite,25,115537.98,82,19
none,44,88277.93,67,41
herring,10,88026.18,22,10
backache,4,65402.17,5,3
pill,9,98940.5,14,8
bar,44,90423.43,110,35
grandest,3,117484.67,0,3
whole,60,111493.93,16,60
opera,14,128898.91,25,12
finely,4,75048.67,0,4
rushe,4,61951.5,11,4
fist,12,91158.48,31,11
pad,12,62711.83,17,10
gentry,3,181029.33,2,3
judge,18,93992.05,38,17
stagnant,5,125118.6,7,5
marsh,6,111780.27,13,6
prophecy,5,131495.6,15,5
cathedral,4,143774.83,5,4
wood,20,118380.63,38,19
madness,5,116394.4,11,4
mane,3,145134.67,2,3
foam,3,135706.0,6,3
moon,42,106514.2,106,40
eyeball,3,145132.67,2,3
foxy,4,93518.83,2,4
campbell,7,113685.43,2,7
furious,5,127075.0,3,5
dean,6,133754.73,17,6
calve,5,87481.8,14,4
ut,4,91494.17,7,4
ne,6,82427.0,5,6
(,651,72254.31,0,651
),1787,46789.54,0,1787
clutch,11,122344.11,37,8
choir,12,126450.98,17,11
echo,10,119565.04,18,7
assist,5,119863.2,16,5
altar,16,94404.41,34,16
geld,4,118191.5,9,2
fat,49,86370.71,40,46
kidney,27,102247.39,54,25
wheat,4,166268.67,5,4
elevate,6,107781.6,25,3
dan,18,91576.07,36,17
invincible,11,103638.47,23,11
tickle,17,113834.24,72,5
twang,3,120144.67,4,2
isle,7,102677.81,20,5
awfully,22,122506.03,0,22
virgin,37,80899.41,77,34
devil,45,108802.06,94,39
serpentine,3,178749.33,1,3
avenue,13,108709.33,38,12
widow,31,104268.1,64,30
front,40,115543.73,79,36
wet,34,107644.4,34,32
dyed,4,117880.5,4,3
rag,17,114389.0,48,15
pinn,8,98082.89,15,6
squaw,3,116092.67,8,3
howth,19,91367.26,13,17
tram,30,72550.65,69,26
rain,36,104237.45,46,32
invent,13,136220.49,42,9
apiece,3,153894.0,5,3
hurray,3,140783.33,5,0
goddamned,3,137772.67,0,3
idiot,11,104567.42,45,6
f,6,51123.53,8,6
prefer,15,118880.19,58,7
w,4,150758.17,0,4
w.,29,102204.45,44,27
include,18,98680.27,21,16
thousand,44,99241.71,48,43
strange,26,97845.75,20,22
trod,3,59313.33,13,1
mast,4,101318.83,11,4
squeak,8,84051.79,13,8
pebble,9,83709.83,12,9
suck,18,115539.22,49,13
sole,10,109686.47,27,9
upward,7,80148.86,2,7
sewage,5,69349.4,7,4
seaweed,5,60923.0,4,5
coast,5,123077.4,11,3
waist,7,98824.67,14,7
thirst,8,107678.0,18,6
hoop,5,139307.0,17,2
;,32,48893.34,0,32
cunning,5,57415.8,1,5
net,10,113771.18,19,9
backdoor,5,99204.6,14,5
crucify,3,87747.33,9,2
ringsend,7,122354.95,7,5
mariner,9,103828.78,22,8
firmer,3,191708.0,1,3
qui,8,114451.89,26,6
vous,5,95840.0,4,5
cette,3,135136.67,0,3
fichue,3,135136.67,0,3
position,28,92067.93,76,26
c’est,5,92872.0,15,2
le,19,102529.51,29,18
pigeon,10,101422.31,10,10
patrice,5,133169.6,6,4
lap,20,85385.53,59,11
goose,7,122845.24,14,6
kevin,13,110548.92,27,11
egan,10,123026.13,3,10
pink,21,118798.7,25,21
_la,9,89407.78,24,7
m.,46,99499.61,72,43
moi,3,131802.0,9,1
en,6,120383.13,6,5
à,8,125173.25,0,8
il,7,95787.71,15,4
monday,20,132033.02,23,18
n.,7,124547.81,7,7
aha,10,92599.42,13,3
fleshpot,3,48276.0,6,2
egypt,15,100450.44,18,15
belch,3,137142.67,8,2
most,150,77535.61,21,149
natural,43,86997.55,33,40
use,119,127660.37,385,94
punch,15,61989.54,28,13
ticket,16,111957.58,43,16
alibi,3,121830.67,10,3
arrest,11,100754.4,42,7
murder,31,106307.59,70,26
justice,25,101514.22,30,24
seventeenth,3,133761.33,5,3
february,5,128083.4,11,5
1904,8,102772.11,4,8
prisoner,4,146340.83,9,4
overcoat,10,114759.58,31,10
lui,3,153821.33,3,2
proudly,3,27518.67,0,3
walking,11,122814.65,16,8
bang,18,112400.13,35,13
office,56,79532.24,160,54
usher,4,138775.33,11,4
hunger,7,89230.1,13,7
deux,4,135922.33,8,3
clock,25,102993.71,50,24
dog,78,102880.56,174,67
brass,16,111467.72,8,16
hurt,20,89303.51,69,8
missionary,3,129182.67,9,2
europe,14,95917.0,25,13
fiacre,4,80279.67,3,4
spilt,3,39453.33,10,1
pretend,24,68423.17,56,22
porter,23,71421.58,37,23
threepence,6,81644.73,10,5
comment,7,119590.38,16,5
?_,12,71886.62,0,12
tatter,7,139040.86,19,4
telegram,9,32761.06,17,5
health,19,76426.83,39,18
decent,12,125125.35,10,11
furrow,5,150357.8,11,5
boulder,5,43937.4,14,5
south,38,114683.26,39,37
mammoth,3,125932.0,1,3
skull,20,72598.67,43,16
slender,12,101081.53,2,12
moist,8,117450.75,2,8
pith,3,59114.67,10,2
lover,21,120273.06,42,20
saucer,5,152304.6,13,5
acid,6,77803.53,12,6
tumble,12,110469.61,23,9
shatter,6,76307.4,12,4
pastry,5,83879.2,11,4
noon,9,117651.11,14,8
slumber,6,80831.2,13,5
gunpowder,3,129764.0,1,3
smear,4,168151.0,11,4
printer,4,121366.67,8,4
sip,10,107559.53,25,9
fairy,5,166051.8,5,5
spice,5,95777.4,4,4
bean,3,139086.67,5,3
gullet,5,134599.0,11,5
coffee,19,92188.58,19,19
steam,11,137266.76,8,11
beck,5,89591.2,14,5
est,5,86052.2,0,5
non,10,121945.96,13,8
nous,3,103808.67,6,2
cheese,11,80021.53,20,8
postprandial,3,18.67,4,2
queer,27,113448.63,31,22
fang,4,86384.17,6,4
arthur,9,79520.22,28,8
griffith,7,97844.67,7,6
e,11,124631.09,6,11
yoke,5,123549.8,16,3
crime,8,100811.82,17,8
cause,46,91036.06,125,37
spanish,27,113487.56,24,25
drumont,3,2602.0,1,3
famous,21,88279.89,6,20
journalist,4,125592.67,8,4
victoria,8,122694.64,7,7
hag,7,146457.9,27,3
maud,5,135182.4,14,5
beautiful,38,94063.48,37,35
licentious,3,108590.67,5,3
tout,5,127735.4,13,2
rub,24,95806.5,108,12
male,42,85680.39,46,41
les,7,86939.71,11,3
custom,12,65474.53,20,11
private,77,56405.97,46,68
lascivious,4,105743.83,1,4
fuse,3,124778.0,6,3
deadly,3,122742.0,0,3
catch,62,94973.05,240,34
smoke,34,96514.11,76,28
raw,17,94832.72,6,16
centre,12,83185.47,36,12
version,3,173538.67,9,2
drive,44,106510.46,182,25
malahide,11,86894.69,13,11
faith,27,95356.18,48,22
betray,3,83104.67,5,3
escape,9,96045.44,33,5
disguise,4,136228.0,7,3
prowl,5,108722.4,20,4
colonel,4,121519.0,9,4
richard,15,61094.23,25,15
burke,35,82505.61,13,32
vengeance,4,130001.5,12,4
hurl,3,76562.67,7,2
fog,9,87562.78,18,9
station,20,96287.38,67,20
dingy,5,34196.6,0,5
tavern,6,108658.93,15,6
lair,4,142085.83,9,4
rue,5,75883.8,23,5
la,38,105213.04,30,33
madame,5,87125.8,16,4
canary,4,109413.83,2,4
lodger,3,200436.0,10,3
skirt,43,108984.13,85,43
pat,56,46765.77,83,45
soldier,25,104715.24,43,21
france,4,145973.33,5,4
kilkenny,6,58732.07,9,4
stout,17,106800.49,24,15
roar,20,76947.94,46,17
castle,24,63049.17,50,23
thee,29,77575.65,24,28
greet,14,60062.74,59,5
harp,14,76952.99,33,7
nerve,16,114037.69,35,14
kish,7,113931.24,11,6
scan,9,93894.22,20,8
creep,12,78635.94,38,7
dial,3,174319.33,6,3
dusk,7,101380.95,16,5
dome,3,48488.67,9,3
obelisk,3,107014.0,4,3
abandon,9,104164.44,29,8
mole,6,74244.93,15,6
sable,5,111393.6,8,5
tempting,5,154912.0,6,5
flood,16,123458.18,41,15
flow,39,94616.53,83,30
climb,16,120819.49,56,10
stool,8,88307.14,23,8
carcass,4,154166.17,10,3
loll,8,97074.32,30,3
louis,7,91121.24,11,6
builder,3,126588.67,5,3
rat,14,95269.14,29,11
lout,3,75096.0,3,3
respect,18,101933.88,31,15
slave,10,103439.51,20,10
tight,30,88112.83,24,26
marie,7,124212.95,19,6
tuck,13,109824.82,49,8
safe,17,99754.81,25,10
bulrushe,3,103852.0,6,3
quest,6,137767.6,14,5
spout,5,127679.8,6,5
starve,11,90766.47,30,8
dwarf,9,125844.78,6,9
plague,7,79556.86,25,6
slaughter,9,103625.5,20,8
lust,11,87712.51,23,10
liffey,10,100776.71,9,10
splutter,5,65619.8,9,4
bark,13,117105.08,35,9
enemy,11,99148.91,29,10
doublet,3,147493.33,10,2
fortune,11,100420.04,20,11
pine,5,63974.2,11,3
fitzgerald,6,83611.07,3,6
silken,5,119085.2,6,5
knight,13,84484.49,36,11
york,10,106189.33,12,10
false,27,97560.12,7,27
scion,3,142477.33,11,3
breeche,12,91305.05,21,12
ivory,7,100434.67,2,7
lambert,53,53586.0,7,53
tail,33,103004.81,58,32
paradise,6,133177.6,10,4
cur,4,102705.17,9,4
yelp,3,133574.67,9,2
mock,10,71383.2,25,9
san,4,126838.83,4,4
medieval,3,178326.67,1,3
ago,50,118131.02,73,45
maiden,8,109702.68,4,8
basin,9,112698.06,28,8
scream,16,90893.42,48,14
waters,3,86108.67,4,2
bet,16,125075.82,42,7
amble,5,89252.2,20,1
bank,30,118439.35,69,29
dwindle,4,102591.0,5,3
trot,12,108908.82,31,9
sniff,14,82897.75,46,9
bounding,3,63407.33,0,3
hare,7,70226.86,5,7
gull,12,93084.55,12,11
shriek,7,94692.86,14,4
bound,11,116273.27,26,10
trotet,6,52496.47,22,1
proper,19,91654.91,4,19
herd,5,92697.8,9,5
crest,5,126174.0,11,5
ninth,5,117708.4,8,5
plash,3,67012.67,4,3
wade,4,153905.17,16,2
stoop,13,85764.0,37,7
souse,3,136784.67,14,1
rear,7,108106.1,24,5
paw,25,79222.23,75,22
drop,43,97033.23,118,34
unheeded,4,91530.5,0,4
wolf,5,120084.8,12,5
jaw,16,87177.19,29,15
ahead,10,106468.84,0,10
gallop,16,100636.68,25,14
stalked,3,5511.33,9,3
sniffle,3,115666.67,9,3
rapidly,19,93183.24,3,19
ground,36,98270.19,85,31
mongrel,10,65991.47,29,9
flight,6,128424.73,15,6
cocked,11,103851.89,14,10
piss,8,141613.68,20,8
pleasure,37,112381.68,65,35
dabble,5,167333.2,17,4
root,12,92666.88,31,10
fury,6,80422.67,8,6
claw,11,116236.84,24,11
soon,35,109079.55,18,35
pard,3,144903.33,8,3
vulture,5,114396.8,3,5
hallway,9,90453.5,27,8
haroun,3,144866.0,6,1
al,3,144866.0,0,3
raschid,3,144866.0,0,3
melon,3,183532.67,12,2
carpet,10,139633.44,18,10
spread,12,88784.52,42,6
trudge,4,51815.0,15,1
egyptian,7,113386.67,5,7
turnedup,4,120135.17,0,4
brick,8,106487.25,11,8
muffler,4,145365.33,21,4
strangle,6,84337.33,17,5
unshaven,4,98456.0,1,4
ruffian,7,109131.71,30,4
spoil,10,130718.69,24,7
bare,31,86971.0,28,29
flaw,4,59258.0,14,3
shawl,14,102581.89,33,14
archway,3,145648.67,8,3
mire,5,116184.0,9,5
royal,46,95365.2,27,46
dublins,3,188228.0,11,3
rogue,6,105830.8,19,5
rum,12,127861.73,24,11
lingo,3,158692.67,10,3
whiteness,3,60446.67,6,1
lane,45,110145.09,109,43
gan,4,131338.17,2,4
quarron,3,146900.0,2,3
dainty,9,95986.89,4,9
couch,8,86506.11,16,7
clip,6,79189.8,17,5
kiss,80,117443.45,235,62
whit,4,164770.0,2,4
girdle,5,80248.0,11,4
tough,3,113146.0,7,2
patter,4,97239.17,7,4
train,26,105200.37,55,21
load,10,79504.78,28,10
winedark,4,135556.83,0,4
omnis,3,102448.67,12,1
vampire,6,113634.53,6,5
storm,14,97154.74,26,14
bat,13,65775.51,20,11
tablet,4,144975.67,10,3
glue,6,120842.33,18,3
tomb,5,63832.0,10,4
mould,6,77278.87,22,3
planet,12,101983.8,29,11
blaze,19,89365.44,30,13
banknote,3,139522.67,4,3
blast,11,70758.91,22,6
scribble,7,97995.9,24,5
counter,23,88391.91,44,23
darkly,5,152088.2,5,5
delta,6,131651.6,13,6
cassiopeia,4,168123.17,5,4
rod,4,117732.67,11,4
sandal,5,112595.6,9,5
violet,26,103689.67,27,25
reign,9,108836.28,31,8
anywhere,10,127033.47,8,10
bishop,17,83585.82,40,15
shovel,3,124885.33,2,3
hatch,5,99230.4,4,5
distance,11,87167.53,29,8
east,12,133509.64,23,9
click,4,65068.33,10,1
trick,18,75750.08,33,15
gentle,25,89103.93,6,25
beyond,38,98888.58,0,38
keen,10,108719.76,17,7
wrist,5,113920.4,8,4
braid,6,81831.73,5,5
sunshade,4,54589.5,6,3
leeson,3,167110.67,0,3
park,31,101839.71,63,31
grief,15,84061.41,26,13
lady,128,90395.29,314,121
suspender,3,176920.0,6,3
stocking,19,111034.87,49,17
wit,19,84163.2,51,16
lonely,14,52458.36,13,11
sad,45,80307.04,62,38
tilt,10,91404.42,19,9
nodd,13,99803.1,22,11
nap,4,130776.0,5,4
sabbath,3,180277.33,4,3
deus,3,112710.67,3,2
flower,82,113558.46,164,73
leaf,3,145423.33,6,3
lash,6,113719.67,22,4
burning,9,66577.5,8,8
scene,37,87945.57,95,33
pan,10,140123.36,21,9
fruit,24,102146.49,58,22
tawny,7,86188.19,0,7
castoff,4,155523.0,5,4
count,20,98638.74,71,11
crease,5,153324.6,12,4
ruck,5,167353.8,14,3
nest,5,86168.4,10,4
shoe,28,94031.17,70,27
staunch,4,128145.33,6,4
lake,10,127758.44,36,9
lagoon,3,167291.33,5,3
swirl,9,103889.56,29,6
passing,6,150868.73,9,6
slop,8,51214.71,24,4
flop,4,95493.83,8,3
barrel,18,89091.35,34,14
spend,14,121470.05,46,9
purling,3,104133.33,5,3
weed,11,117386.4,24,11
sway,19,95772.08,48,15
coy,24,72810.66,1,24
release,6,103746.13,26,4
wend,5,106658.0,25,4
toil,5,84248.2,10,4
drift,10,120863.89,39,7
fish,34,102863.68,62,32
hook,14,114640.2,35,11
sopp,5,20359.8,12,4
foul,9,93364.28,1,9
titbit,6,119336.4,11,4
featherbed,4,151136.0,0,4
tread,11,114989.96,26,10
devour,3,150576.67,8,2
offal,3,47080.67,5,3
haul,5,102430.2,24,3
stark,7,112384.76,8,6
stench,3,138350.0,8,3
ocean,11,96599.38,17,10
beware,10,85576.33,21,3
imitation,6,139178.67,7,5
immensely,3,113180.0,0,3
lightning,13,90127.08,26,13
intellect,6,62242.93,13,6
lucifer,4,131384.83,6,4
cockle,6,70008.93,7,6
staff,5,112475.6,9,5
hilt,4,130881.33,9,4
tuesday,6,112436.73,9,6
glad,24,98316.12,72,8
tum,4,65128.17,0,4
tennyson,3,144148.67,0,3
monsieur,11,65882.84,33,10
dentist,4,123211.5,6,4
grope,5,88766.0,10,4
nostril,18,101562.07,42,18
rere,8,122774.36,16,8
leopold,72,78503.15,75,64
bloom,1007,86948.54,1011,691
relish,9,103013.61,36,8
organ,24,98205.28,66,23
beast,19,79073.8,46,17
fowl,6,150967.47,8,5
soup,20,97981.33,39,17
gizzard,5,136861.4,14,4
stuff,31,102542.87,74,24
roast,7,118359.24,11,5
roe,3,70046.67,4,3
grill,5,23379.4,7,5
mutton,10,118162.56,10,9
palate,4,88387.67,7,4
scent,18,86306.57,38,17
summer,36,97915.47,22,36
everywhere,8,55768.32,1,8
coal,14,107809.46,30,13
kettle,12,145361.73,21,12
squat,7,100235.9,14,6
cat,39,120738.88,80,35
stiffly,3,127074.67,1,3
mew,7,57697.05,22,3
stalk,5,89778.0,18,2
scratch,18,108246.88,52,14
curiously,5,121324.4,0,5
gloss,3,176389.33,5,3
butt,16,108413.15,27,16
pussen,3,66.0,7,3
stupid,11,137581.02,3,11
cruel,11,77458.11,15,8
curious,16,113282.11,19,10
mouse,8,114230.61,14,8
height,14,113995.84,34,12
chicken,7,132091.81,10,7
mockingly,3,135745.33,0,3
such,130,86844.64,44,129
plaintively,3,133246.0,5,3
milkwhite,3,123526.67,0,3
dresser,5,157443.4,13,5
bristle,4,108228.83,11,4
tip,25,98992.53,68,18
lick,17,119217.03,49,11
ham,6,141726.2,13,5
drouth,8,119160.79,17,8
pure,28,96780.26,13,28
pepper,7,130795.24,7,6
pork,10,128210.22,4,9
dlugacz,6,101969.33,8,5
boil,18,122474.06,23,15
rough,12,115737.47,15,9
hall,44,102853.56,125,41
bedroom,9,152463.33,21,8
tasty,4,187407.67,7,4
minute,36,124855.36,74,35
grunt,10,96899.18,22,9
softer,6,138620.67,4,5
quoit,4,139355.17,12,4
jingle,31,69202.56,44,22
settle,21,104432.5,87,10
gibraltar,23,92606.47,35,21
forgott,3,95789.33,4,0
style,16,113278.2,55,9
governor,8,145059.5,16,8
auction,9,141345.33,19,9
nail,23,112082.1,53,20
tweedy,26,102333.47,20,23
plevna,4,154855.5,7,3
rank,13,91366.15,29,12
peg,5,140095.8,17,5
property,15,104512.61,44,15
waterproof,3,131918.0,8,3
picture,36,107357.69,91,31
lot,55,112654.83,138,46
sweat,14,93281.1,30,12
legend,8,134960.96,25,8
mutely,5,78414.2,1,5
plasto,3,64306.0,3,2
grade,10,105147.67,26,9
ha,16,91588.72,14,11
inside,44,115327.33,26,42
headband,5,71570.2,16,5
doorstep,8,111101.43,17,8
hip,14,106829.56,13,13
latchkey,3,164940.67,4,3
potato,25,92415.81,29,23
halldoor,8,114385.82,14,8
threshold,4,111859.17,10,4
lid,7,48317.81,25,4
anyhow,48,109060.69,4,47
avoid,8,96188.96,21,6
steeple,3,122506.67,6,3
george,39,87992.23,79,38
specially,5,137438.4,0,5
conduct,8,95787.96,24,6
reflect,25,93716.27,78,19
refract,3,115566.0,5,2
heat,28,99943.85,47,25
suit,39,112966.4,152,32
picnic,9,116971.28,17,8
eyelid,11,110896.29,19,11
breadvan,3,97287.33,2,3
deliver,15,54354.0,47,13
daily,9,100969.83,1,9
yesterday,20,125489.64,15,19
crisp,5,94540.8,1,5
early,24,85619.84,5,24
dawn,6,128043.93,21,6
travel,13,115174.18,52,6
steal,15,128960.4,36,10
sentry,6,145775.6,14,6
moustach,5,145422.4,10,5
wander,17,81646.1,62,8
cave,7,90443.9,19,4
shop,24,117975.29,58,24
coiled,5,137317.6,7,4
pipe,27,77774.8,55,23
robber,8,110659.82,33,7
sundown,3,101822.67,6,2
mosque,4,134499.5,13,4
scroll,3,83556.0,12,3
shiver,5,112057.8,16,3
signal,12,76998.92,30,12
string,10,79434.2,19,8
twange,3,63182.67,7,3
molly,71,87640.21,71,56
garter,19,112916.3,42,19
instrument,8,131980.39,18,7
dulcimer,3,130115.33,7,3
probably,35,111914.94,4,35
track,11,99887.89,26,10
_freeman_,5,57477.2,8,4
homerule,4,78922.5,0,4
northwest,4,99930.0,8,4
pleased,15,72535.33,36,10
ikey,3,120069.33,4,2
larry,11,102908.15,32,9
cellar,4,131526.17,7,4
grating,3,28612.0,5,3
gush,5,76976.0,16,3
whiff,7,57196.29,17,6
ginger,9,93032.06,14,8
traffic,6,100009.47,19,6
instance,28,98119.54,41,27
tramline,7,118862.95,16,7
circular,11,97053.16,11,11
cattlemarket,5,92589.2,14,5
quay,34,93602.73,67,34
value,17,105950.16,62,12
shot,10,96996.87,28,7
cute,3,82858.67,3,2
business,41,114507.11,86,36
bold,14,89252.41,8,14
curate,5,95811.0,7,4
swab,4,124618.83,14,4
bucket,25,91060.76,46,22
simon,52,94475.99,81,49
tee,3,65154.67,4,3
russian,3,150761.33,4,3
o'clock,10,84114.96,12,8
japanese,3,175772.0,2,3
funeral,37,105132.97,69,30
dignam,82,81541.75,53,73
dorset,4,109162.67,0,4
greeting,8,33473.93,14,7
weather,19,100468.81,37,13
county,15,109245.31,31,15
emptie,3,66047.33,5,3
lo,19,62650.61,24,16
blossom,3,159034.67,14,2
competition,5,119209.4,14,5
pub,10,103608.27,12,9
wholesale,5,146315.4,0,5
double,44,109624.29,68,37
shuffle,6,111023.6,17,4
traveller,16,69915.81,37,14
boss,10,108118.69,18,10
split,13,112514.97,34,10
per,46,112392.07,11,45
cent,7,128806.67,11,7
brat,4,74011.83,12,4
lilt,5,118768.0,18,2
slieve,4,62447.0,8,3
hank,3,139189.33,9,3
sausages,7,64224.19,16,7
multiply,10,127563.36,27,9
pack,12,128710.24,33,9
lukewarm,4,127542.0,0,4
cook,15,112134.91,48,10
spicy,3,78667.33,1,3
pig,22,88312.55,40,20
ooze,4,50978.17,12,2
nextdoor,4,126424.0,0,4
item,5,97017.2,9,2
vigorous,3,129843.33,0,3
allow,26,102605.3,91,16
whack,8,26007.07,17,6
porkbutcher,5,148337.6,10,5
meat,30,117031.72,54,26
heifer,4,93096.83,17,3
model,10,118601.71,11,10
farm,6,123842.73,15,6
ideal,7,91541.81,11,6
winter,8,125325.43,14,8
blur,4,89454.0,6,3
interesting,21,101828.87,40,12
rustling,6,80924.53,6,6
sheep,15,115012.48,29,15
dung,9,112325.72,16,8
litter,3,159671.33,6,3
hindquarter,3,114245.33,6,3
prime,9,69773.06,5,8
patiently,4,134986.67,0,4
wrap,9,128466.17,29,7
grimace,8,102184.71,23,5
miss,146,66135.38,352,126
boldly,10,91315.96,1,10
hay,9,110015.56,13,9
outside,37,114383.62,3,37
saunter,7,71711.14,24,5
toenail,4,143646.5,11,3
scapular,3,127498.67,10,2
sting,6,122549.93,15,5
constable,15,80291.73,30,14
cuddle,4,99278.33,14,3
eccles,13,118399.77,2,13
sausage,4,161334.0,12,2
policeman,9,75682.83,16,9
accept,25,100061.48,84,13
gland,5,150394.8,10,5
rubber,6,115832.93,6,6
disc,6,110327.93,13,6
speck,6,78018.93,18,5
agendath,14,103053.48,18,11
netaim,10,102766.93,11,10
company,51,99044.16,157,49
purchase,23,76022.6,60,20
sandy,5,103809.8,1,5
turkish,9,133635.22,5,7
government,14,97519.43,18,13
plant,20,119705.08,58,18
excellent,13,69584.05,6,11
fuel,3,165349.33,5,3
construction,5,141231.8,12,5
immense,10,113806.51,14,8
jaffa,3,31446.0,3,3
eighty,4,145235.67,0,4
olive,14,129358.03,20,13
almond,4,87289.67,4,3
citron,11,107600.55,19,9
need,39,72099.6,95,34
artificial,6,136869.87,0,6
irrigation,3,109532.0,4,3
crop,6,124139.33,16,6
owner,9,110302.72,21,8
balance,14,95285.49,36,13
instalment,4,154056.67,9,4
bleibtreustrasse,4,153499.67,9,2
berlin,4,150600.83,4,4
jar,9,107727.33,23,9
left,85,90614.05,62,83
andrews,3,131025.33,2,3
spitting,6,63631.0,22,3
crate,5,50938.8,10,5
parade,9,131785.0,15,9
mastiansky,9,110779.28,8,7
nice,82,122879.89,84,76
cool,32,94423.54,27,31
perfume,27,106007.86,53,23
moisel,4,155820.83,0,4
spain,16,100717.27,25,15
mediterranean,3,176342.0,10,3
quayside,3,42612.0,6,3
tick,5,142181.8,10,4
handle,13,124481.79,34,11
barefoot,7,95574.95,5,7
salute,38,70649.97,84,28
bore,4,60811.17,10,1
captain,19,105635.32,60,16
cart,12,94111.11,42,8
provoke,4,160953.17,8,2
metal,8,114307.46,5,8
poisonous,3,112968.0,0,3
naggin,4,142166.33,8,4
bottle,37,94999.7,75,31
vein,13,96435.62,31,13
chill,3,118566.0,8,3
cloak,9,80314.39,29,9
sandow,5,124266.0,5,5
exercise,10,118241.84,26,9
valuation,3,174135.33,2,3
twentyeight,8,85944.75,11,3
parlour,11,117660.76,17,11
plaster,11,112555.35,15,9
sore,10,61588.51,11,10
ample,5,30954.0,0,5
slim,11,101438.73,4,11
brighten,3,113685.33,7,1
marion,35,98797.42,22,26
poldy,24,108325.49,30,19
twilight,15,99643.43,21,12
mullingar,12,118158.27,11,9
milly,44,128786.75,50,38
herself,43,94480.24,11,43
linen,9,120481.17,21,8
scald,4,172573.5,12,1
plume,11,80744.33,25,10
hungrily,5,111031.8,0,5
kosher,4,112658.33,3,1
sauce,7,96304.86,19,4
sprinkle,4,88849.0,17,3
chip,17,76756.91,18,12
eggcup,3,164938.0,13,2
lough,6,140992.67,19,6
blazes,29,52123.65,40,28
boylan,64,88103.93,33,62
seaside,14,121994.77,6,13
moustachecup,4,147854.17,11,4
sham,5,145215.6,2,5
derby,5,104403.2,6,5
birthday,7,109294.86,15,5
necklace,3,189022.0,6,3
piece,38,106238.38,101,33
letterbox,3,45556.0,7,3
farthing,6,144549.53,11,6
katey,9,49368.89,17,9
keogh,10,78518.16,2,10
ass,11,98411.82,26,8
garden,37,117366.99,89,34
professor,78,89713.64,135,74
goodwin,13,126558.79,5,13
platform,3,183941.33,6,3
sex,16,81502.73,32,14
bump,13,103413.18,46,7
everything,38,108838.15,34,37
cream,27,115384.94,40,26
upstairs,9,129094.17,3,9
nudge,5,134217.0,14,4
bub,6,136467.0,17,6
nightdress,3,186896.67,8,3
udder,4,114273.67,11,4
mingle,5,116240.8,15,5
strip,6,67217.53,15,5
torn,4,88671.67,0,4
envelope,28,113777.34,52,26
dimple,3,82809.33,4,3
act,54,97379.41,155,43
straighten,4,134330.83,23,2
programme,9,114868.17,22,8
ci,6,106911.13,2,5
j.,185,66705.28,204,177
doyle,12,122450.11,0,12
_love,3,172127.33,3,3
song_,3,172127.33,9,3
rumpled,4,125171.5,1,4
voglio,3,113954.0,11,0
pronounce,5,92071.2,19,3
_voglio_,3,147995.33,4,3
sprawl,9,83524.06,24,5
bulge,3,195383.33,10,3
orangekeyed,3,178242.0,0,3
draught,12,110884.26,20,11
fingertip,6,89727.8,8,6
hairpin,5,159238.6,11,5
met,5,55121.4,18,0
downward,5,123114.0,0,5
metempsychosis,10,109535.44,17,8
transmigration,3,34552.67,5,3
charade,5,153283.4,12,4
dolphin,12,93341.08,15,12
barn,10,112300.53,20,8
ruby,16,96112.27,11,15
fierce,6,94127.27,0,6
monster,9,68903.17,14,7
maffei,3,115402.67,0,3
victim,8,122252.79,15,7
cruelty,4,144190.5,9,2
animal,36,92930.56,60,34
hengler,3,169407.33,3,3
mob,7,84558.38,15,6
family,46,112911.92,65,44
finish,22,112060.35,70,18
smutty,5,148501.6,1,5
paul,11,98306.95,18,9
kock,6,122322.27,0,6
capel,7,108424.0,0,7
renew,4,115583.67,7,4
kearney,3,188593.33,2,3
reincarnation,3,34388.67,3,2
spiral,3,170211.33,3,2
easter,8,135890.82,3,8
masterpiece,4,161513.17,13,4
nymph,24,59680.17,64,8
greece,5,139312.2,9,5
straight,26,113430.64,3,26
inhal,8,139552.57,19,8
arched,3,144792.0,5,2
roughly,6,118495.33,0,6
toe,15,97557.39,30,14
commode,5,147448.2,18,3
stork,3,56211.33,5,3
pungent,6,68965.87,0,6
turtle,4,102825.5,0,4
gravy,8,96034.96,14,8
chew,25,88620.45,55,22
dearest,10,129543.73,8,7
papli,8,106785.54,7,7
present,67,86950.83,177,52
everyone,20,94679.94,14,17
belle,5,75008.4,10,4
mummy,5,156488.0,5,5
box,23,110847.83,70,22
develop,7,124320.57,18,4
beef,14,91295.57,31,11
piano,29,108140.13,60,24
concert,23,122614.87,37,22
saturday,11,123299.56,10,11
swell,23,111229.22,55,17
writing,13,126999.62,24,12
fond,10,106127.0,26,9
s.,124,44368.26,281,121
byby,4,109811.67,7,0
separation,3,178324.0,4,2
thornton,4,96691.17,1,4
denzille,4,82440.0,5,4
jolly,15,100506.48,16,14
baby,36,48804.71,54,34
rudy,10,89231.84,17,6
vacant,8,118359.86,0,8
row,39,113716.79,98,34
cake,20,120077.29,46,19
stage,20,107158.99,35,18
goods,10,98265.13,23,8
destiny,7,100714.67,8,6
troubled,4,103739.83,4,4
affection,9,121489.67,15,9
jarvey,17,80174.29,31,17
lamp,33,85452.92,66,29
kisse,9,54309.72,28,7
regret,10,111137.71,28,9
backbone,3,152984.67,9,1
increase,18,103678.92,45,15
prevent,4,142224.83,12,2
occupy,12,60120.12,36,7
august,4,142428.33,3,4
holiday,6,129869.93,18,4
return,65,99073.79,170,40
m’coy,17,80459.0,9,15
sometime,5,110249.0,0,5
fidget,3,189073.33,6,3
electric,9,111894.78,1,8
thunder,14,72833.26,36,11
bowel,6,113908.87,8,6
undoing,5,87743.4,11,5
fig,3,65313.33,4,3
ape,8,95807.82,19,7
armpit,11,99210.69,26,10
maid,17,97428.09,49,16
regard,21,78126.37,62,13
scarlet,21,87533.85,6,21
runner,4,109582.67,11,3
virginia,3,172185.33,1,3
creeper,3,172185.33,5,2
manure,3,172618.0,10,2
sulphur,5,140162.8,5,4
household,5,73552.0,5,5
hen,5,60398.8,10,4
especially,20,86684.1,0,20
kid,11,72478.11,11,9
pea,5,119425.6,8,5
bee,10,113037.18,14,9
funny,17,113565.71,17,12
umbrella,25,107155.66,53,24
drago,3,59149.33,4,3
tara,6,16531.6,5,4
stephens,9,111460.28,0,9
o’,56,84446.6,42,52
enthusiast,3,63288.67,3,1
jake,4,129963.33,13,4
careful,8,134219.14,14,6
mouldy,4,53858.67,5,3
cobweb,3,135466.0,3,3
undid,3,94433.33,9,2
brace,10,116312.6,16,10
chink,4,122433.67,10,3
nobody,22,105182.65,19,18
prize,17,113020.19,15,17
philip,21,87077.52,35,16
beaufoy,14,89198.44,8,10
london,30,105872.24,37,28
payment,9,125154.28,18,7
rate,14,95089.56,51,12
writer,5,80169.2,13,5
thirteen,8,104274.07,12,6
restrain,4,113890.0,22,3
yield,9,90996.61,27,4
resist,5,130744.4,21,5
resistance,3,175561.33,4,3
themselves,52,111243.53,13,51
neat,11,104482.65,9,10
season,6,91374.2,10,5
certainly,34,99330.17,18,33
matcham,4,94860.33,0,4
masterstroke,3,114763.33,6,3
now_,3,163734.67,4,3
smart,24,87796.05,10,23
receive,35,105911.58,124,26
l.,25,92981.96,22,25
jot,4,142876.67,11,3
cuff,5,107881.0,13,3
dislike,13,101818.69,43,7
nick,4,123143.33,13,3
nether,4,93750.67,0,4
roberts,3,182121.33,0,3
conroy,14,45218.53,0,14
possess,22,82979.08,66,13
comb,12,124804.68,48,10
cabbage,13,124248.92,18,12
patent,9,88854.67,0,9
welt,5,84447.6,14,3
bazaar,12,93940.55,17,11
dance,38,90554.53,101,26
notice,45,107176.68,147,34
hum,8,74779.43,19,6
allude,7,89080.57,21,5
woollen,3,179064.0,0,3
vest,5,123346.0,15,5
wag,15,81189.98,39,13
dagger,6,104981.4,7,6
poetical,5,63634.0,11,3
golden,21,90689.52,5,21
tore,8,130574.86,36,3
sharply,6,94508.87,4,6
gloom,9,118887.56,21,9
lighten,3,94010.0,11,1
limb,16,94626.21,26,16
creak,12,69970.41,35,6
whirr,6,37673.0,18,2
toll,5,104547.0,17,3
heigho,16,125159.33,19,5
postal,6,126981.33,8,6
address,40,95677.18,88,34
sailor,45,71736.15,68,45
lime,3,112752.67,4,3
brady,7,140792.0,2,7
small,52,98793.85,29,51
forehead,17,72454.34,33,17
batter,7,77787.14,2,7
rose,41,92250.48,87,37
ma,9,83592.83,12,7
slack,7,69612.1,6,7
frowning,3,53499.33,1,3
el,4,74794.5,9,2
corny,48,99991.44,90,34
kelleher,48,95750.52,0,48
neill,5,101866.2,0,5
lark,5,93801.6,12,3
police,17,89901.97,24,15
tooraloom,18,108880.97,25,14
tay,3,75574.0,8,3
westland,10,124509.6,0,10
belfast,9,142769.78,12,8
oriental,7,95530.29,2,7
packet,9,108223.94,17,9
choice,13,94819.41,11,13
quality,8,125712.54,22,7
kernan,39,83996.62,2,38
grace,35,86919.43,72,29
tiny,27,71389.7,9,26
transfer,5,144885.6,15,4
relieve,9,117175.17,19,8
ceylon,3,175012.0,6,2
lazy,6,115922.73,0,6
mead,6,53951.47,11,5
quarrel,4,115207.83,16,4
climate,4,128446.67,7,4
lethargy,3,176878.67,7,1
sensitive,7,129031.43,19,4
sickness,3,93547.33,3,3
weight,23,110073.09,61,18
volume,15,99073.77,32,15
college,26,112216.39,23,26
thirtytwo,7,100060.1,0,7
force,23,83241.85,45,19
gravity,5,107007.2,8,5
unfold,7,107831.14,21,4
baton,9,47407.94,23,9
careless,4,142989.33,1,4
curbstone,14,56949.49,28,14
dart,7,82769.9,31,2
postoffice,7,76396.86,15,5
postmistress,3,138264.67,7,3
poster,9,114328.78,22,9
type,16,114075.65,32,14
c,22,79493.59,41,22
o.,30,70267.01,34,30
review,3,181445.33,8,2
regiment,5,127427.6,10,5
fusilier,6,100739.07,22,4
redcoat,7,80488.29,16,6
uniform,11,109300.25,27,9
drill,4,156040.33,8,4
disgrace,4,131552.67,12,3
capital,16,99279.37,13,16
tack,5,114909.8,23,3
bake,3,128410.67,6,3
mason,5,116674.0,12,4
mend,4,141119.33,13,4
rip,14,100223.41,35,13
hate,37,104825.71,112,25
particular,25,92914.79,17,23
m’,31,69106.74,35,31
badge,7,74521.05,21,6
holohan,5,113206.8,1,4
hoppy,4,133374.5,6,3
outsider,7,109538.29,20,5
hoist,5,103956.6,14,3
husband,52,110977.07,106,48
stylish,4,154079.67,0,4
patch,8,120834.25,27,8
haughty,5,46836.2,6,5
match,28,97024.04,73,25
handsome,21,108813.53,28,19
reserve,8,109065.29,16,7
honourable,23,63712.4,11,23
doran,22,51206.44,4,21
periodical,3,172926.67,0,3
bantam,20,90789.51,23,19
lyons,21,98392.01,8,21
conway,3,3994.67,5,3
fawn,3,115256.67,0,3
glare,6,127353.6,19,5
moisture,4,97581.83,7,4
paddy,47,91408.95,105,33
broadstone,3,187519.33,4,3
lace,17,95263.31,38,15
friday,14,123466.6,19,14
arch,15,93329.79,37,13
tramcar,4,127433.83,8,3
gong,3,170425.33,7,2
noisy,7,140298.86,6,7
pugnose,3,137611.33,4,3
eustace,3,160253.33,0,3
display,13,101141.92,32,12
gape,10,104772.6,27,7
grip,11,101955.56,35,8
flick,3,55572.67,8,3
tiptop,6,117212.47,9,3
unroll,7,92231.81,30,3
newspaper,19,73938.22,32,18
idly,6,80803.0,0,6
plumtree,9,123628.67,15,6
potted,6,130392.2,0,6
incomplete,7,124248.95,14,3
abode,8,120785.18,27,4
bliss,4,138700.17,3,4
missus,9,87780.72,10,9
engagement,5,131041.4,12,5
affair,11,122873.38,32,9
thigh,19,101290.64,41,19
tour,17,106360.93,51,14
thoughtfully,9,104059.11,0,9
committee,7,104973.81,17,7
share,11,100248.95,43,7
profit,8,131194.04,11,7
stubble,4,47475.0,7,4
brightly,5,32834.8,2,5
possibly,24,61113.06,2,24
wheeze,4,57371.5,5,4
action,20,101805.43,31,20
lever,8,89408.43,3,8
cowley,44,16488.06,9,43
wicklow,6,127145.73,4,6
brunswick,5,65306.0,3,5
needle,8,129362.07,14,7
difference,12,90990.59,26,12
inclined,13,93514.46,41,10
fetch,5,103793.0,15,5
multicoloured,3,174249.33,1,3
hoarding,4,47654.5,10,3
cantrell,3,52715.33,5,3
ale,11,54956.91,29,11
aromatic,4,166116.17,4,4
clery,3,80883.33,3,3
sale,11,107300.0,40,9
bandmann,5,156191.2,0,5
palmer,7,126647.43,2,7
suicide,6,135887.6,5,5
kate,9,86053.61,3,9
afternoon,15,100172.63,30,10
sixtyfive,4,118001.5,6,3
vienna,5,147577.4,5,5
abraham,5,96284.8,7,5
recognise,13,104092.92,58,10
droop,9,73889.67,17,7
nag,8,75403.36,20,8
hazard,3,162694.0,5,2
oat,5,147138.0,21,2
champ,3,28052.67,6,2
stump,7,92655.52,13,7
haunch,7,86813.52,16,7
brute,19,108119.56,73,12
neigh,3,140295.33,10,1
cabman,9,96889.06,17,9
non_,4,152005.5,0,4
humm,4,46260.83,12,2
là,3,133862.0,17,1
lee,4,103187.0,5,4
no-one,3,53775.33,2,1
meade,3,78077.33,2,3
tenement,3,26324.0,2,3
sinner,7,132522.19,22,6
squatet,4,135162.67,7,3
marble,8,125295.04,8,8
sphinx,3,132190.0,4,2
disturb,7,135998.95,28,4
mantle,9,80257.78,40,8
ellis,3,169248.67,1,3
annoy,4,167150.33,12,2
sorry,19,115646.05,73,10
enclose,3,171010.0,14,1
punish,11,94960.69,36,7
naughty,21,81228.73,17,18
deny,8,119345.64,31,5
request,15,89112.5,38,13
exhaust,7,81513.14,18,4
headache,5,75630.4,16,4
longing,4,163971.5,10,3
martha,24,89342.16,41,15
poison,18,120969.59,26,16
joy,24,73980.49,43,18
sunday,14,143073.24,17,14
rosary,8,109913.04,17,8
usual,32,88498.03,11,32
cigar,12,93141.45,24,11
effect,29,92121.45,63,27
narcotic,3,172416.0,3,2
brutal,3,71492.0,3,3
slut,8,108435.64,25,6
coombe,8,120783.43,16,7
mairy,3,85622.0,0,3
fake,4,93787.67,11,3
mysterious,6,78688.6,2,5
feeling,22,86423.6,65,17
supper,11,123467.6,16,11
railway,27,86573.23,32,27
shred,5,107355.2,7,4
cheque,10,143605.56,22,10
hundred,45,92031.16,63,42
cash,10,116057.89,23,7
million,27,111391.04,50,24
eightpence,8,88439.32,8,8
gallon,12,119040.55,34,9
clank,5,7599.0,20,0
coach,8,97897.39,15,7
leak,3,159029.33,12,2
liquor,7,106604.95,12,6
doff,6,82689.13,24,3
sermon,4,70222.67,10,2
reverend,36,87292.13,118,32
conmee,72,27151.11,7,70
claver,3,41048.67,0,3
mission,5,93383.0,12,5
prayer,22,74049.24,41,20
conversion,3,157486.67,12,3
gladstone,5,121418.2,1,5
unconscious,3,140692.67,10,2
protestant,13,117048.79,19,12
convert,7,118377.05,36,3
dr,31,95934.0,81,21
william,40,96486.26,98,35
religion,14,118246.99,30,13
heathen,4,145939.0,5,4
ounce,5,123601.4,11,5
celestial,6,129391.0,3,5
museum,14,117188.78,37,13
patrick,31,81463.24,27,31
shamrock,3,95898.0,6,3
martin,107,67220.5,138,104
cunningham,77,63794.88,0,77
instead,15,125656.0,15,15
fool,33,105717.89,108,28
bluey,4,66472.67,1,4
spec,3,85203.33,10,2
entrance,8,102328.79,25,6
discreet,4,113186.0,0,4
neighbour,17,83866.6,28,16
ramm,4,105395.17,21,1
midnight,10,97288.71,5,10
seventh,8,85454.18,7,8
crimson,11,106670.55,13,11
halter,3,110837.33,10,3
batch,5,66260.8,15,4
hospice,3,97903.33,8,1
cotton,4,83195.83,16,3
aisle,3,67422.67,9,3
seek,20,101510.71,49,15
nurse,23,81297.56,45,21
kingdom,9,95604.94,24,8
party,29,92830.32,87,27
theatre,18,111461.46,46,17
lourdes,3,129638.67,1,3
apparition,7,105534.0,22,6
statue,26,125013.22,72,25
bleed,6,116462.73,12,5
asleep,13,120023.95,24,9
confessionbox,3,132368.0,5,3
hence,3,163716.0,1,3
snore,6,74684.0,19,4
sly,5,138205.8,7,5
evidence,24,96690.1,64,23
carey,5,96229.2,0,5
denis,16,98357.1,28,14
plot,6,124380.0,18,4
chalice,7,92261.52,11,7
guinness,11,82814.15,12,11
temperance,6,108086.87,1,6
beverage,9,101585.78,19,9
comfort,11,79199.38,37,8
otherwise,17,109006.49,9,17
atmosphere,9,89187.5,27,9
perfectly,13,70356.18,0,13
glynn,3,118542.0,1,3
fifty,16,82687.77,7,16
gardiner,9,99017.56,3,9
_stabat,3,178206.67,7,3
mater_,3,178206.67,4,3
bernard,13,111447.08,27,13
vaughan,3,39379.33,0,3
pilate,3,39380.67,3,2
thrill,6,90935.0,15,2
mercadante,4,120842.67,6,3
healthy,7,114405.52,10,7
regular,15,116974.34,4,15
liqueur,3,175517.33,5,3
eunuch,10,84641.24,22,6
worry,5,125328.8,14,2
glutton,3,141077.33,11,1
gospel,6,100887.6,13,6
massboy,3,53702.67,5,2
refuge,5,68575.0,9,4
immaculate,4,124787.33,3,4
confession,6,109892.07,6,5
penance,5,124774.8,9,3
weapon,9,118042.28,30,6
solicitor,15,116462.27,29,13
gallery,9,123305.44,17,9
surprise,26,106732.11,74,20
blush,20,94495.71,36,16
salvation,4,141738.67,8,4
blatant,4,122007.5,0,4
prostitute,7,101756.0,20,6
rome,11,81480.65,23,10
rake,8,120390.5,25,6
absolute,5,113228.8,0,5
repose,11,119014.04,31,10
publicly,4,142049.83,0,4
convent,9,73214.94,19,7
witnessbox,4,123790.0,9,4
map,5,114697.4,20,4
archangel,3,80665.33,4,3
humbly,3,127749.33,0,3
thou,54,56856.29,5,53
heavenly,4,50654.67,4,3
satan,4,98081.17,2,4
wicked,6,81384.33,0,6
thanksgiving,3,170417.33,5,3
buzz,12,78159.8,26,2
unhook,3,167102.67,8,2
glimpse,7,100732.0,22,5
untidy,3,39176.67,5,2
main,12,94130.12,10,12
unsee,4,113110.17,3,4
furtive,4,92223.67,1,4
prescott,5,129633.4,4,5
dyework,3,27801.33,4,3
lotion,8,98399.14,20,7
sweny,4,118886.5,5,3
lincoln,3,158504.67,1,3
chemist,7,122911.81,8,7
rarely,4,125668.83,1,3
found,8,67341.14,25,6
huguenot,9,121607.22,9,8
churchyard,4,43320.5,9,3
recipe,6,147464.6,10,4
fault,19,108883.03,70,13
shrivell,4,142634.33,3,3
philosopher,7,99569.62,18,7
drug,7,70518.48,11,7
mental,13,78221.21,6,13
excitement,10,90814.84,15,8
lifetime,4,131435.5,7,3
gradually,9,94697.94,0,9
herb,3,162506.67,9,3
ointment,5,93682.4,4,5
alabaster,5,104020.4,8,4
te,5,73532.0,4,4
physic,3,94314.67,5,3
chloroform,4,179159.33,3,3
test,4,97798.17,15,2
overdose,3,160482.0,6,2
clog,3,167457.33,7,2
pore,6,94844.07,16,4
remedy,9,100636.89,27,7
fortnight,7,88475.43,13,7
sponge,3,130598.67,7,3
ache,4,134913.67,11,4
orangeflower,5,115131.8,2,4
fix,17,98534.13,53,12
homely,5,112784.6,1,5
strawberry,9,96488.89,15,9
rainwater,4,144874.83,6,4
steep,3,62104.67,11,2
buttermilk,3,112872.67,3,3
wart,5,81297.8,11,4
bunion,3,102347.33,3,3
soap,28,93334.62,67,20
curd,3,158002.67,4,3
dirt,6,146105.53,8,6
combine,5,127990.4,14,3
balmy,6,112607.33,8,5
pear,8,128130.96,21,7
bugger,11,68904.95,24,8
pleat,4,164313.33,9,4
barber,7,94806.29,19,5
itch,3,56962.0,6,2
ascot,4,126029.83,5,3
mo,5,84719.6,7,4
maximum,8,72106.39,5,7
weakly,4,81393.5,4,4
outspread,4,115696.67,4,4
risk,7,121294.0,21,5
betting,4,127940.83,4,3
turkey,6,102577.87,8,5
christmas,7,123563.14,0,7
dinner,25,119781.75,63,18
jack,42,89906.6,68,39
fleming,7,153220.0,0,7
gamble,3,187483.33,4,3
america,10,91578.58,18,10
cheerfully,3,116910.67,0,3
sport,18,82661.42,35,18
cyclist,4,80214.83,10,3
cod,11,99744.73,27,9
wheel,27,94952.08,66,19
hornblower,6,141321.87,5,6
cricket,5,117610.2,1,5
duck,19,69882.69,41,13
wicket,3,153060.0,4,3
kildare,14,109802.84,4,14
donnybrook,5,107618.2,3,5
stream,20,80784.79,65,16
trace,9,101496.67,22,8
dearer,5,143445.2,8,4
tepid,5,141316.6,0,5
recline,11,80418.69,41,9
bud,4,112038.83,13,4
bush,4,78453.67,5,3
creaking,8,69111.68,4,8
carriage,41,96968.77,72,39
curving,3,48162.67,3,3
pane,7,118548.86,20,7
interest,20,83858.61,64,19
slipperslapper,3,133320.67,3,3
wreath,12,77385.92,24,12
opportunity,10,89697.56,30,10
jolt,3,126724.67,4,1
start,53,83888.33,200,23
crape,4,84895.67,1,4
tramtrack,3,129.33,6,3
tritonville,3,80861.33,0,3
causeway,6,131184.73,15,6
irishtown,6,119913.67,6,6
passer,3,168029.33,2,3
swerve,6,109960.27,25,2
clad,4,110086.5,9,4
heir,13,94797.36,30,13
mound,3,162518.67,5,3
lurch,8,62388.61,23,6
noisily,3,135614.67,0,3
cad,4,142772.83,12,2
goulding,33,70977.59,26,32
legal,15,101122.97,1,15
collis,10,39917.22,13,10
ward,31,72213.22,45,30
ignatius,8,84586.11,11,8
gallaher,10,100871.62,3,9
landlady,3,151391.33,5,3
account,48,102156.91,129,46
stink,10,122199.67,21,8
whatever,34,97838.07,49,34
catastrophe,6,95453.4,8,6
clatter,6,137599.53,12,5
bastard,10,77300.82,18,10
tape,4,110578.0,3,4
likely,10,83883.18,31,7
beard,32,90011.41,61,28
chance,24,105482.78,60,19
evil,19,67383.15,30,17
sergeant,4,108946.67,6,3
grinn,6,123882.73,11,5
stitch,7,105581.14,18,7
independent,10,106206.4,11,9
oath,11,90929.27,24,10
jupiter,3,137300.0,1,3
ye,17,57952.07,0,17
unless,17,114646.44,0,17
greatly,9,93250.11,0,9
twirl,13,71504.79,42,10
ned,67,51595.72,81,64
hynes,34,95833.65,13,32
cemetery,8,22980.54,8,8
canal,12,122653.71,22,12
convulsion,3,161529.33,7,3
illness,4,114536.17,11,4
compare,11,113801.64,21,9
athos,5,151518.2,14,4
obey,5,116134.0,16,3
scrawl,6,70202.53,22,3
usually,8,99734.11,1,8
spat,7,64767.81,22,4
shower,10,106921.91,26,9
flag,15,82586.65,38,14
apart,15,75553.81,17,14
veiled,5,73564.8,0,5
uncertain,5,129112.0,10,4
bottom,27,70826.92,57,26
leonard,17,86551.76,3,17
eagerly,10,85210.53,9,10
ben,76,46758.31,140,65
dollard,59,42156.88,10,58
croppy,10,71720.73,2,10
singing,3,173007.33,5,3
trenchant,4,93209.5,4,4
rendering,9,106144.28,29,7
experience,17,97840.6,40,16
nut,7,114179.52,16,6
retrospective,7,110089.71,0,7
arrangement,12,90819.8,36,11
dawson,8,60864.93,0,8
callan,10,77007.91,11,9
coleman,4,82083.0,4,4
lowry,3,63441.33,2,3
peake,3,51112.67,3,3
sexton,3,20498.67,5,2
fast,22,100870.06,12,21
breaking,4,151642.83,4,4
sadly,9,80851.94,5,9
aged,10,111367.78,14,9
88,5,119484.2,3,5
mercy,21,82858.71,28,20
loss,10,107836.6,29,9
yard,21,100278.96,44,19
fare,14,81096.2,33,11
jarvie,4,107987.83,10,4
upright,12,108608.94,9,11
standard,9,81788.44,26,8
automatic,5,116514.0,2,5
invention,11,93142.65,31,10
buff,3,128289.33,0,3
eugene,5,127009.6,5,4
stratton,4,80763.83,0,4
_leah_,4,143954.83,7,3
powerful,10,73937.69,4,10
fun,16,114325.7,34,14
crampton,3,39704.0,0,3
fountain,3,111252.0,5,2
bust,6,120394.47,8,5
straw,26,97783.65,21,25
reply,28,91137.06,72,17
fascination,5,131649.2,11,3
instinct,9,98649.83,21,7
pare,3,171310.67,8,3
contract,5,106060.0,17,4
shape,26,109425.92,66,26
satisfied,6,137042.6,14,5
fact,66,74829.4,147,55
clare,4,128854.0,1,4
chief,22,65298.89,18,22
anderson,4,55261.83,0,4
politeness,4,114516.0,13,3
smith,6,93450.6,6,5
o’brien,5,105481.8,0,5
bunch,10,78152.64,26,9
farrell,10,51332.87,1,10
unite,5,123253.0,8,4
ware,7,113773.33,15,6
opening,8,101882.04,32,8
bootlace,3,121197.33,7,2
namesake,3,70730.0,7,2
waterford,3,111507.33,4,3
relic,3,165691.33,9,2
decency,4,126941.17,8,4
wretch,12,87771.06,23,10
snuff,4,63446.5,4,4
un,7,71422.76,2,7
thrush,3,51714.67,8,1
throstle,4,49298.5,4,2
express,17,84448.38,59,14
goodlook,5,147832.0,11,4
greyish,3,138666.0,5,2
carnal,5,126201.2,1,5
pretty,36,78607.78,17,36
crofton,8,61040.93,10,6
rumpsteak,3,139396.0,2,3
barmaid,4,144331.5,6,2
jury,8,65431.32,12,8
moira,3,119072.67,6,3
tribe,18,19936.35,77,17
reuben,14,80961.2,41,11
elephant,7,108107.33,12,7
spine,5,89271.6,12,5
collapse,5,133012.8,15,4
gray,5,90008.4,2,5
nearly,14,119798.93,0,14
companion,16,78764.45,44,15
j,20,87103.42,5,20
determine,4,125113.33,14,3
.....,4,104.67,0,4
confirm,4,98975.67,16,1
rudely,8,55904.54,0,8
pike,11,106992.25,14,10
fright,6,110180.13,11,6
affirm,13,79502.79,37,11
nelson,15,94237.33,11,15
plum,9,115217.28,17,8
serious,5,154951.2,9,5
forgive,10,81608.02,33,4
breakdown,3,103731.33,6,2
redhot,3,133146.67,1,3
apprehension,3,168824.67,6,3
suffering,4,121338.0,7,4
agent,14,79505.37,44,13
guide,7,122738.29,29,7
civil,8,74729.0,8,6
service,18,100205.12,40,17
gill,5,74496.4,9,5
industrious,3,164784.0,0,3
chummy,3,144276.67,6,2
rotunda,5,127553.2,3,5
coffin,31,87548.25,63,28
married,15,101531.41,20,15
piebald,3,92052.67,6,2
bachelor,14,88019.37,19,14
nun,20,91030.51,47,15
mauve,12,78337.77,8,12
wrinkle,7,100568.19,10,7
putty,3,180006.0,2,3
deal,11,88603.71,28,9
burial,7,101728.38,10,7
society,25,96003.28,65,23
turf,10,82546.49,18,9
beggar,14,108889.04,26,11
mistake,16,102277.33,33,14
luck,30,88617.38,60,26
rutland,4,123954.67,0,4
pauper,6,130065.47,13,5
midst,5,73132.6,20,5
temporary,7,96471.52,0,7
insanity,3,114174.0,8,1
charitable,3,114029.33,5,2
view,33,100252.27,92,30
sympathetic,5,137374.4,0,5
intelligent,8,119638.36,18,7
infanticide,3,97247.33,3,3
christian,19,92201.08,8,18
stake,7,96350.0,16,6
repent,4,109281.5,10,1
awful,14,107359.18,6,13
drunkard,4,115528.33,9,2
pawn,7,40163.71,23,6
furniture,5,153371.2,5,5
jewel,6,80679.6,13,5
asia,5,147393.2,8,5
hunting,4,82112.5,2,3
hairy,8,132000.61,3,8
streak,3,123385.33,7,3
verdict,3,146212.67,5,2
misadventure,3,146696.0,12,2
grant,9,115152.94,25,7
upset,6,116667.2,21,5
germany,3,131196.67,3,3
gordon,6,138339.2,15,3
bennett,13,84469.97,7,13
worth,30,89422.93,107,25
anybody,17,117347.07,13,16
kelly,7,76231.14,0,7
kay,3,113437.33,0,3
ee,6,44727.73,2,6
ell,3,56590.67,5,2
antonio,8,65388.5,6,8
encourage,10,121598.0,30,6
underneath,4,134882.33,0,4
riordan,8,113845.82,0,8
screen,12,108669.79,33,11
hospital,20,100109.38,60,19
extreme,10,102175.69,13,9
divide,10,117075.22,25,10
whisk,3,103066.67,15,2
bony,5,104080.8,0,5
croup,3,122261.33,9,3
bleat,3,124030.0,6,3
flank,4,72451.33,9,4
springer,3,90139.33,10,2
cuffe,10,87677.36,1,10
juicy,4,146733.33,0,4
fifth,8,86181.96,9,8
tannery,3,153336.0,6,3
dodge,4,85650.17,7,2
corporation,15,112510.27,25,15
parkgate,3,39704.67,9,2
block,8,111774.79,17,8
thoroughfare,10,104122.13,23,10
municipal,6,97969.07,0,6
milan,3,166129.33,3,3
special,24,108637.98,7,24
hearse,6,56141.67,12,4
saloon,6,56409.93,7,6
diningroom,4,43462.83,12,2
lookout,4,116305.67,21,3
abreast,3,115590.67,3,3
dunphy,4,102.0,7,4
bom,4,14585.67,4,3
habit,24,69099.5,71,23
horrid,5,55900.2,8,3
orifice,3,167220.67,8,3
announce,12,89216.67,37,6
consolation,6,98506.53,16,6
depend,5,67407.8,13,1
circulation,6,128955.87,12,6
rush,23,101938.82,85,9
sluice,4,118262.33,5,4
barge,4,77216.33,10,2
waterway,4,139687.5,9,4
rope,17,83118.9,35,15
reed,3,59277.33,2,3
slime,3,104436.67,10,2
cycle,4,136573.5,14,3
safety,5,115566.0,2,5
wren,5,100832.6,6,5
transit,4,124070.67,6,3
camp,5,142054.4,9,4
midland,3,164266.67,0,3
brian,11,92850.15,29,10
steer,7,95844.57,18,5
finglas,3,3644.0,2,3
appear,53,63657.39,236,16
fragment,11,124824.95,32,9
h.,25,83262.39,32,24
jimmy,10,75988.56,18,8
grumble,3,39257.33,10,1
journey,4,137172.17,11,3
childs,6,77370.93,3,5
gruesome,3,134172.67,2,3
bushe,11,77231.31,6,9
circumstantial,3,160734.67,3,3
maxim,3,71602.67,11,2
guilty,7,83711.33,12,6
wrongfully,6,88447.73,0,6
condemn,4,86213.17,15,2
murderer,12,105275.98,21,11
clothing,7,107620.76,8,7
consist,6,117770.67,14,4
outrage,6,91203.47,17,5
clue,5,132963.0,14,4
pants,3,107143.33,4,3
railing,14,112889.73,35,14
prospect,4,128793.83,11,3
poplar,6,142931.33,7,5
frequent,6,94040.0,10,5
throng,8,83169.54,24,6
harsh,6,99245.33,7,5
unbutton,5,122392.0,27,2
replace,3,161684.67,10,3
paltry,4,139056.17,0,4
rein,7,115419.24,12,7
volley,3,99612.0,3,3
pomp,5,101417.2,12,4
hind,3,149670.0,0,3
hawker,5,107456.0,10,5
barrow,6,33357.2,12,6
mourner,8,55762.07,6,8
plodd,4,32339.17,9,4
jerome,4,98726.33,0,4
shovell,3,18892.67,5,2
bonnet,6,128895.33,17,6
felt,3,78422.0,8,0
mortal,16,89853.24,24,15
ennis,9,111480.78,11,9
anniversary,7,77373.71,22,6
cardinal,9,74614.22,7,8
insure,5,156634.4,16,3
policy,12,96401.14,46,10
youngster,3,40575.33,4,3
artane,4,103797.67,7,3
outlive,3,142669.33,15,1
consort,5,97457.0,13,5
cork,23,96669.95,22,21
stoppe,5,68586.8,10,0
insurance,9,116471.78,16,9
menton,27,99257.45,9,25
mortuary,5,102525.8,4,5
chapel,10,127284.42,34,7
brandnew,7,118173.05,0,7
bier,4,40096.0,11,4
fore,10,99417.36,6,10
beckon,3,147692.67,11,1
tidy,3,75563.33,7,3
toad,4,96343.33,6,4
croak,3,107232.0,8,2
coffey,5,90477.0,2,5
bully,5,92698.0,5,4
muzzle,3,102926.0,6,3
muscular,4,135407.17,0,4
woe,9,66088.5,19,8
amusing,3,173971.33,5,2
expression,17,74184.97,48,16
cum,3,68552.0,0,3
important,9,105925.44,18,8
notepaper,5,135840.2,15,4
chilly,4,94345.67,13,3
gas,14,122385.68,24,10
infernal,4,121773.17,0,4
beefsteak,4,76309.33,9,4
vault,6,63551.4,13,6
ow,14,65143.15,20,7
knob,5,98973.8,15,5
treble,5,41735.8,8,5
sparrow,3,115586.0,4,3
said,4,35872.33,11,0
everybody,14,115381.74,13,14
tiresome,4,38093.17,2,4
sidedoor,3,4145.33,7,3
gravedigger,9,10982.89,10,8
trundle,3,161378.0,6,3
sepulchre,4,101958.67,9,4
ree,5,44495.8,7,4
lofty,4,40938.0,1,4
cone,8,113337.86,24,6
whenever,10,119914.47,7,10
gasp,8,55794.43,25,6
occasion,25,74834.93,75,23
politely,4,137823.5,1,4
bloodshot,3,106412.0,2,3
assent,5,110350.0,11,3
solemnity,4,93271.0,5,4
_i,5,36205.6,0,5
daisy,3,44074.0,10,2
pump,15,89623.01,48,13
bung,3,135254.67,11,2
trap,3,177736.0,7,3
assure,6,99302.27,27,4
seventeen,5,67801.2,4,5
mat,8,123695.18,16,7
dillon,25,115564.84,6,25
roundtown,5,133911.2,8,5
hely,12,109528.33,6,11
coon,3,100244.0,9,2
plenty,7,124933.81,11,6
game,26,84290.18,67,20
portly,4,79733.67,0,4
ambush,3,165096.67,6,3
caretaker,9,35993.72,13,9
mulcahy,3,78.0,4,3
spell,6,111437.4,21,3
terence,4,50276.0,12,3
saviour,8,61666.14,18,6
resume,6,112206.47,21,2
man_,3,161089.33,6,3
it_,4,150131.17,1,4
reward,6,125233.4,9,5
docket,5,119501.2,7,5
purpose,22,71459.06,53,21
cheer,19,54995.4,62,10
admire,25,91213.87,70,16
prosperous,4,140854.17,0,4
term,23,97472.25,73,23
keys,3,153135.33,5,2
keyes,17,98523.32,18,15
check,5,77863.6,16,3
ballsbridge,3,21236.0,2,2
temper,11,97899.05,25,10
thread,7,134851.14,18,6
propose,11,104471.24,34,7
graveyard,3,91546.0,6,3
yawn,12,99656.62,32,11
daniel,6,118530.6,15,6
descendant,4,133226.0,16,4
giant,12,119575.35,25,12
conceive,8,77618.43,28,7
properly,17,93120.1,3,17
whore,37,62741.68,107,33
gnaw,6,74436.6,13,3
desire,33,78119.97,84,29
anyway,15,81132.65,1,15
standing,9,81455.61,11,9
oblong,3,159920.0,0,3
cell,5,26598.2,20,2
trim,5,64474.0,6,5
major,15,83566.53,28,13
chinese,7,105003.52,1,7
poppie,4,127667.83,8,4
produce,31,84869.91,94,27
preserve,5,113764.6,11,5
auditor,4,127929.17,7,4
decease,16,78004.17,28,15
chang,4,45055.17,7,2
practically,6,118047.27,1,6
maggot,4,142177.83,5,4
cheerful,4,31463.33,0,4
a.m.,6,103144.2,5,5
p.m.,6,97476.67,10,5
closing,4,91880.17,2,4
arrive,10,73592.91,32,7
fashion,30,81752.06,83,30
_hamlet_,10,44699.16,7,10
profound,6,110945.8,0,6
knowledge,9,110847.94,20,9
_de,3,138552.0,5,2
obituary,5,95606.0,1,5
lease,3,159450.67,9,2
june,17,107406.16,18,17
macintosh,10,83734.62,25,9
trifle,3,138080.67,4,3
dreamt,5,118625.2,16,2
dig,8,77806.71,27,5
burie,3,28829.33,11,1
robinson,6,100518.0,11,5
crusoe,4,84733.5,0,4
panel,5,99819.0,6,5
object,33,66853.11,88,30
native,9,80688.67,6,9
clay,17,87385.81,21,17
protect,7,85371.52,20,5
embalm,4,152065.0,4,4
swear,13,86302.28,36,9
superstition,3,154143.33,9,2
tweed,7,132155.05,7,7
lombard,12,127779.41,0,12
dressy,5,85590.6,1,5
mesias,6,101128.27,5,5
uncover,6,90744.07,19,2
somebody,25,77565.76,36,24
donkey,3,181621.33,9,3
frockcoat,7,79792.1,18,5
weigh,10,98749.62,29,6
unpleasant,5,102585.8,14,1
opposite,33,97676.68,24,32
doom,5,88167.8,10,5
embrace,20,95584.88,82,17
thee_,4,53136.33,3,4
ivy,3,158765.33,0,3
purgatory,4,52166.33,8,4
mamma,8,82320.96,13,5
spade,11,95349.89,16,11
clod,3,111130.67,7,3
whew,3,120052.67,3,0
telephone,8,91178.32,14,8
canvas,3,27591.33,2,3
notebook,5,101766.6,11,5
below,16,100114.32,0,16
l,4,150261.33,6,4
charley,7,91029.62,11,7
byrne,27,48455.48,0,27
oblige,9,119364.11,41,6
scribbling,3,179982.67,7,3
invisible,13,77102.1,9,13
mate,3,137894.0,2,3
aim,7,95301.52,20,4
grove,5,152994.8,10,5
sensible,4,135480.0,12,3
charity,4,129157.83,7,4
living,10,93004.47,8,10
depart,12,97566.77,27,9
accord,22,81516.14,36,22
lino,3,70016.67,9,3
saucepan,4,134048.33,11,4
poem,6,113133.13,20,5
physician,4,126133.83,14,4
acre,10,108589.44,35,8
residence,16,79009.32,45,15
paint,13,96537.92,27,12
marriage,19,96083.75,29,18
beautify,4,86872.33,11,3
wither,7,80898.86,12,6
branch,7,113018.67,23,7
wedding,7,79817.43,8,7
alderman,9,120928.89,20,9
hooper,6,142330.4,0,6
catapult,3,150998.67,4,3
peck,4,16132.33,10,3
basket,11,118611.42,34,9
faithful,11,71776.95,18,10
besides,25,80250.68,2,25
gramophone,7,80304.76,13,5
photograph,10,100124.18,27,10
intently,5,81319.2,1,5
obese,3,109691.33,0,3
stager,3,137434.67,12,1
wriggle,7,72129.62,26,3
remains,7,119321.52,19,6
robert,10,83042.02,14,10
emmet,4,44265.17,0,4
torchlight,3,158843.33,1,3
ordinary,9,106640.5,8,9
dutch,3,94042.67,0,3
chamber,20,104073.82,52,17
eate,3,135159.33,7,0
communication,3,55947.33,7,2
turnip,5,126687.6,7,5
sinico,3,157134.67,0,3
lantern,5,123328.8,13,5
female,55,76477.0,84,53
haunt,6,95804.07,22,4
being,14,99391.16,41,11
emerge,5,142184.0,21,2
commissioner,5,110175.2,15,5
floey,6,123278.6,7,6
clapp,7,124252.19,22,5
shortly,6,104313.4,0,6
overhear,4,116271.17,8,4
oyster,17,114882.65,21,16
metropolis,6,107247.27,16,6
trolley,3,95616.0,3,3
rathgar,4,150077.83,6,3
terenure,3,44247.33,4,3
palmerston,4,7323.67,0,4
rathmines,6,6499.87,20,6
united,4,138571.0,0,4
parallel,10,114280.71,11,9
glide,8,73741.21,35,2
majesty,18,54321.67,39,18
vermilion,3,154100.67,1,3
initial,12,106484.77,23,11
e.,27,98481.49,12,26
r.,13,84403.85,13,12
sack,12,83160.58,27,11
postcard,12,104069.7,25,12
parcel,13,81283.23,23,13
local,9,114874.39,4,9
provincial,7,72996.57,7,6
delivery,12,95640.82,30,12
gentlemen,5,102268.2,12,3
draymen,3,31650.67,3,3
store,14,91767.59,42,14
brewery,6,71742.0,6,6
murray,13,112642.87,1,13
alexander,14,103696.48,28,9
_telegraph_,5,85029.4,8,3
ruttledge,3,46302.67,3,3
davy,32,63711.69,60,28
advertisement,14,129746.43,34,13
paste,5,114902.8,10,4
par,9,100156.94,22,8
brayden,3,124216.67,2,2
esquire,3,49398.67,2,3
_weekly,3,99772.0,10,2
freeman,11,117701.05,16,10
press_,3,148239.33,6,3
_freeman,5,93705.2,10,5
journal,7,113821.62,27,5
solemn,10,61486.22,5,8
ascend,10,89891.51,25,6
nape,5,122025.6,16,5
mario,4,83620.83,6,4
tenor,10,94035.33,17,8
co,11,108347.35,13,10
phone,6,28669.47,23,3
accompany,15,95557.3,57,8
passage,15,90859.39,39,15
thump,10,84443.38,23,4
clanking,3,1176.0,2,3
nannetti,13,89951.85,3,13
reading,7,100606.95,11,7
closet,3,156917.33,8,3
smash,3,123252.67,12,1
atom,3,177301.33,11,3
foreman,10,30797.29,13,10
spare,10,108509.09,17,7
glossy,5,94800.2,0,5
member,21,97108.05,64,18
worker,3,90438.67,8,3
weekly,9,119982.89,6,9
official,5,111975.6,3,5
gazette,3,83332.67,9,3
anne,6,87105.33,12,4
authority,9,90985.06,29,9
situate,5,115235.8,14,4
barony,3,145582.0,6,3
concern,20,75040.04,24,18
schedule,3,93367.33,4,3
statute,5,97499.0,3,5
mule,3,94365.33,12,2
export,4,126528.17,2,4
tot,3,93909.33,5,3
query,11,76055.16,34,2
a.,36,96818.16,25,36
celebrate,5,117322.2,25,3
heartily,9,79195.67,1,9
paralyse,5,126983.0,17,2
edition,9,102618.67,25,9
councillor,13,96448.0,30,10
mayor,18,88355.82,58,15
typesetter,4,575.33,5,4
journal_,3,147656.0,6,3
hint,7,83137.81,21,5
canvasser,7,58712.29,6,7
cutting,9,132552.17,26,9
consider,15,75113.49,44,12
nannan,3,55776.67,3,1
obedient,4,43944.5,2,4
reel,4,116032.83,15,4
web,4,70081.33,8,4
mile,22,102641.92,36,20
various,34,80720.55,3,34
s,5,148480.4,5,4
parliament,8,119057.25,8,8
innuendo,3,141932.0,5,2
tourist,7,119648.29,4,6
awkward,6,109905.53,4,6
design,22,98100.17,51,20
highclass,3,73650.0,0,3
license,10,102683.27,10,9
premise,18,92822.12,55,17
renewal,6,126859.93,6,5
throb,6,24517.93,16,3
proof,9,122838.11,14,8
ess,3,71144.0,5,3
gauge,4,126666.33,7,4
au,3,92225.33,0,3
symmetry,6,118745.67,13,5
y,8,132420.36,5,8
peel,9,112650.11,27,7
sllt,4,30.83,4,1
deck,6,114335.07,7,6
jogge,3,45258.0,11,0
contributor,3,54178.0,14,2
archbishop,6,103547.27,11,6
dayfather,4,105940.83,7,3
divorce,6,148595.93,9,5
tether,4,116531.83,7,4
sober,14,68115.08,11,14
nonsense,4,170122.0,12,3
feast,10,105140.82,36,6
backwards,3,109934.67,0,3
require,5,114362.0,14,4
practice,13,116296.79,22,13
jerusalem,6,95271.13,6,5
bondage,6,100695.27,6,6
israel,8,92273.61,5,8
adonai,8,65332.82,10,5
jacob,9,71133.28,13,9
lamb,14,72509.19,35,13
perfect,20,87301.48,4,20
greasy,8,94441.25,2,7
thom,5,112860.6,11,5
dab,3,48234.67,8,2
screech,4,141721.33,10,3
_evening,6,115336.8,1,6
telegraph_,6,122602.73,9,6
erin,17,77903.13,24,15
gem,4,123328.33,10,4
machugh,22,19790.24,0,22
fireplace,5,108209.4,14,5
quiz,3,100424.0,2,3
sourly,3,35356.67,0,3
arse,11,80888.95,26,9
domain,3,144415.33,8,3
mid,3,38860.0,0,3
cast,24,77441.21,82,19
pensive,8,86246.86,2,8
bosom,26,81143.93,65,25
fringe,8,90343.61,19,8
crescent,3,103003.33,8,3
biscuit,11,109284.55,17,11
nibble,5,107558.8,15,5
chatterton,3,115907.33,3,3
ninety,3,139582.67,2,3
spite,9,112476.22,20,9
johnny,9,98460.39,22,6
alleluia,3,124792.67,3,2
spasm,5,90761.2,14,4
recently,6,101180.73,0,6
discover,9,77622.94,32,5
hit,13,68774.64,41,9
molloy,7,101595.24,0,7
o’molloy,44,40234.44,3,44
junior,11,81766.87,14,11
decline,10,114685.42,34,5
serry,3,6654.67,1,3
extra,7,90883.52,2,7
lenehan,107,64237.22,47,102
debt,7,80636.95,14,6
d.,28,74431.5,37,27
t.,22,73025.92,20,21
wig,5,95795.0,17,5
glasnevin,6,126393.33,10,5
gabriel,3,74896.0,4,3
myles,40,32005.71,52,38
crawford,44,44812.3,4,44
eternal,8,103150.89,2,8
peerless,6,60203.27,0,6
portfolio,3,97628.67,6,3
despite,3,135046.0,0,3
vaunted,3,170283.33,0,3
region,14,80416.16,40,14
vista,3,142529.33,4,3
orb,4,85332.5,13,4
effulgence,4,62113.17,12,3
vent,5,84873.0,6,5
hopeless,3,76158.0,1,2
shite,4,112788.5,5,2
onion,17,95242.13,27,16
chuckle,5,99496.6,24,3
wetherup,4,136587.17,2,4
jeer,6,69088.07,19,5
bakery,3,126547.33,4,3
motor,3,104110.67,2,3
entertainment,8,89185.46,16,5
violently,8,88540.57,4,8
rove,3,175638.67,5,2
memorable,3,135742.0,0,3
strid,4,87170.83,6,4
ohio,3,32.67,6,1
incipient,7,110317.05,0,7
jig,3,90634.67,7,2
crow,8,85666.36,32,4
uplift,6,82774.07,4,6
dental,4,106826.83,0,4
resonant,3,152410.0,0,3
canada,5,128544.2,4,5
sceptre,13,73845.51,16,11
madden,35,66215.08,10,34
newsboy,12,59039.71,25,11
strode,11,27819.24,41,3
urchin,4,69453.0,8,4
scamper,3,86833.33,12,3
racing,7,75985.24,11,4
continue,15,71866.93,45,8
...?,15,90545.83,0,15
?...,20,81372.1,0,20
collision,6,96397.53,10,6
wexford,6,56208.27,9,5
amply,4,140807.83,0,4
spectacle,16,96284.12,51,15
crossblind,7,61707.05,24,6
breeze,5,91194.0,10,5
bowknot,3,125248.0,5,3
swift,11,88468.8,5,10
jerkily,3,96537.33,0,3
cigarettecase,3,2567.33,3,3
meditation,7,68816.76,17,6
promptly,9,105061.89,5,9
twa,9,64511.94,8,8
fame,5,107926.0,8,5
twas,5,32080.8,0,5
charm,15,80479.54,42,11
grin,8,78455.82,22,6
noble,24,63053.59,12,24
puff,14,67209.55,39,11
ceiling,4,145263.33,10,4
civilisation,3,56010.67,5,3
vile,5,90701.2,2,5
sewer,3,155042.67,1,3
wilderness,4,129889.0,13,4
footstep,5,118635.4,9,5
construct,6,89995.4,17,4
accordingly,11,65569.89,1,11
ancestor,4,88876.33,10,4
chapter,3,107242.0,10,3
partial,4,135292.83,8,3
prophet,3,66922.0,10,2
respond,5,90937.2,16,2
baron,4,90494.17,12,4
university,13,85251.03,26,12
donegal,3,129612.67,1,3
escort,4,120061.0,14,3
resemble,6,112660.73,28,3
ponder,7,109717.33,20,5
garrett,5,111123.0,8,4
wellknown,12,80667.32,1,12
restaurant,3,164119.33,7,3
waiter,12,72695.5,30,10
o’donnell,5,78894.6,4,5
von,5,104483.0,7,5
austrian,4,128250.17,1,4
fieldmarshal,3,57248.0,5,3
moot,3,133078.67,7,3
hungarian,9,92559.67,5,9
mention,34,92896.18,90,26
loyal,8,101653.07,14,6
success,11,85688.07,29,9
imagination,8,97415.86,17,6
successful,7,74520.1,2,7
acme,3,140176.67,10,3
material,4,153778.5,7,4
sofa,14,76167.7,36,13
kyrie,4,58447.0,8,1
vowel,3,155320.67,6,3
profess,3,141741.33,7,2
liege,3,100646.0,0,3
chivalry,4,49523.67,10,4
fleet,6,118138.6,11,6
attempt,9,101943.94,26,6
retrieve,3,121474.0,8,3
latter,15,77477.71,24,13
limerick,5,74414.0,7,4
goggle,7,98735.52,10,6
mostly,4,107929.5,0,4
joe,135,27744.4,74,132
miller,3,46973.33,5,3
protest,7,87135.33,18,4
gladly,5,45498.8,1,5
gee,3,147034.67,5,2
spleen,4,94250.5,16,4
feign,3,85657.33,6,3
weakness,5,109336.0,10,5
tiptoe,3,112267.33,9,2
lieutenant,13,87731.46,30,12
deed,15,93650.88,37,15
classic,5,77126.4,4,5
literature,15,99779.96,35,14
madam,16,73582.74,36,14
vocal,4,121048.33,0,4
muse,11,42821.42,56,5
favourite,16,83128.56,39,12
'',12,108084.55,0,12
public,44,78695.48,36,44
m’carthy,3,151372.67,0,3
supply,13,85822.08,38,13
unheeding,3,34442.67,1,3
clench,3,112244.0,11,2
emphasis,3,82756.67,3,3
pressman,3,95472.0,8,2
journalism,3,138820.67,4,3
eightyone,3,129140.67,9,2
sixth,3,151892.0,2,3
phoenix,7,97878.48,0,7
excitedly,5,74588.8,12,5
kavanagh,6,33805.73,5,6
route,7,95926.38,26,5
fitzharris,3,133011.33,6,2
gumley,8,110554.61,8,7
watchman,5,108967.2,10,4
angrily,6,97779.67,8,6
inspiration,5,132820.6,10,3
genius,13,89090.1,19,13
distant,20,84765.93,8,20
b,9,71268.89,11,9
vibrate,3,104664.67,5,2
t,3,98179.33,0,3
viceregal,12,41984.24,0,12
wattle,4,84163.67,7,4
rude,7,94932.86,5,6
p,19,89049.95,34,12
inchicore,3,163656.67,3,3
windy,6,127651.6,1,6
arbour,4,36453.17,6,4
x,11,123083.2,7,11
publichouse,4,21345.0,14,2
scare,4,74625.5,13,2
chris,6,81571.73,15,5
callinan,7,103913.52,0,7
recorder,8,66551.18,23,7
dudley,9,13183.78,4,9
psha,3,276.67,3,0
isaac,3,121279.33,8,3
twitch,4,79225.5,21,1
someway,8,117747.21,2,7
più,3,125957.33,0,3
sufficient,8,111260.86,7,7
advise,8,83876.57,30,8
profession,6,99702.27,19,6
grattan,5,82354.0,2,5
edmund,11,19085.45,10,11
american,7,103266.67,9,6
eloquence,3,95866.67,6,3
thereof,3,58856.0,0,3
bygone,3,136936.0,3,3
yore,3,32327.33,2,3
kendal,3,169209.33,2,2
period,22,79966.56,68,21
contrast,10,66720.82,26,9
mosaic,5,72467.6,7,5
code,5,136397.6,12,4
cite,4,109909.5,14,2
horned,4,67715.0,4,4
aught,7,74709.24,12,6
wring,8,78389.61,36,4
deserve,8,89235.0,25,7
wooe,3,70920.67,9,2
magennis,3,66.67,1,3
opal,3,166462.67,3,3
yankee,4,40230.83,0,4
plane,4,132883.33,9,4
taylor,7,64501.62,0,7
historical,6,92626.8,1,6
fitzgibbon,7,105188.0,1,7
appeal,13,77179.1,32,11
debate,4,76598.5,8,4
advocate,5,112301.8,16,4
revival,4,109197.33,10,4
gerald,12,72983.2,41,9
discourse,3,80499.33,10,3
healy,4,96882.17,0,4
rumour,6,113913.0,4,6
trinity,23,91018.05,21,22
estate,7,92762.48,19,6
commission,6,103736.33,18,6
frock,7,96592.1,22,6
wrath,3,132120.0,4,3
therefore,10,74690.42,1,10
rim,5,141386.2,15,5
steady,5,113705.4,8,4
prepare,12,111332.47,43,7
altogether,13,79754.92,0,13
briefly,3,132980.67,2,3
gross,5,119159.2,3,5
chairman,5,61606.4,10,5
admiration,10,89777.31,23,9
transport,3,152690.0,10,3
remote,9,86035.44,10,9
highpriest,3,15032.67,9,3
youthful,6,102528.4,0,6
listener,16,69862.18,38,13
frail,4,72029.17,3,4
corrupt,3,13351.33,8,3
neither,22,87729.94,2,21
augustine,3,75208.67,6,3
culture,6,77999.67,7,6
wealth,9,106326.22,19,7
humanity,4,123108.0,6,4
globe,10,87786.93,29,10
condition,17,70079.15,52,17
cradle,6,83922.93,13,6
supple,9,50034.89,5,9
combat,3,156112.67,3,3
idol,5,106656.4,13,5
vagrant,3,154066.67,4,3
dumb,4,104585.67,0,4
admonition,3,148020.67,8,3
countenance,10,88927.71,20,10
graven,3,141835.33,6,3
ominous,3,82722.67,3,2
promise,25,84879.05,64,21
previously,13,67147.69,3,13
demise,4,102130.0,11,4
future,20,82236.9,40,19
troop,4,89860.5,9,3
tribune,3,135442.0,8,3
record,13,97299.92,38,11
laud,3,95069.33,9,1
motion,14,91047.03,29,14
suggest,22,99498.02,64,17
perchance,3,80594.67,12,2
compliment,8,113637.57,15,7
grateful,3,142674.0,7,3
hereby,4,128778.33,1,4
resolve,3,134093.33,19,1
contrary,7,68820.1,11,6
declare,17,97765.44,53,10
shed,14,89631.14,40,12
mooney,10,64344.62,12,9
means,24,64730.79,65,22
clap,24,63014.35,74,20
yell,12,69829.21,31,10
abbey,13,104227.95,18,13
dubliner,3,50592.67,3,2
vestal,3,14267.33,6,3
hungry,9,88667.44,14,7
copper,10,98628.82,9,10
brawn,6,98716.47,10,6
collins,3,168097.33,0,3
ripe,5,59990.2,2,5
waddle,3,113142.0,9,3
panting,5,87043.8,9,5
threaten,4,30976.33,8,4
crubeen,6,46954.6,13,6
bevy,3,95066.0,8,3
direction,19,65779.84,48,19
breathless,4,49137.5,13,3
whirl,11,79737.31,37,5
_irish,5,65150.8,7,5
tragedy,5,46165.2,16,3
bellow,8,55100.5,12,8
interview,3,104482.0,4,2
puffing,4,88218.17,9,4
_kilkenny,3,15876.67,9,3
people_,3,15876.67,0,3
access,5,112897.6,14,5
stable,12,89294.76,22,10
cadge,3,86208.67,8,3
muck,5,47621.4,16,5
tricky,3,115326.67,12,2
argue,3,52143.33,5,3
different,47,80557.79,30,44
laurence,3,148430.67,7,2
poetic,3,116889.33,1,2
licence,8,58802.46,19,7
onehandled,3,369.33,0,3
adulterer,3,369.33,9,2
dames,4,89657.0,1,4
belief,10,114500.53,19,10
dribble,4,146753.0,10,4
hearing,7,52375.71,9,7
sophist,4,23647.83,4,4
gnash,4,52325.0,11,1
vow,7,61970.38,17,6
antisthenes,4,81525.33,7,4
penelope,7,13546.86,10,5
central,5,121371.4,1,5
motionless,3,147917.33,0,3
becalm,3,126478.0,15,3
hackney,6,96479.33,0,6
cab,3,92644.67,7,3
mineral,4,111383.0,2,4
likewise,4,78355.5,2,4
_a,7,76694.86,1,7
pisgah,3,142591.33,6,3
parable,3,143100.0,8,3
richly,5,82021.2,4,5
pavement,4,118000.17,6,4
diminish,4,111656.5,5,4
almighty,7,99676.38,11,7
pineapple,5,69271.4,0,5
scotch,11,66880.98,4,11
lozenge,4,126125.83,8,4
comfit,4,151248.83,9,4
manufacturer,4,127788.83,11,3
jujube,3,117096.0,7,3
y.,5,104178.2,8,5
graham,3,140122.67,6,3
throwaway,10,93995.47,21,9
bloo,6,60629.33,15,3
birth,34,85400.01,95,31
hymen,3,154401.33,3,3
martyr,5,92454.6,9,5
building,5,115995.4,11,4
sacrifice,7,63716.19,17,6
elijah,17,73751.01,14,14
dowie,5,90712.8,0,5
zion,5,101700.6,5,5
luminous,5,88343.8,1,5
pantry,3,149016.67,11,3
monument,5,116991.4,9,5
larder,4,111715.67,8,4
yom,3,97260.0,0,3
kippur,3,97260.0,4,3
collation,3,140024.67,8,3
£.,5,97170.8,8,5
guest,28,59564.61,65,25
reverence,5,65085.8,12,5
pudding,5,63929.6,11,5
constitution,4,88319.0,4,4
sour,8,66559.82,8,7
vat,5,80131.4,13,5
puke,5,77604.8,14,3
strongly,5,116703.4,1,4
droll,5,53892.0,3,5
famish,4,110693.17,0,4
similar,16,76642.48,14,14
rhyme,3,140392.67,8,3
certain,46,80687.96,17,45
polish,4,121433.17,13,2
banbury,4,114917.67,0,4
swoop,4,91774.0,15,2
morsel,3,159093.33,5,2
swan,3,19471.33,3,3
salty,5,114875.4,15,2
anchor,8,79242.75,10,8
quack,3,103834.67,2,3
greenhouse,3,160170.0,10,3
strictly,7,84484.86,0,7
maginni,11,75463.89,12,5
self,11,76646.15,19,11
loosen,7,90365.43,23,5
dose,7,119137.62,17,5
dunsink,5,116070.6,2,5
parallax,7,104155.9,14,5
hose,17,93278.12,32,17
witty,6,62718.2,13,3
barreltone,6,115120.4,13,5
appetite,4,145321.33,5,3
bass,13,77246.18,11,13
procession,4,111809.17,12,4
gutter,5,64337.4,11,5
lagg,3,120194.0,5,3
chunk,3,40782.67,6,3
glade,3,99140.0,6,3
transparent,10,85821.89,3,10
pie,8,50373.64,20,6
pott,5,133307.0,7,4
jones,6,82900.8,5,6
hasten,6,92570.33,19,4
collect,5,104415.6,17,4
tranquilla,3,109080.0,0,3
communicate,3,146462.0,14,1
carmel,3,109032.67,1,3
lard,3,168212.67,4,2
pawnbroker,3,28150.67,8,3
barb,3,109180.67,3,3
wire,14,77086.58,33,11
westmoreland,3,131929.33,0,3
rover,4,100953.83,10,3
gilligan,3,145598.0,0,3
val,4,129281.33,7,3
glencree,6,127314.27,0,6
o’reilly,4,124726.33,0,4
port,10,108781.67,18,10
ankle,6,59767.33,11,6
sugarloaf,4,130760.67,3,4
sticky,6,69300.67,4,6
wallpaper,4,132427.33,9,4
ninepence,3,90944.67,3,3
dozen,14,80513.09,17,14
cosy,4,52039.0,1,4
hereditary,6,75441.8,0,6
bartell,6,127338.33,10,6
d’arcy,3,152263.33,0,3
lottery,7,110567.71,17,7
mansion,5,87255.6,7,5
lucky,10,88747.84,13,5
positively,3,152720.0,2,3
appearance,13,94369.92,39,11
boa,3,98772.0,3,3
smother,6,100580.33,12,6
mull,4,135039.33,6,4
breen,43,68045.98,5,42
complain,5,73039.4,19,3
charge,16,92335.43,42,13
list,19,73122.76,38,13
relation,10,99281.71,28,10
sympathy,5,86890.0,16,5
rye,4,25402.33,16,3
caution,5,83825.2,15,2
libel,4,115868.0,5,4
vapour,3,137655.33,14,3
flour,5,110456.2,12,5
arab,3,169406.0,7,3
breathing,4,131413.5,7,4
guard,10,83520.02,20,10
ace,4,96074.0,11,3
u.,16,59848.53,2,15
whoever,11,89829.56,10,11
serge,3,35076.0,2,3
toque,3,87558.67,15,2
grape,4,126342.33,10,4
tart,4,98917.5,12,2
liberal,3,140311.33,0,3
interior,4,108120.5,8,4
josie,8,99702.86,15,6
powell,5,118605.2,0,5
luke,5,110848.2,12,5
mina,21,73880.1,25,17
purefoy,21,81734.5,4,21
holles,21,94788.2,2,21
horne,15,21527.64,12,15
absorb,7,98800.67,23,2
compassion,4,118498.33,3,4
dth,5,677.2,7,2
dustcoat,3,87160.67,8,3
lamppost,3,93382.67,15,3
dotty,3,154950.0,4,1
cashel,10,40811.76,56,8
boyle,8,43767.0,3,8
o’connor,10,69084.11,2,10
fitzmaurice,7,45926.57,0,7
tisdall,8,43177.54,0,8
hug,5,110876.0,16,5
tome,3,27242.0,6,3
overtake,3,74644.0,14,2
stickumbrelladustcoat,3,26092.0,4,3
alf,56,13246.39,37,54
bergan,9,43860.0,6,8
system,13,95760.03,41,12
criminal,11,93980.65,6,11
clerk,13,78456.46,44,13
bother,12,100458.92,25,10
aid,15,96795.3,36,12
lizzie,3,15935.33,8,2
twigg,3,63828.0,3,3
effort,9,68691.5,25,9
approval,5,110777.4,12,4
eminent,6,104705.8,2,6
sloppy,4,129146.0,0,4
poetry,22,108117.25,27,22
chalk,7,86266.95,12,7
province,3,128489.33,7,3
gracious,4,65875.33,1,4
popular,6,84069.07,5,6
recover,7,101647.33,27,6
juice,8,111364.32,17,8
riding,4,122284.5,15,3
astride,3,103740.67,2,3
livery,5,94154.0,7,5
driver,7,105381.52,10,5
miriam,6,84587.33,9,5
dandrade,4,84919.5,0,4
underclothe,3,167722.67,4,3
feather,6,99325.87,12,6
whelan,3,137701.33,3,3
custard,3,51984.0,6,3
tingle,3,61196.0,4,3
methodist,4,73158.67,4,4
method,7,94889.14,20,5
saffron,3,70676.67,1,3
bun,7,102278.57,20,6
soda,5,121919.6,2,5
educational,3,138634.67,0,3
dairy,5,133262.2,14,5
whisker,3,153802.0,6,3
connect,10,80072.62,35,8
theodore,5,71982.0,9,4
tony,3,119762.67,0,3
relative,6,83827.07,10,5
annual,9,106843.67,1,9
barehead,3,113315.33,4,3
luncheon,3,50977.33,2,3
interval,12,91379.09,33,10
burton,6,60457.07,10,5
labour,14,67931.51,38,12
establishment,10,105051.6,27,10
painless,3,147436.67,1,3
tax,6,90902.33,14,6
compound,3,146940.67,4,3
twentyone,3,135106.0,1,3
register,6,123061.13,16,3
phthisis,4,121126.17,9,4
retire,7,112594.0,15,6
peaceful,5,89484.8,1,5
attendance,8,89380.07,16,5
gratitude,5,96597.8,10,4
humane,4,115949.0,4,3
flock,6,80100.13,15,6
apjohn,6,88803.33,3,5
owen,8,69905.21,15,7
goldberg,3,134297.33,0,3
monkey,8,88163.32,10,7
squad,6,90785.93,16,5
indian,7,119504.19,8,7
helmet,3,167860.67,5,3
belt,9,74057.94,14,9
oft,4,106497.83,6,4
group,8,70000.21,22,7
irregularly,3,149998.67,0,3
cavalry,5,107544.8,4,5
tommy,38,29127.1,49,35
moore,14,58906.15,4,14
urinal,3,124957.33,10,3
morkan,3,134898.0,0,3
pupil,6,114554.13,13,5
nasty,7,97584.76,0,7
customer,3,122056.0,9,2
tackle,3,87238.0,8,2
g,5,124554.6,2,5
lag,4,91291.83,20,3
chamberlain,4,91289.83,4,4
degree,16,64070.66,51,16
wallop,4,27491.33,7,3
cobblestone,5,104729.4,11,5
jib,3,123864.0,10,2
dixon,20,21179.12,4,20
boers,6,106729.67,11,4
vinegar,4,127928.67,7,4
magistrate,3,145752.67,13,2
scaffold,4,104132.83,2,4
harvey,4,130745.17,2,4
maul,5,103978.2,18,2
keyhole,3,108599.33,5,3
decoy,3,28678.0,2,2
fein,7,113554.29,0,7
lusk,3,78456.67,5,3
spinach,4,74576.0,7,3
precedence,3,141130.0,3,3
economic,4,114698.33,1,4
apron,7,102851.43,16,7
thoroughly,9,70304.61,0,9
peach,6,131305.67,11,6
clang,3,113982.0,3,2
landlord,8,50535.43,10,8
quit,3,73614.67,7,3
babylon,4,107338.67,7,3
mushroom,5,62284.2,7,5
vitality,5,92411.4,9,4
provost,6,76707.93,13,6
salmon,7,112209.81,2,7
bacon,11,94728.87,17,10
glint,4,82896.83,6,4
howard,13,85998.85,0,13
coincidence,14,87067.78,39,9
marshal,6,67686.33,14,6
fanny,4,132701.83,7,4
harness,10,99905.6,17,8
david,14,89172.87,13,14
sheehy,6,7919.07,0,6
meath,4,114960.67,9,4
apply,14,71439.18,62,7
patriot,3,112591.33,3,3
octopus,3,96493.33,11,2
bicycle,12,102664.97,16,12
event,21,73381.05,45,20
holding,4,109829.67,16,2
pursue,7,94623.24,22,3
etherial,3,32078.0,2,3
dreamy,7,70496.95,6,5
policemen,5,97738.0,11,5
squeeze,10,104489.36,39,9
mood,6,110358.53,15,4
nassau,3,25144.0,0,3
fieldglass,3,136460.67,7,3
harris,5,126976.8,5,5
chat,7,109715.52,25,4
capture,5,98779.6,21,2
farmer,14,72927.66,34,14
junction,4,118629.17,9,4
completely,7,90844.95,3,5
blote,3,56566.0,13,1
disk,6,71266.8,10,6
terrific,4,83031.17,8,2
total,10,58847.16,8,10
eclipse,4,107707.83,8,4
nobleman,7,102687.52,16,6
mistress,12,89814.76,21,11
spinn,6,85864.0,21,5
dingdong,3,49514.0,9,1
beam,10,73886.73,21,8
glowworm,5,75923.4,13,4
gleam,4,78112.0,12,2
broth,3,108541.33,5,2
pat.,3,32130.0,3,2
guffaw,4,80635.0,17,3
sew,3,160279.33,8,3
grafton,5,111338.0,0,5
lure,8,64084.32,19,5
muslin,3,152834.67,4,3
clumsy,5,108812.0,4,5
mercer,5,72132.8,7,5
urn,3,78289.33,9,3
poplin,3,90606.0,6,3
è,4,72881.17,0,4
meyerbeer,3,130453.33,5,1
curtain,14,88190.97,26,11
eighth,3,40271.33,3,3
rail,4,111096.67,9,3
jingling,6,83880.8,3,4
adore,5,107974.0,9,5
reggy,6,30347.67,5,6
swill,4,53163.83,11,3
tumbler,7,94342.48,12,7
napkin,8,88167.68,13,8
microbe,3,139692.0,9,3
infant,17,82630.72,41,14
gristle,3,60448.0,6,3
gum,5,90136.0,2,5
chop,5,131347.6,23,4
cormac,3,131881.33,4,3
christianity,3,143960.67,2,3
sawdust,5,102142.4,13,4
plug,4,92307.67,5,4
tootle,3,43687.33,3,2
cud,3,74644.0,7,3
eater,3,146728.67,4,3
tighten,5,124475.4,13,4
bailiff,3,146308.0,7,3
foamy,3,45394.0,0,3
tankard,11,11580.18,22,9
splash,5,81448.2,9,5
diner,5,16740.6,12,5
bunk,3,120068.0,7,3
mash,4,21539.67,6,3
parson,6,59571.47,14,4
clyde,3,99617.33,0,3
gingerbread,3,101251.33,2,3
flynn,40,42376.89,4,40
joint,4,55091.67,12,2
garlic,4,108489.17,6,4
truffle,4,75299.83,6,3
poleaxe,3,39466.0,3,3
stagger,8,55857.18,28,5
bubble,4,130116.67,8,3
wobbly,3,129515.33,4,3
flay,4,68138.5,8,3
prescribe,6,100055.47,4,6
moral,16,82492.77,19,16
nosey,32,34372.86,39,29
burgundy,7,85587.52,13,6
sardine,5,105065.2,15,4
shelf,9,103848.89,23,9
sandwich,7,91746.76,14,5
rice,5,97268.6,6,5
pickle,3,69111.33,2,3
consume,8,106779.39,19,5
nigger,6,96954.47,8,6
windpipe,3,112008.67,10,3
hygiene,3,132826.67,4,3
digestion,3,135252.0,3,3
casual,6,101034.4,3,6
digest,3,76341.33,7,2
sprig,3,83020.67,13,3
crab,5,102941.0,11,3
sipp,3,24468.67,8,1
grog,4,122602.33,7,4
coachman,4,85117.67,9,4
creamy,4,79392.5,0,4
mustard,8,75357.07,10,7
blob,3,68272.67,8,3
mix,21,91876.83,24,17
yearn,7,47192.57,23,4
cordial,5,53782.8,4,4
delicately,3,100851.33,0,3
snuffle,7,49651.14,15,5
flea,3,157826.67,8,3
myler,9,22642.72,7,9
portobello,4,67601.17,0,4
kipper,3,82530.67,4,3
dewdrop,3,25642.0,4,2
further,6,85647.8,1,6
boose,9,69898.72,22,6
sooth,3,55495.33,11,1
fuller,3,64768.67,2,3
plan,14,95076.76,41,12
vintner,3,88984.0,3,3
consumption,8,103309.86,15,8
zinfandel,4,79933.67,5,3
walden,4,113525.17,0,4
sire,4,75637.0,9,3
rothschild,4,122259.83,4,4
filly,5,107061.0,18,3
wadding,3,57730.67,5,3
flute,7,81767.43,13,6
terrier,6,104176.2,14,6
fondle,3,106862.0,10,2
soften,4,69320.17,12,2
thirsty,3,153426.67,4,3
kindle,4,115117.83,17,1
badly,10,114372.38,3,10
gaudy,4,66162.67,0,4
lobster,3,104912.67,4,2
warn,4,45824.33,18,2
ice,3,115747.33,1,3
filthy,6,112542.6,0,6
fizz,3,111934.67,1,3
sexual,3,134946.67,3,3
scruff,3,83201.33,4,3
aristocrat,4,146907.0,7,4
hock,3,25712.0,4,2
pearl,7,85400.48,12,4
platter,3,68052.0,7,3
sheriff,6,112951.4,18,4
forest,9,87018.28,19,9
ex,4,111790.5,7,4
area,14,94267.26,21,14
curly,5,114862.2,0,5
_à,4,95485.17,4,4
temp,3,119959.33,13,2
dubedat,3,89432.67,0,3
du,5,95180.0,10,4
micky,5,117826.0,8,5
ignorant,4,139864.0,9,4
moisten,3,140745.33,4,3
heather,3,102141.33,4,3
yum,3,60642.67,2,2
mumble,6,89216.67,26,2
spittle,4,90114.67,10,3
rhododendron,7,101729.43,18,5
nannygoat,3,101873.33,6,2
currant,5,110659.4,0,5
wildly,4,111980.17,0,4
blouse,14,109886.01,34,14
nipple,4,130093.17,7,4
downcast,4,65385.0,2,4
goddess,10,68081.93,30,8
venus,14,64687.21,18,12
juno,3,73446.67,3,3
mess,6,86415.67,14,5
tanner,4,95966.17,2,4
carrot,5,112483.8,8,5
electricity,3,142355.33,4,3
engine,7,100827.81,10,7
keeper,16,34886.6,25,16
message,10,84628.93,15,10
manly,5,80410.4,2,5
conscious,12,88737.67,29,10
wyse,36,36914.69,0,36
nolan,17,53287.82,0,17
toast,8,116565.82,19,7
juggling,3,92566.0,2,3
wink,18,83944.88,45,14
swore,6,43837.27,32,4
due,22,69606.29,22,22
rochford,15,46534.53,0,15
claret,8,84213.04,4,8
jameson,3,159838.67,3,3
searchlight,3,92796.0,7,2
sick,19,106709.82,47,17
fully,9,86274.56,0,9
savoury,4,51182.0,4,3
pester,3,157450.67,17,3
don,21,93692.71,68,17
giovanni,4,87342.17,0,4
cenar,3,90043.33,5,2
courage,8,93920.61,21,6
plumber,4,74754.0,11,3
gastric,3,128623.33,0,3
coil,6,52285.4,20,4
science,13,71640.38,20,12
hast,12,36110.45,13,11
invite,4,119900.33,10,3
van,15,74573.49,18,12
margate,4,119758.83,5,4
moonlight,9,73869.67,10,9
loafer,6,88146.0,12,6
lounge,5,122265.4,11,4
knuckle,4,117968.0,11,3
blight,4,99029.67,7,4
stripling,12,74192.32,26,12
cane,13,78031.87,28,13
molesworth,3,12068.67,0,3
frederick,10,86708.18,13,10
slobber,3,154962.67,5,2
size,16,88761.83,50,14
drudge,3,43234.67,6,3
remove,21,76870.85,78,12
gap,10,98762.93,27,9
penrose,5,105875.4,25,3
embroider,3,52418.0,3,2
plait,7,89055.62,3,7
objection,3,134448.67,7,2
stewart,4,107439.0,1,4
institution,4,122481.17,17,4
temperature,6,83871.07,9,6
fag,4,102755.33,8,2
academy,4,155198.5,10,4
excursion,3,99494.0,3,3
falkiner,3,84306.0,0,3
freemason,4,147191.33,10,4
moneylender,3,6190.0,3,3
mirus,4,74614.17,0,4
excellency,6,11152.0,9,4
sixteenth,5,78472.8,4,4
fund,5,56874.6,10,5
tan,9,70123.78,6,8
busy,5,120057.4,10,5
quaker,13,4719.69,2,13
librarian,12,4204.85,32,12
purr,4,77755.33,12,3
hesitate,6,86526.33,17,3
noiseless,4,105580.0,1,4
attendant,9,116124.22,10,8
directly,6,106348.93,3,5
judgment,5,114754.8,10,5
analysis,3,116935.33,8,3
sneer,3,89171.33,10,2
brave,8,86732.0,6,7
eglinton,41,17130.29,6,40
gall,4,68971.0,5,3
rood,6,77235.0,9,6
kathleen,4,141751.17,7,4
glen,6,107249.07,16,6
folly,3,122174.0,2,2
create,12,94540.71,32,10
purely,3,81662.67,0,3
essex,4,17288.5,2,4
discussion,13,88363.1,26,11
spiritual,6,43659.27,9,4
essence,6,65510.6,22,4
supreme,5,89395.4,0,5
painting,3,50850.0,14,1
contact,7,74271.24,10,7
plato,4,235.67,5,4
schoolboy,12,31426.79,33,10
bearded,9,72605.11,2,9
noblest,4,59475.17,4,4
hight,3,61440.0,5,3
identity,4,110493.67,6,3
cooper,5,102790.2,37,5
illustrious,3,132107.33,1,3
tendency,5,111199.4,12,5
eon,6,116885.4,15,6
worship,9,84338.78,14,8
vegetable,7,96751.71,12,6
amiable,5,95407.0,4,5
connacht,3,41255.33,5,3
opine,3,91115.33,6,3
thief,6,91973.0,17,5
twinkling,3,57088.67,4,3
emerald,10,70206.47,5,10
lovesong,4,76817.5,7,4
revolution,5,109388.8,8,5
peasant,11,87188.15,16,9
novel,3,159026.67,7,3
musichall,3,12722.0,3,3
corruption,3,143006.67,6,3
desirable,5,88417.6,5,4
homer,3,73007.33,4,3
se,5,74137.0,4,4
describe,12,46325.91,41,9
advertise,4,127833.33,8,3
graciously,5,71753.6,0,5
absentminded,5,106703.4,0,5
shortsighted,3,155832.0,4,3
greene,5,42591.2,0,5
sung,8,97109.57,18,6
swinburne,3,92438.67,6,3
afar,16,25865.72,16,16
dam,3,127774.67,8,3
foe,7,51529.71,20,6
didst,4,54672.0,4,3
absence,14,93879.36,29,13
manners,11,91259.96,28,10
stratford,7,5009.81,6,7
pit,6,114254.87,23,6
drake,4,94739.17,9,4
composition,5,95346.4,11,4
vanity,5,80495.4,12,5
burbage,3,3814.0,2,3
rack,5,85062.2,18,4
hamnet,3,5799.33,7,2
twin,30,48742.19,75,27
probable,3,134421.33,9,2
logical,3,134349.33,3,3
pry,4,107203.67,11,4
parish,4,92326.17,2,4
lear_,4,6348.5,4,4
maclir,3,89976.67,0,3
georgina,5,94515.8,12,5
johnson,4,83932.67,0,4
clergyman,6,112039.2,20,5
molecule,3,133568.0,5,3
everchang,3,143184.67,3,3
tradition,7,89583.9,18,7
century,5,111448.6,8,5
retort,7,82909.24,20,5
sixtyseven,3,76526.67,1,3
portal,3,24.0,15,2
discovery,8,119286.07,23,6
shrew,4,3133.33,6,4
useful,8,110523.36,4,8
socrates,5,46023.0,2,5
wallet,4,71938.5,7,4
whistling,4,85699.5,10,4
earthquake,5,115466.4,7,5
hound,3,118012.0,9,2
bedchamber,3,83913.33,11,3
passionate,7,80578.1,6,6
withal,4,47650.17,0,4
gain,7,99801.62,25,6
conquer,3,20328.67,2,3
blond,13,90099.31,4,13
unveil,3,98103.33,5,2
whither,3,142586.67,1,3
active,5,87510.2,5,5
eyebrow,3,90139.33,4,3
piper,7,12472.19,3,6
tend,3,70370.0,9,2
shoal,3,120164.0,4,3
wail,13,68305.13,44,7
dwele,3,120792.67,11,1
earnest,6,50170.67,10,5
anxiously,4,93171.67,0,4
index,4,127667.67,1,4
necessity,8,60037.07,25,7
virtue,14,75034.03,32,12
commercial,13,72638.31,8,12
longworth,3,6978.67,1,3
yeats,3,89042.0,0,3
grecian,4,111287.17,0,4
kilt,4,124641.67,13,3
synge,6,99994.0,1,6
article,22,88099.02,65,21
league,9,86127.28,23,8
blushing,5,66791.6,7,5
altitude,3,133620.67,9,3
courtesy,3,92815.33,5,1
inward,6,104958.87,0,6
reconciliation,3,526.0,3,3
hiding,4,61395.17,8,4
comely,6,43597.13,3,6
achilles,5,75431.6,7,5
urge,13,72219.36,50,6
stern,5,79278.2,8,5
task,4,113207.17,17,3
unweave,3,101251.33,5,3
reflection,26,52680.8,72,22
stile,3,124721.33,5,3
lug,4,83170.5,12,3
market,13,88262.41,45,13
tyre,4,95916.17,17,4
constant,10,86936.31,2,10
quantity,12,79150.42,51,10
seeker,5,99161.0,14,4
magee,8,3491.18,10,8
score,8,94970.5,25,7
sidney,4,22255.33,4,4
_my,4,36380.33,0,4
murmur,24,57956.3,87,19
grotesque,3,99511.33,0,3
theory,10,100191.76,24,10
brilliant,8,38172.32,10,7
sonnet,5,2918.4,10,5
rival,4,129472.67,5,4
earl,10,60661.07,26,8
pembroke,5,120293.8,1,5
reject,3,129174.0,7,3
harmony,5,61994.4,3,5
notion,8,94881.82,23,7
auk,3,141410.0,9,3
scandalous,5,55674.6,4,3
girlhood,3,55773.33,7,3
woo,6,38263.0,17,5
assume,11,68741.6,39,7
boar,3,93462.0,7,3
goad,3,92637.33,11,3
passion,10,78759.91,23,10
understanding,8,82060.89,17,8
fate,11,71493.27,15,5
endow,5,70051.8,16,4
elsewhere,3,124385.33,0,3
personality,3,117326.67,10,2
beaver,7,77187.43,2,7
amen,12,60132.06,14,4
nineteen,4,65146.33,4,4
instructive,7,64054.95,6,6
represent,9,73653.83,29,6
equally,9,76571.06,0,9
brilliancy,4,98670.17,11,4
actress,4,118347.0,5,4
barton,4,113529.17,1,4
highness,3,140799.33,6,3
lordship,6,94161.13,11,6
willie,3,28.0,12,3
hughes,11,93716.07,4,11
yea,6,86129.4,14,5
snake,8,63829.57,14,7
papal,6,61084.93,3,6
launch,4,111697.0,17,3
mister,9,59531.22,9,7
potion,3,87694.67,9,2
rouse,3,148687.33,9,2
friar,8,50971.93,20,8
waiting,6,86502.8,8,4
des,3,69393.33,2,3
brandish,4,86560.17,11,4
lyster,3,86644.67,2,2
brisk,5,66502.2,9,5
voluble,3,107976.0,2,3
honest,10,81976.44,16,9
people,5,112564.2,11,5
northern,6,109597.07,0,6
guardian,5,93853.0,12,5
1903,7,63622.1,2,7
sheeny,3,70193.33,10,2
snatch,5,68099.2,18,4
groove,4,87213.0,14,3
decide,4,116494.67,10,3
interested,5,106284.4,17,5
wooden,6,103020.27,0,6
during,36,65281.26,2,36
chancellor,3,32185.33,11,3
conjugial,3,73546.67,5,3
chaste,4,53952.5,0,4
ado,4,60698.33,6,4
encore,10,82426.13,17,3
tu,3,69999.33,2,2
upturned,8,93785.93,18,8
gerard,3,120672.67,5,3
rapp,4,31897.83,14,1
suspect,7,75978.86,25,3
challenge,6,85751.13,26,3
wanton,3,94128.67,6,3
singular,4,99646.17,2,4
ostler,4,45617.5,6,4
burden,3,126391.33,10,3
infamy,4,73528.67,5,3
susan,3,2605.33,4,3
elizabeth,3,125391.33,4,3
wed,8,117031.36,8,7
forty,11,71368.29,1,11
entitle,5,93150.2,17,3
secondbest,7,56395.24,2,7
observe,20,71944.29,73,9
antiquity,5,116260.2,7,4
pucker,5,7869.0,17,5
sage,6,64721.53,11,6
nell,3,88700.67,8,2
villa,5,91176.4,13,5
dowden,3,2920.67,0,3
astray,4,125460.83,0,4
steadfast,4,61375.67,4,4
severe,6,94246.87,10,6
wrest,3,10302.0,11,2
shylock,3,31248.0,1,3
diver,6,67257.93,3,6
report,16,66256.22,34,14
sue,3,84892.0,7,2
mill,3,128645.33,4,3
chime,8,87185.79,32,3
hanging,3,89995.33,3,3
patsy,5,98905.8,7,5
inspire,3,65952.0,9,3
gripe,5,80391.0,12,3
depth,7,87307.24,30,7
mixture,4,131111.67,14,4
champion,9,61715.0,22,7
scandal,6,91773.6,11,6
pro,6,82281.8,2,6
machree,3,68538.67,2,2
destroy,3,47041.33,9,1
avarice,3,128464.0,5,3
emotion,8,48726.21,10,8
withhold,3,65269.33,9,3
anger,5,65371.8,13,5
jews,4,119045.67,5,4
tightly,4,84714.5,1,4
gag,3,104719.33,5,2
sweetly,7,104643.71,4,7
council,5,56197.6,6,5
skill,5,52209.6,13,4
nightly,3,55823.33,0,3
remorse,3,135191.33,4,3
sup,3,30414.0,7,3
sneak,3,117693.33,9,1
mor,3,84898.67,4,3
wand,5,50149.6,12,5
attend,12,65628.44,48,7
necessary,13,62141.54,15,13
beardless,3,95918.67,1,3
devise,3,85210.0,13,3
mystical,4,93452.5,0,4
unknown,12,56248.06,16,11
succession,3,121173.33,8,3
incertitude,5,83384.4,14,4
fiction,3,122880.67,8,2
bodily,5,105353.2,2,5
hardly,8,110997.18,0,8
breach,6,86477.2,15,5
unborn,4,48641.5,2,4
rut,6,88516.6,13,4
bulldog,4,75340.67,7,3
merely,11,48856.18,1,11
token,4,26366.0,15,3
perfection,3,118819.33,2,3
flatter,3,82426.67,7,1
guess,4,113910.5,14,2
quake,3,6.67,5,3
gilbert,3,36.67,4,3
_(,1125,17821.64,1,1125
comrade,5,70722.2,6,5
crookback,3,61174.67,6,3
nay,15,53885.9,12,14
clown,7,102862.1,17,7
recumbent,3,137326.67,1,3
constellation,15,40434.51,55,15
eastward,3,10846.0,2,3
quench,4,99110.33,17,3
d,3,139998.0,3,3
phenomenon,29,76743.3,90,22
lapwing,5,172.8,5,1
pater,4,74882.67,7,2
welter,3,144034.67,6,3
motive,5,90174.6,14,5
myth,3,79087.33,11,3
misconduct,5,82017.2,10,4
anticipate,6,81684.13,16,4
refrain,6,80711.6,16,5
rectly,4,3.17,0,4
chronicle,3,145473.33,13,3
celtic,5,84981.0,2,5
excerpt,3,90886.67,8,3
meredith,3,91247.33,1,3
que,4,65181.67,8,3
theme,5,106896.2,15,5
adulterous,3,135938.0,0,3
banishment,3,4.67,5,3
onward,4,74015.5,1,4
accuse,11,44086.58,38,7
adultery,6,117957.67,6,6
inclination,4,123260.83,6,4
maynooth,4,64141.33,8,3
variety,6,91479.93,29,5
mature,6,85636.4,0,6
bawd,15,47326.38,46,6
cuckold,5,67975.0,12,4
carmen,3,86710.67,3,3
moor,3,103795.33,6,3
cuckoo,15,33701.39,17,7
cluck,3,152812.0,6,2
actual,8,68721.36,2,8
judas,8,81940.96,20,6
doubtless,4,93705.83,4,4
economy,4,100660.33,11,4
unto,5,72913.4,0,5
douce,50,14257.27,19,47
triangle,4,112009.5,9,4
dialogue,3,125777.33,6,3
doubly,4,96031.0,1,4
herr,4,93964.67,16,4
malice,4,50194.67,10,4
nelly,7,94502.38,17,7
ængus,3,9216.0,3,2
lubber,3,29.33,2,2
reader,7,41512.19,14,5
puck,5,26905.6,10,5
chinless,3,60388.0,0,3
ton,7,88890.29,12,7
minion,3,52690.0,4,3
atkinson,3,84256.67,0,3
trill,3,13449.33,6,3
f.,22,72840.32,52,22
mournful,6,55495.6,6,5
slate,5,87829.4,7,5
graceful,6,30451.07,1,6
moorish,7,95713.33,2,6
entwine,3,61144.0,11,2
vary,9,69104.89,10,8
everyman,6,91199.2,9,4
honeymoon,4,111085.0,8,4
smirk,5,114005.6,24,4
watercarrier,3,119124.0,7,3
camden,5,109522.4,0,5
multitudinous,3,133443.33,0,3
peril,7,65527.81,20,6
wheelbarrow,3,144240.67,6,3
housetop,3,115278.0,7,3
strive,3,91074.0,11,3
superior,6,104822.2,6,6
practical,4,93145.5,5,3
onelegged,3,8308.67,0,3
crutch,5,76275.6,12,4
mountjoy,7,82323.05,3,7
wonderfully,4,91376.83,0,4
belvedere,5,1033.2,8,4
delightful,7,98947.43,5,6
welsh,4,57702.5,4,4
lest,5,82470.0,3,5
brunny,3,58.67,4,2
lynam,4,2652.67,2,4
&c,3,9372.67,0,3
kerchief,6,53265.07,6,6
lavender,4,103698.0,1,4
deportment,4,79944.17,8,3
maxwell,3,26103.33,1,3
m’guinness,3,95554.0,0,3
queenly,3,37968.0,0,3
charles,19,80039.4,40,18
ignorance,4,103142.17,10,3
virtuous,4,56712.67,7,3
blessed,4,104862.83,0,4
occasionally,7,80455.52,1,7
gallagher,4,127286.67,0,4
perceive,27,60772.83,89,15
unfortunate,7,93728.57,0,7
contrition,3,135873.33,4,3
tube,7,78730.19,13,6
pendent,4,103751.17,5,4
providence,3,104950.0,5,3
whence,4,100253.5,1,4
newcomen,4,651.67,0,4
francis,10,86030.22,18,10
nicholas,6,68627.27,3,6
mud,6,82351.8,8,6
inspector,5,87363.0,11,5
carelessly,3,112852.67,4,2
occupant,5,101834.4,16,5
excessive,4,102910.33,1,4
conductor,6,79075.33,9,5
plea,5,98733.8,15,5
alight,3,73754.67,7,2
immediate,9,85692.89,5,8
admiral,4,124658.0,13,3
adjoin,3,116432.0,2,3
countess,3,24344.67,11,3
confessor,3,93448.67,5,3
confess,7,98222.67,22,4
honoure,8,83602.18,23,7
cluster,4,73363.83,7,4
bookmark,4,94700.83,14,4
hedge,5,80004.4,15,5
*,54,4558.58,36,36
axle,3,90404.0,4,3
dollymount,3,128686.67,2,3
rabaiotti,3,65106.67,3,3
boody,11,27584.95,10,10
warehouse,3,98787.33,17,3
unfurnished,3,116489.33,0,3
sash,4,57508.5,11,4
minstrel,3,16570.0,6,3
maggy,9,34763.89,8,9
range,8,93194.46,17,8
lacquey,9,65356.33,14,8
barang,5,80344.8,7,2
dilly,21,49068.81,5,21
skiff,3,6382.67,7,3
customhouse,4,83653.5,4,4
dock,9,65565.72,29,9
wicker,3,127008.67,0,3
bestow,3,74230.67,13,2
tomato,3,148068.0,9,3
damage,6,79906.6,9,5
reckon,3,56501.33,13,1
almidano,9,29904.11,10,9
artifoni,10,45048.36,2,9
poll,8,53211.29,16,7
ho,27,32495.44,25,23
lei,3,80976.67,5,2
_ma,3,61869.33,13,1
highland,5,89995.6,0,5
implement,5,99477.6,14,5
dunne,3,27019.33,1,3
cecil,3,117876.0,4,3
wobble,4,54125.67,8,3
ogl,4,77715.33,7,4
wolfe,5,79672.6,12,4
eel,4,121466.0,13,2
kendall,4,6415.83,0,4
soubrette,4,64360.83,13,4
sixteen,13,43022.26,10,12
dauby,4,64527.5,0,4
susy,3,89969.33,7,2
nagle,4,74382.5,1,4
shannon,4,86593.83,8,4
ormond,17,65981.91,13,17
ringabella,4,10462.67,7,4
lath,3,263.33,5,3
arche,5,72838.8,16,5
refine,3,70704.67,0,3
historic,7,89502.48,6,7
proclaim,4,83014.5,13,4
chessboard,4,54878.33,5,4
hugh,10,104918.73,17,10
_but,4,18873.17,2,4
sneez,4,129966.33,11,4
chow,3,30385.33,3,1
beheld,8,38665.54,37,3
admiralty,3,19288.67,2,3
division,10,81210.2,29,10
impact,3,114476.0,7,2
manhole,3,71098.67,9,2
starting,4,87977.67,6,4
dodg,4,76575.83,12,3
egress,5,73999.2,5,5
cavalcade,5,4527.6,10,5
earthly,5,98286.8,4,5
comet,4,91373.33,8,4
astronomy,3,84436.67,3,3
wellington,4,105065.67,3,4
aloysius,6,69840.2,0,6
porksteak,5,53596.4,7,5
cameron,6,91521.93,4,6
benjamin,5,104394.2,22,5
truly,10,86426.6,1,10
sherry,4,82873.67,5,4
gorgeous,7,83067.71,8,7
duet,5,97395.6,19,5
rug,3,122793.33,8,3
shrink,5,58606.8,16,5
lad,9,57172.11,28,8
hercules,4,92112.0,14,4
milky,3,120815.33,1,3
pant,6,82599.8,16,5
maria,8,98402.93,16,8
butting,3,78394.67,4,2
shopman,3,362.67,4,3
apparel,5,86547.2,8,5
lovebirch,3,68507.33,0,3
rsweet,3,129946.67,9,2
sin_,3,129946.67,5,3
wondrous,5,32787.0,5,5
frilly,4,69236.5,6,4
raoul,8,46564.21,17,5
voluptuous,3,88302.0,0,3
opulent,8,70617.46,10,8
hoarsely,8,56246.04,10,7
ey,3,146045.33,11,2
heave,12,69141.09,23,10
embonpoint,3,80492.0,4,3
lunacy,3,120114.0,5,3
summons,4,99364.67,7,4
versus,6,66564.4,0,6
mona,4,49190.83,5,2
accident,10,63790.91,19,10
guarantee,6,95073.8,9,6
handbell,3,82802.67,3,3
advance,16,64587.97,45,12
sprint,3,62724.0,5,3
wylie,8,15218.18,0,8
imitate,7,110073.52,20,6
melancholy,4,93988.83,4,4
insolent,3,135272.67,5,3
bitch,15,103267.98,45,14
handful,5,91175.0,12,5
obsequious,3,29261.33,0,3
mincing,4,106903.17,0,4
pulbrook,3,127646.67,12,3
robertson,3,127647.33,2,3
crimmin,4,226.0,0,4
gin,5,52136.2,15,3
combustion,4,107649.33,6,3
revelation,4,118698.83,11,3
single,8,77005.04,9,8
lifeboat,3,100104.67,3,3
kennedy,37,16795.52,8,37
hairdresser,3,75735.33,3,3
toff,6,49290.4,12,5
manager,4,114595.83,12,4
westward,3,129087.33,0,3
bravely,5,41476.4,5,5
sam,3,62792.67,3,3
strut,3,75989.33,9,2
michan,5,22913.2,3,5
tipperary,4,105131.67,3,4
citizen,103,28724.37,142,98
messrs,18,68821.14,68,17
reminiscence,10,59048.67,20,9
daly,5,87379.8,6,4
dash,4,105982.0,5,3
ross,4,74515.17,6,4
outrider,4,3061.33,2,4
saddle,6,70829.2,20,6
bronze,46,27085.34,62,42
cinnabar,3,119385.33,2,3
muddy,4,116090.0,3,3
throbb,5,6046.4,15,3
killarney,5,83648.4,5,5
talisman,3,78860.67,6,3
nebrakada,4,78063.83,4,2
abbot,4,69951.33,24,3
divulge,5,81228.4,19,2
lank,3,88018.67,1,3
primer,3,121006.0,11,2
acquaintance,15,73201.24,45,13
furiously,4,81837.67,0,4
jewman,3,62340.67,6,3
chanter,3,115991.33,6,3
joyful,3,52279.33,4,2
subsheriff,8,45408.86,13,8
prior,6,86078.8,5,6
claim,7,82087.24,28,3
29,7,94853.05,8,7
minister,4,79429.67,14,3
cheerily,3,98706.0,3,3
boyd,3,96933.33,5,2
kindness,6,36105.47,10,6
righto,3,58011.33,5,3
assistant,8,71497.18,13,8
fanning,11,32677.2,0,11
scowl,4,54138.67,17,3
utterance,4,76194.67,17,4
mace,3,67729.33,7,3
lorcan,3,67754.67,5,3
sherlock,4,53141.17,3,4
translate,3,108397.33,9,2
whereat,3,48568.0,0,3
working,5,85852.8,0,5
waitress,3,69012.0,6,3
scone,6,106628.67,17,6
punishment,5,49335.8,9,5
impose,4,90289.33,8,4
bridgwater,4,77459.0,4,4
merrion,6,42889.87,0,6
metropolitan,4,61923.5,0,4
eyeglass,3,74388.67,8,2
grind,6,63438.93,12,6
angle,14,81566.25,46,14
tapping,5,65727.8,11,5
stoer,3,30706.0,2,3
quigley,3,75504.0,0,3
macdowell,16,21468.37,2,16
barney,13,53342.03,27,12
tunney,4,70852.0,5,4
pelt,4,74267.33,13,2
sergeantmajor,3,61307.33,5,3
gob,28,20193.4,33,27
fitzsimon,3,12692.67,3,2
stud,4,89783.5,10,4
buttonhole,4,63818.83,9,4
pa,16,26525.13,5,15
lieutenantcolonel,3,17313.33,11,3
proceed,18,53980.09,71,13
viceroy,7,80370.38,15,7
cordially,3,91565.33,1,3
arran,4,52619.67,1,4
triple,6,58669.53,6,6
terminus,6,74641.53,26,6
representative,6,50146.07,10,6
obeisance,3,63200.67,2,3
deputy,3,122708.67,3,3
roger,4,79595.67,9,4
unseen,4,64949.17,1,4
v.,7,54445.24,6,7
span,4,92824.5,20,3
hunter,3,14691.33,3,2
flagon,5,36217.6,13,5
prance,3,30145.33,11,3
skyblue,6,67627.67,0,6
yorkshire,10,72397.07,4,9
indigo,3,67344.67,2,3
factory,5,88238.8,4,5
lass,4,77607.67,17,2
baraabum,6,67836.53,10,1
thither,5,31012.6,6,5
pursuit,4,93162.67,8,4
finn,3,20657.33,4,3
solomon,3,23342.0,2,3
leinster,3,110072.67,6,3
tallyho,3,85866.67,0,3
inaugurate,6,80305.93,16,6
pedestrian,3,111210.67,9,3
comer,3,139092.67,7,3
acknowledge,4,91759.5,15,3
imperthnthn,3,918.0,1,3
husky,3,29337.33,1,3
satiny,4,7670.0,3,4
satin,6,31933.27,7,6
castile,10,34080.87,10,8
morn,5,5447.8,11,4
jaunt,8,70915.64,21,3
avowal,3,2820.0,4,1
smack,4,35684.17,6,1
cloche,5,6966.0,7,2
sweetheart,13,83519.03,35,7
tympanum,3,73942.0,5,2
tup,4,3998.67,5,0
warble,3,64669.33,5,2
spike,4,54542.67,6,4
rhapsody,3,7819.33,11,0
hissss,3,7830.67,4,1
carra,3,9008.0,8,3
hee,33,41025.56,34,23
embed,3,26838.0,7,1
ore,3,120295.33,2,3
tremulous,3,123170.0,3,3
maidenhair,4,8734.5,6,4
fro.,3,87175.33,2,2
gouty,4,60182.5,0,4
benben,3,9200.67,6,0
pwee,3,9896.0,2,1
wee,9,27131.61,7,7
fff,3,10300.0,3,2
anear,9,78147.67,9,9
_eau,3,4652.67,9,3
exquisite,8,57635.36,4,7
frightful,3,132582.67,0,3
antique,6,91953.93,5,6
teatray,3,2189.33,3,3
retreat,9,73189.56,25,6
ladylike,5,55396.8,10,4
rejoin,5,80401.2,15,3
teacup,4,85989.17,9,4
reef,4,78847.33,9,4
footstool,3,118140.0,5,2
cherry,3,140087.33,3,3
laurel,3,105078.0,3,3
rash,3,52820.0,3,3
hideous,3,64698.67,0,3
ruffle,4,43379.83,11,3
shouting,6,80204.67,14,5
prosper,3,99027.33,6,2
giggle,6,99970.13,17,5
peal,6,92513.2,11,6
fatten,3,129449.33,5,3
pinnacle,3,3949.33,11,3
o!,3,81214.67,6,1
greaseabloom,3,9401.33,3,3
hawk,5,89837.0,18,2
exceedingly,4,87242.83,0,4
alacrity,4,422.33,6,4
gilt,7,76897.52,3,7
crystal,9,61277.72,9,9
pouch,3,74144.0,4,3
tonic,3,99410.67,16,2
mermaid,7,47682.95,20,6
eastern,4,94789.5,1,4
lidwell,22,14396.02,6,21
sandwichbell,3,8332.67,8,3
jaunty,4,2383.17,6,2
inn,4,73912.17,3,4
genial,3,99433.33,1,3
select,6,83121.47,7,6
quaff,5,40398.4,26,5
_en,4,40178.5,13,2
tuner,3,8010.0,9,2
stray,6,98959.87,12,5
lager,3,57242.0,6,1
uphold,3,117432.67,10,2
oblique,3,114055.33,0,3
muffle,6,88250.2,7,5
console,5,49110.0,22,2
innocence,6,57990.13,11,3
drowsy,3,91086.67,0,3
tuningfork,3,7680.67,8,2
ere,5,65810.4,0,5
lisp,4,59069.33,9,3
curb,3,55212.0,10,3
forlorn,4,78352.83,3,4
dreamily,3,28314.0,0,3
wary,3,46177.33,0,3
richer,3,39113.33,1,3
canter,4,82973.33,13,4
sparkle,3,63447.33,9,3
_to,5,101635.4,3,4
flora,5,113472.6,3,5
coyly,3,76504.0,5,3
sonnez,5,5254.2,12,1
kenn,3,6664.67,0,3
falter,3,13495.33,2,3
suspend,4,73524.33,11,4
elastic,7,101602.76,0,7
gliding,4,52622.33,3,4
gulp,3,54714.67,8,2
bulky,3,334.0,3,3
iscariot,3,65811.33,2,3
cider,8,15227.75,13,5
tinkle,3,115687.33,2,3
sob,4,60574.83,9,4
smite,5,62927.2,24,3
situation,5,87905.8,14,4
consideration,8,83748.07,14,8
visage,7,69368.0,13,7
description,10,65606.78,35,10
steak,7,73655.33,15,5
crackle,4,63505.83,3,4
muscle,7,60832.57,17,7
beerpull,4,4578.17,10,3
rump,5,88288.4,11,5
haw,5,70209.8,1,4
ardent,5,88192.6,0,5
warrior,4,64622.5,9,3
abundant,3,70171.33,3,3
musical,13,86823.46,6,12
belonging,4,24189.0,13,3
drench,6,87646.67,24,5
lydia,14,32305.89,16,13
solicite,3,58181.33,11,3
gummy,4,63043.67,4,4
i.,12,53989.11,5,12
mutual,14,60112.15,0,14
fiddle,4,88609.83,13,4
jiggedy,3,6.0,2,3
poop,3,61190.0,8,2
appropriate,5,80150.6,1,4
characteristic,6,82409.33,19,4
squander,3,133259.33,9,2
liar,5,98204.8,18,3
hawthorn,3,133284.0,2,3
valley,4,107791.83,10,4
surrender,3,71980.67,5,3
danger,11,79407.02,19,11
rollick,3,62792.0,3,2
tun,3,101473.33,4,1
singer,3,98045.33,5,3
endeavour,6,57324.13,27,5
prelude,3,78925.33,4,3
endear,4,8868.0,3,4
merciful,7,74929.62,11,7
octave,3,68270.0,6,2
phial,6,64040.93,20,4
jenny,3,78034.0,2,3
tenderness,3,42202.0,2,3
dilate,4,60039.83,13,4
lionel,10,44473.47,11,10
pre,3,1406.0,10,2
warbling,3,59118.0,12,3
madrid,3,126792.67,5,3
languor,3,39367.33,6,3
dominant,3,110313.33,3,3
soar,5,30266.0,20,4
serene,5,85832.2,7,4
spin,3,91459.33,17,2
bravo,7,86793.24,11,4
tank,9,68212.06,13,8
coral,5,91069.0,3,5
jail,5,102350.2,6,5
rift,3,58574.67,6,2
lute,3,67215.33,8,3
calmer,4,28883.33,3,3
vibration,4,98899.83,13,1
production,5,74906.0,20,5
hark,6,41261.4,14,3
corpus,4,66093.0,7,3
acquainted,3,95484.67,15,3
quill,4,71326.33,4,4
nigh,7,27180.76,5,7
plus,9,84179.94,0,9
scale,4,90390.5,9,4
queenstown,4,91404.0,10,4
heard,4,54743.33,8,0
haven,3,24882.67,11,3
cooe,4,49632.33,10,3
excited,4,102436.0,7,3
bye,6,68387.13,12,5
twentyfour,3,74838.0,2,3
reference,3,55783.33,4,3
excite,10,86649.67,51,9
pun,3,99822.67,8,2
minor,9,81065.67,9,9
limited,7,83627.43,11,7
clifford,4,87980.0,0,4
kiernan,12,83285.08,1,12
turk,4,118760.17,10,2
yashmak,3,50136.67,5,2
admittance,3,94772.0,5,2
distinct,7,56537.52,12,6
nobly,3,58322.67,4,3
tinkling,4,71368.17,4,3
gallant,11,53091.13,9,11
mere,6,76712.67,0,6
vessel,11,61084.69,20,11
_qui,3,82995.33,11,2
outstretched,3,76884.67,0,3
talon,5,49266.4,13,5
fatigue,5,70399.4,10,5
painful,8,78343.75,9,7
hoary,3,45789.33,0,3
cubicle,3,106032.0,5,3
traitor,4,33006.5,3,4
wreck,7,60356.48,17,5
domestic,10,64760.13,5,10
expressive,5,106803.6,16,5
gunn,5,80481.2,0,5
crocodile,3,85417.33,1,3
spinoza,4,117311.0,2,4
philosophy,5,79732.4,11,3
eighteen,3,112655.33,7,2
cassock,3,79267.33,10,3
yeoman,7,68802.57,1,7
polite,7,84813.43,7,6
protrude,6,64031.33,11,6
tap.,17,398.84,14,10
foghorn,3,78383.33,6,3
compose,8,63516.79,28,7
conceal,9,84500.5,20,9
binding,3,107892.0,9,3
far.,3,1.33,0,3
exquisitely,3,18415.33,2,3
barry,7,33346.57,2,7
wonderworker,7,52452.57,12,5
parchment,3,62797.33,3,3
armchair,3,68134.0,10,3
pom,10,44472.73,19,2
kismet,4,45733.17,4,2
askew,4,68643.83,7,4
costume,17,63220.91,56,17
appointment,3,122390.0,4,2
marks,3,101234.67,0,3
envisage,4,96726.17,17,2
candlestick,7,63124.19,13,7
kran,3,1.33,0,3
epitaph,3,69048.0,3,3
ballock,3,127296.67,9,3
garrison,3,106847.33,2,3
herzog,4,73224.67,0,4
circumcise,4,97486.83,9,2
geraghty,5,45228.6,8,5
notorious,4,51284.17,6,3
_and,3,96258.0,0,3
vendor,8,36217.32,28,7
purchaser,7,41421.43,17,7
videlicet,3,101871.33,9,3
avoirdupois,5,58109.4,17,5
pence,7,94189.71,11,7
sterling,10,83679.62,7,10
amount,13,76137.72,44,11
calendar,3,113524.67,1,3
pledge,6,26086.87,19,6
dispose,4,85666.0,15,4
until,7,62290.67,0,7
duly,4,81276.83,0,4
successor,3,55263.33,4,2
assign,5,94099.0,7,5
strict,5,72969.6,5,5
trader,4,9485.33,11,4
courthouse,4,11529.0,8,3
flounder,4,64737.0,10,4
generally,10,40063.84,0,10
numerous,3,109874.0,3,2
firstclass,3,61710.67,0,3
foliage,3,68154.67,10,3
ornament,5,67111.4,16,4
proximity,4,97777.83,16,4
insect,5,70383.6,6,4
voyage,6,91568.73,17,4
eblana,3,80691.33,6,3
district,3,50662.67,9,3
extensive,3,106954.67,0,3
chieftain,3,10097.33,4,3
extremely,5,100081.8,0,5
tally,3,90605.33,5,2
rape,4,55332.0,8,4
pulpy,3,82477.33,1,3
innumerable,3,103714.67,1,3
ram,6,41108.2,18,5
medium,3,60548.67,3,3
distinguished,7,94982.67,4,7
vale,4,121287.17,16,4
distend,3,61289.33,9,3
mangy,5,105125.2,0,5
garryowen,7,59216.95,8,6
corporal,10,64821.58,1,10
rory,3,702.0,3,3
begeo,4,11658.67,10,2
foreign,14,66593.38,10,13
arrah,5,80928.8,11,5
terry,21,7354.19,7,20
garry,4,11547.17,4,3
towser,3,48509.33,4,3
several,30,54123.27,4,30
project,15,61683.79,31,13
obscurity,6,71142.53,13,6
dimension,7,75583.9,26,6
cavity,4,79432.17,15,4
reverberation,3,104476.67,13,2
formidable,3,109068.0,1,3
summit,5,94638.2,16,5
extremity,3,96232.67,7,3
shod,3,70451.33,7,3
tribal,3,59742.0,0,3
murphy,12,64657.38,5,12
higgins,9,58690.28,3,8
dante,3,98663.33,7,3
franklin,6,16334.47,9,6
napoleon,4,66591.0,8,3
hayes,3,73596.67,0,3
colleen,5,41388.4,8,5
bawn,5,83115.2,9,3
dolly,5,92644.4,7,4
savage,6,76113.53,10,6
repress,4,79013.83,13,3
robb,4,90610.67,13,3
armour,4,72626.0,6,4
vincent,15,20797.28,7,15
carr,30,24445.27,76,10
35,3,117142.0,3,3
lineage,3,100966.67,9,3
oxter,4,62262.0,9,4
li,4,46904.5,16,2
process,8,72204.18,24,8
alf.,5,6087.8,3,5
succulent,3,84526.0,0,3
ill,15,84288.21,16,15
britain,7,86550.38,11,7
empress,3,108558.67,6,2
india,4,92251.67,2,4
willy,8,15070.14,24,7
direct,12,61044.42,32,10
particularly,14,54540.93,3,14
discharge,11,73604.69,32,11
emanate,3,88260.0,4,3
solar,5,64187.6,1,5
whereabouts,4,85061.33,9,4
submit,3,106507.33,8,3
development,7,80772.57,20,7
interrogate,4,74932.5,10,2
equip,4,94039.83,10,4
modern,12,70307.94,3,12
purest,3,63032.0,1,3
evidently,15,26200.86,0,15
afford,7,80844.29,32,5
mars,3,101840.67,3,3
mischief,3,116489.33,6,3
defunct,4,89785.33,10,3
k.,13,68210.46,21,12
ascertain,4,90124.83,10,3
cornelius,3,87464.67,3,3
responsible,5,66744.2,19,5
interment,4,81541.17,9,4
assurance,4,87958.67,3,4
intimate,5,64910.0,11,5
satisfaction,15,47216.63,32,14
blackguard,4,97765.33,7,4
hardwicke,4,95068.17,0,4
expose,7,69994.67,15,6
truest,4,23530.67,4,4
extinction,6,77802.93,14,6
_...,4,75559.0,0,4
prison,9,83998.0,17,9
execute,10,78035.71,34,7
grab,8,48699.25,34,3
rumbold,6,57854.47,11,3
border,4,91461.67,9,4
travelling,3,80452.0,3,3
expense,6,72492.87,19,6
therein,5,36257.6,0,5
whatsoever,5,92090.4,0,5
saith,9,17944.67,16,8
wherefore,3,89319.33,4,3
poker,5,72819.0,11,5
instantaneous,5,39931.8,2,5
consequent,6,80019.67,3,6
approve,3,28934.67,5,3
calculate,7,82456.29,20,6
violent,9,52776.17,3,9
thereby,6,71202.87,0,6
facilitate,3,105112.0,12,2
result,24,48198.77,64,19
faculty,5,71973.4,13,5
erection,5,76913.2,20,4
scab,3,45724.67,6,3
training,4,70699.33,8,4
argument,5,63716.6,9,5
swank,3,18098.0,4,3
_city,3,110008.67,0,3
arms_,3,110008.67,7,3
pisser,9,62571.39,12,8
playing,3,96615.33,0,3
owl,5,73098.8,14,5
cope,3,48686.0,5,3
sample,4,71220.5,12,3
affect,8,63223.54,13,6
belfry,3,23300.0,9,2
ghastly,3,70384.67,0,3
testify,3,76734.67,11,2
artillery,3,72620.0,3,2
supernatural,3,106511.33,0,3
assemble,4,29847.17,9,3
multitude,4,51636.0,17,4
maintain,4,57053.67,17,3
intervene,3,98988.0,3,3
upholster,5,77454.0,4,5
provide,12,79431.97,37,8
considerable,5,76787.0,0,5
amusement,4,79812.0,6,4
h,9,86612.72,12,9
m,5,97480.0,8,5
element,6,68276.53,21,6
unexpected,3,104492.0,0,3
addition,4,98891.33,10,4
picturesque,3,79345.33,1,3
delegation,5,22905.4,12,5
commendatore,3,374.0,19,3
crane,3,58361.33,9,3
rudolph,20,53698.05,46,15
hi,6,44645.53,8,3
delegate,6,30744.13,17,5
exception,4,70187.83,9,3
nameless,5,42149.4,0,5
altercation,5,93826.8,15,5
ensue,7,68710.48,25,3
correct,8,62525.07,18,7
resort,4,82200.67,20,2
freely,6,78781.13,0,6
solution,12,39437.58,35,10
suggestion,15,50559.77,39,14
congratulate,4,68990.0,13,2
adviser,5,39482.2,12,4
arrival,5,66302.8,11,4
sombrero,3,57346.0,11,3
possession,12,69700.21,47,10
administer,7,57640.95,29,4
pool,5,60574.2,14,5
perforate,3,106166.67,1,3
aperture,3,107458.67,11,3
admirer,6,86750.13,14,5
mahogany,3,116424.67,0,3
arrange,8,77566.43,27,4
reception,4,45621.5,11,4
etc.,8,76532.39,2,8
extract,4,91996.67,15,3
precious,6,96945.2,3,6
convey,5,79287.0,20,2
evince,3,78161.33,10,3
proceedings,4,74168.0,8,4
abnegation,4,80980.0,10,2
immediately,8,84873.54,0,8
acced,3,94440.67,9,3
esteem,5,63896.4,16,4
elect,4,53829.5,5,4
bystander,4,54995.17,9,4
loving,5,61787.4,0,5
suitable,5,74885.8,7,5
garb,8,45760.75,23,8
permit,7,67325.71,25,4
cherish,3,31384.0,11,3
recollection,4,79540.17,11,4
oblivious,3,32995.33,4,3
spectator,4,90974.33,20,3
venerable,3,26822.67,1,3
merriment,3,73312.0,9,3
audience,6,77606.27,16,6
anon,5,40259.0,2,5
overcome,3,48006.67,13,1
torrent,5,91546.4,17,5
incident,4,62343.83,9,4
occur,9,41591.61,34,7
graduate,3,91562.67,10,3
brooch,4,100204.0,12,4
evoke,6,74851.47,21,4
timehonoured,4,77578.83,1,4
albion,4,90948.67,4,4
expensive,7,75318.48,0,7
preside,3,88670.0,14,2
gauntlet,3,47294.0,8,3
privileged,5,77587.6,3,5
medal,7,70616.67,22,7
lemonade,3,114077.33,4,3
gouger,3,115608.67,8,3
growling,4,29400.33,8,4
marvellous,5,21978.0,3,5
exhibition,7,78631.14,20,7
formerly,3,104718.67,0,3
dietary,3,92338.0,3,2
comprise,3,96138.0,8,1
expert,3,46292.0,8,3
familiarise,3,83606.67,12,3
effusion,4,73774.83,12,4
specimen,9,54518.0,38,7
render,20,60818.83,89,12
scholar,10,55564.29,27,9
disclose,3,56708.67,5,3
indication,3,100106.67,12,3
infinitely,6,75611.27,0,6
complicated,3,55584.67,10,2
indistinctly,3,69603.33,5,3
suggestive,3,74478.67,9,3
suppress,5,88148.4,7,4
giltrap,4,10564.67,9,4
confuse,4,90255.83,8,3
benefit,12,68116.94,40,10
robbery,3,108302.0,15,2
presume,5,56684.6,12,3
sentiment,6,76318.33,20,6
sincerity,4,110225.17,16,3
appreciate,4,67739.83,13,4
actuate,4,82201.17,15,2
entrust,3,55550.67,11,2
confidence,3,91732.67,5,2
inadequate,3,91380.67,0,3
testament,4,36.0,10,4
procure,4,85118.83,10,4
couple,20,62571.42,45,20
explode,4,88728.5,19,3
hoose,3,37382.67,5,2
timber,5,84402.2,1,5
grazier,3,102570.0,4,3
inch,14,60053.65,25,14
ga,6,30.6,8,4
gara,3,38.0,1,2
klook,12,39158.35,11,7
liz,4,63790.5,10,2
leo,9,36308.44,8,9
forbid,4,24134.67,15,3
arise,12,54813.32,55,3
shillelagh,3,68936.0,6,3
forthcoming,4,69748.17,14,4
allfours,3,79.33,0,3
negative,7,78322.0,16,5
treasury,3,50166.67,0,3
speaker,6,81219.8,14,5
modest,3,78743.33,3,3
importance,6,69625.73,30,5
physical,5,74915.2,1,5
president,6,27921.27,6,6
magnificent,3,111434.67,0,3
forcibly,3,82066.67,0,3
excellence,3,29805.33,8,3
practise,7,68357.43,16,7
hiss,3,117792.0,6,3
response,5,70602.6,13,5
hearty,4,22134.67,0,4
remarkably,3,88325.33,0,3
execution,3,92677.33,12,3
veteran,3,80413.33,7,2
fairly,5,66566.0,0,5
advantage,10,65940.56,19,10
anthem,4,74177.33,15,4
international,6,81703.33,1,6
prominent,3,75848.0,1,3
terminate,4,91419.67,10,3
rev.,25,7964.19,143,24
slattery,3,35486.0,2,3
timothy,3,46649.33,12,2
canon,12,16146.11,16,12
agility,3,92378.0,11,2
percy,7,79406.0,18,7
bout,3,36530.0,6,3
firework,8,18684.68,17,6
previous,7,65054.19,1,7
military,4,76949.0,0,4
tense,4,56445.67,7,4
expectation,4,72525.5,11,4
ole,3,34978.0,7,2
alameda,4,91982.83,3,4
clan,3,84997.33,8,3
counsel,7,76990.48,10,7
handwriting,5,85135.8,7,5
examine,11,53213.27,33,9
statement,10,50573.58,20,10
spark,3,85033.33,7,3
hebrew,6,60161.47,6,6
hardworking,3,77444.0,0,3
whereas,12,60385.06,3,11
repair,3,71829.33,11,3
conjure,4,44142.17,20,2
apprehend,5,86231.4,19,3
consequence,19,47295.85,60,17
information,5,75879.2,14,5
bug,3,111220.0,3,3
adulteress,3,119673.33,8,3
decree,3,82747.33,6,3
spider,3,38735.33,3,3
misfortune,3,109632.0,6,3
tupper,3,2918.0,0,3
bloomer,3,112698.67,14,2
bounce,3,73754.0,4,3
puissant,3,45197.33,9,3
befall,3,27398.0,9,3
dwell,3,82112.67,9,3
ether,3,88321.33,6,3
whereby,4,24575.0,0,4
telescope,4,77180.67,8,4
worthy,10,56946.93,12,9
utter,8,59481.11,17,7
_sceptre_,3,80266.0,3,2
_zinfandel_,3,80245.33,5,3
mankind,4,33541.17,2,4
connemara,6,79872.0,4,6
portugal,3,98862.67,2,3
conifer,5,224.4,0,5
elm,3,100696.0,9,3
fashionable,5,81797.2,0,5
barbara,3,66420.67,0,3
lilac,3,97303.33,1,3
kitty,41,20154.45,57,27
ceremony,4,75608.0,12,4
ability,5,73009.6,14,4
nuptial,3,55292.67,0,3
willow,3,83364.0,1,3
kerry,3,23518.0,2,3
cavan,3,34146.67,3,2
evict,4,63111.67,0,4
tenant,7,63126.67,28,6
fighting,3,52107.33,0,3
flog,5,48011.2,18,4
tar,4,64242.83,6,3
gun,12,63259.02,16,12
beresford,4,67475.17,0,4
backside,3,111574.67,4,3
jacky,21,14784.7,35,19
discipline,3,53398.67,10,2
47,4,79607.83,6,4
teresa,4,36500.33,4,4
fart,5,91375.2,6,5
elector,3,42639.33,6,2
dew,7,81973.14,10,7
pox,4,50294.33,10,4
decision,3,101602.67,5,2
persecution,4,87187.0,6,4
hatred,4,442.5,4,4
attribute,4,80473.67,18,0
author,12,67688.59,21,12
distinctly,4,64323.0,1,4
eagle,9,54414.17,15,9
depict,6,71580.8,17,4
learning,3,117674.67,5,3
sligo,4,66103.0,2,4
artistic,7,71951.24,5,6
lynch,70,24104.96,94,39
belong,17,59718.19,48,15
insult,12,48767.53,35,5
morocco,3,110259.33,8,3
almanac,3,21759.33,4,3
bullet,3,36659.33,4,3
adorn,3,44927.33,15,1
universal,10,45914.16,1,10
pattern,3,60578.67,11,2
lovey,3,30846.0,3,3
alice,8,37052.21,6,8
hurrah,3,39422.67,6,2
cromwell,3,76192.0,6,3
_united,3,79746.67,0,3
magnate,3,82667.33,9,3
walkup,3,44.67,2,3
illuminate,4,67277.17,0,4
donor,4,76571.0,7,4
subsequently,13,45810.21,0,13
flourish,5,43251.6,16,3
initiall,3,99203.33,9,2
_throwaway_,4,64175.33,1,4
appoint,5,67752.4,13,4
swamp,4,99494.33,16,4
security,5,78184.0,13,4
lattice,4,114439.17,5,4
lusty,3,28980.0,0,3
aspect,5,78808.4,11,5
veal,3,109867.33,5,3
hog,7,45097.9,10,7
orphan,3,44012.0,2,3
allege,7,48475.81,13,5
presbyterian,3,40880.0,1,3
hungary,5,87057.2,5,5
virag,43,37342.84,59,21
messiah,5,42619.8,15,3
redeemer,3,90398.0,4,3
libation,3,73428.67,11,3
acolyte,3,49290.67,19,2
felix,3,87281.33,7,2
anonymous,4,84462.5,0,4
tuam,3,350.67,3,3
robe,8,29399.0,24,7
babe,10,22107.91,18,8
stag,5,30201.0,8,4
unicorn,3,61089.33,3,3
gradual,5,62198.0,0,5
heal,4,82904.17,12,3
interpret,3,86708.67,9,2
fulfil,3,99108.0,4,3
scripture,3,96000.0,7,3
prophesy,3,42762.67,5,3
cloth,22,48815.86,68,22
grocer,4,76083.5,9,4
celebrant,3,62372.67,5,3
cens,3,6847.33,6,3
nostrum,3,23407.33,2,3
outer,3,82189.33,0,3
mendelssohn,6,57051.33,3,6
appreciative,3,85705.33,5,3
gathering,4,67741.67,7,4
departure,11,58049.05,18,10
behalf,4,61909.33,8,4
section,5,75464.0,16,5
credit,6,63346.87,21,6
maker,3,16398.0,7,3
henchmen,3,76847.33,8,3
floral,3,92032.67,0,3
populace,3,86723.33,12,3
seismic,3,87909.33,0,3
constitute,6,71380.87,12,6
surface,11,42982.33,36,10
vicinity,7,49534.67,21,7
demolish,4,56123.83,14,1
edifice,5,68776.2,21,4
progress,5,56619.8,11,5
literally,7,56415.62,3,7
eyewitness,3,25818.0,3,3
transpire,3,74826.0,13,2
perturbation,3,82909.33,7,3
headgear,3,76783.33,9,3
respectively,7,47445.43,9,7
former,15,49659.62,21,15
extent,6,60783.73,24,6
enormous,3,68360.0,0,3
proportion,8,65750.32,23,7
velocity,4,72398.17,13,4
simultaneously,8,63778.93,0,8
80,3,105471.33,2,3
assault,4,81415.0,9,3
chariot,3,88168.67,7,3
durst,3,15044.67,3,3
fleeting,4,67923.0,1,4
sparkling,3,91281.33,6,3
discuss,4,61077.83,11,3
feminine,10,59205.91,2,10
cissy,66,35152.35,99,54
caffrey,47,40733.72,0,47
edy,39,7492.05,41,38
boardman,26,15776.3,0,26
pushcar,8,5895.43,23,8
scarce,6,16828.8,15,5
spoiled,3,46744.0,4,3
jink,3,31364.0,9,1
bib,5,29717.6,17,5
discord,3,60408.0,2,3
improve,6,59385.33,20,6
relate,3,67062.67,13,3
needless,7,52420.1,12,5
nao,3,37.33,6,3
incline,3,47516.67,6,3
pallor,3,87580.0,8,3
bertha,5,18202.2,11,5
chum,4,52000.17,5,4
innate,3,91102.67,0,3
refinement,3,110533.33,8,3
gentlewoman,3,101230.67,6,3
education,4,60374.33,8,4
mayhap,3,20633.33,5,3
impart,4,59963.17,13,3
princess,4,40811.0,14,4
haunting,3,73529.33,0,3
girlish,4,46613.83,0,4
dignity,8,43724.46,12,8
intermediate,5,91408.6,5,5
intelligence,17,43408.0,46,17
gertrude,4,93488.83,7,4
strangely,3,35797.33,0,3
beau,3,107653.33,4,3
twentytwo,7,33601.9,15,5
womanly,5,41250.8,3,4
beautifully,4,81960.5,0,4
career,9,47592.83,21,9
ciss,5,2425.8,2,5
chinchopper,3,2.67,4,3
rosy,3,54050.0,0,3
benediction,4,2814.83,8,4
distinction,3,73382.67,7,3
social,10,40488.89,4,10
class,12,50266.05,29,11
demon,4,52178.17,2,4
violence,4,71892.67,15,4
fell,4,78715.67,7,2
freddy,4,80728.83,5,3
gout,3,91593.33,4,3
halcyon,5,43795.0,0,5
attitude,7,62553.14,26,7
chocolate,6,49286.4,12,6
thorough,3,73692.67,0,3
dictionary,4,67212.5,16,2
rescue,3,61862.0,6,2
intercept,3,61283.33,8,3
jealousy,8,71175.21,13,7
venture,4,49690.17,14,3
fragrant,4,22491.17,0,4
waft,4,86201.0,16,3
err,7,29415.62,22,6
implore,3,60266.0,9,2
ja,3,26308.67,3,2
dribbling,3,24696.67,5,3
strap,3,105738.0,2,3
teat,3,41781.33,5,3
bailey,4,90440.33,2,4
intellectual,6,53863.2,0,6
instinctively,3,63669.33,0,3
afflict,5,87422.6,17,4
constancy,5,57021.0,11,5
banner,4,66565.17,6,4
o’hanlon,9,13083.11,0,9
institute,3,81171.33,5,3
skinny,3,105794.0,0,3
accidentally,3,82343.33,2,3
babby,3,37111.33,3,3
kissing,3,104077.33,1,3
control,4,70919.5,7,4
fascinate,3,44381.33,8,3
loveliness,3,19498.67,10,3
suspicion,8,46742.36,22,8
mellow,4,81208.5,0,4
waterwork,3,75887.33,1,3
irritation,4,65336.0,5,4
clippe,3,44084.0,14,3
attractive,7,66926.29,9,7
wince,6,36260.8,18,4
deceiver,3,95290.0,7,3
shrivel,3,50855.33,5,3
puny,3,15209.33,2,3
petty,3,86323.33,1,3
ducky,3,42721.33,2,3
consummate,5,64612.2,10,5
lighthouse,3,105141.33,6,3
shady,3,56402.0,2,3
tortoiseshell,3,29582.0,6,2
mist,7,74108.0,21,7
magic,5,47846.2,6,4
happiness,8,42512.93,12,8
omnes,3,22418.0,7,2
intention,5,44458.2,15,5
immodest,3,13746.67,1,3
rung,3,66390.67,8,3
rocket,5,22693.8,11,4
reproach,3,26426.0,8,3
football,3,44644.0,1,3
uneven,3,74524.67,0,3
lame,7,60030.1,5,6
defect,3,87325.33,5,3
coif,3,44714.67,5,3
flirt,4,70960.33,10,3
wrangle,3,89802.67,7,2
shark,4,56684.0,2,4
setting,3,2352.67,11,2
rouge,3,46844.67,10,3
conversation,9,39442.61,17,9
ark,3,46881.33,6,3
solicit,3,60498.0,6,3
propitious,3,70832.0,5,2
mulvey,7,74467.81,7,7
prune,4,69186.33,1,4
prism,3,47326.0,7,2
attract,11,57018.33,43,4
wow,5,41482.6,5,3
zrad,3,2.67,3,3
crook,3,34928.0,8,2
swaddle,3,40246.67,7,3
introduce,9,61740.0,38,6
nondescript,3,55957.33,2,3
seventy,4,86448.17,5,4
december,5,55867.4,9,5
magnetic,3,84244.0,0,3
magnetism,3,70280.67,7,2
sneeze,4,31319.67,12,2
slipper,10,68136.53,20,10
hm,9,25728.89,9,0
opoponax,3,92399.33,5,3
jessamine,3,103920.67,12,3
connection,8,43139.25,16,7
diffuse,3,79291.33,6,2
source,4,54953.67,17,3
insert,9,40773.06,35,4
phantom,8,34944.18,12,8
illusion,3,34653.33,9,1
chandelier,7,40810.67,10,7
atty,3,94160.0,4,3
circus,6,55397.27,8,6
winkle,7,39316.57,2,6
hopping,3,95738.67,10,2
frighten,4,72440.0,12,1
steamer,3,81595.33,9,3
twiteer,3,25692.67,9,3
yumyum,3,46497.33,1,2
hara,3,82966.67,0,3
gobble,4,48758.83,16,3
señorita,3,23931.33,7,3
scottish,4,65545.67,0,4
favourably,3,81630.67,1,3
mite,3,19889.33,7,2
efface,3,12041.33,16,1
sweety,4,65745.17,4,4
deshil,3,5.33,9,0
eamus,3,5.33,0,3
horhorn,3,18.67,3,3
quickening,3,18.67,3,3
wombfruit,3,18.67,3,3
hoopsa,7,12600.19,10,3
boyaboy,3,5.33,0,3
deserving,3,75938.67,15,3
constantly,5,62511.4,1,5
circumstance,7,59879.71,18,7
exterior,4,47239.17,13,4
splendour,4,63218.17,12,4
solicitude,3,82982.0,7,3
absent,3,82694.0,3,3
significance,6,41263.6,15,4
reality,7,42612.76,11,7
boon,5,51377.0,6,5
bounty,4,8540.17,10,4
behove,3,64112.67,12,3
commence,4,82859.67,8,4
accomplish,4,47854.67,3,4
transmit,6,45510.6,15,6
neglect,7,42235.05,19,7
command,9,55669.78,25,7
abundance,3,68660.67,5,3
admirable,3,6751.33,1,3
contain,38,32721.53,93,32
difficult,5,60140.2,15,4
subsequent,3,83058.0,0,3
maternity,4,55788.0,0,4
chiefly,7,58369.05,2,7
sufficiently,3,64599.33,0,3
vehicle,3,70377.33,3,3
impell,3,34144.67,15,3
anticipation,6,62862.8,15,6
surgical,5,61381.4,0,5
latitude,3,83980.0,8,3
terrestrial,6,44927.6,0,6
tumescence,3,76272.67,7,3
thereto,5,50970.4,0,5
bairn,3,21237.33,4,3
learningknight,4,95.5,4,4
suffice,5,52594.4,19,4
buffalo,3,51941.33,6,3
meanwhile,6,50653.47,1,6
intent,5,41816.2,21,5
crotther,6,17965.27,4,6
costello,16,15605.02,9,16
grieve,4,21430.5,17,2
parent,5,44888.2,13,5
giver,3,8692.0,7,3
prick,4,26287.83,16,2
abortion,3,9922.0,6,3
potency,3,73492.0,10,3
lain,3,71160.0,13,3
inform,6,42855.47,27,6
manchild,3,82173.33,8,3
utterly,5,40615.2,0,5
ply,3,77405.33,8,3
busily,3,53103.33,2,3
fraction,6,56879.53,19,6
petition,3,60450.0,5,3
successive,3,75680.0,0,3
pregnancy,3,9294.0,8,2
lewd,4,35560.33,2,4
fervour,3,36642.0,7,2
hereupon,3,62029.33,5,3
andrew,5,54566.6,6,5
matron,3,29693.33,19,3
involuntary,3,74676.0,0,3
poverty,5,60634.4,12,4
confide,4,48193.0,10,3
minim,4,17877.83,16,4
juvenile,5,57364.4,2,5
lecher,4,31560.67,9,4
mingling,3,35644.67,8,3
amorous,3,80212.0,1,3
ultimate,6,51160.53,1,6
agreeable,6,65167.07,4,6
doughty,3,50852.0,3,3
indifferent,4,77269.33,7,4
godly,3,454.67,1,3
fluid,6,21260.67,12,6
nough,3,6972.67,8,2
concupiscence,4,62671.0,7,4
preservative,4,57842.33,13,4
toft,4,32118.67,5,4
faggot,4,70496.83,11,4
sitting,3,72928.67,0,3
moll,5,26906.2,8,2
refresh,4,66462.33,11,4
meantime,3,52963.33,8,2
colt,4,53552.5,14,2
prussia,3,74569.33,0,3
shit,4,81566.67,6,4
posterior,4,58891.17,2,4
pasture,5,52623.4,9,5
devote,3,47026.0,10,3
organism,6,60820.67,26,6
invitation,3,77739.33,8,3
inhibition,3,77814.0,6,3
congenital,3,68053.33,1,3
acquire,4,65377.0,7,4
conclude,11,47532.55,30,9
latent,4,59467.0,4,3
inspect,3,65501.33,8,3
diet,4,68264.5,10,3
coney,3,23988.67,1,3
rodent,3,73140.67,10,3
entertain,5,74125.6,18,4
support,8,48396.29,25,7
analogy,7,42010.76,19,6
professional,9,43251.56,1,9
inmate,4,61812.67,22,4
agitation,4,58023.17,11,4
interrupt,3,66427.33,8,3
narrative,3,73150.67,6,3
salient,3,77150.0,0,3
achieve,4,53907.33,12,4
narrator,15,23140.76,33,13
plainly,3,90426.67,2,3
locket,3,20853.33,4,3
disorder,3,66048.67,10,3
bond,4,15779.33,8,4
imperfect,4,56771.5,1,4
sublunary,3,68207.33,0,3
deluge,3,65060.67,5,3
propriety,3,42107.33,7,3
fittest,3,56528.67,4,3
assembly,3,84010.67,5,3
conjecture,4,60843.0,15,4
modesty,3,34861.33,4,3
simper,3,29688.67,6,3
instruct,5,52890.8,10,5
positive,6,46300.67,10,4
desert,4,53488.0,10,3
revert,3,52370.67,8,3
allot,3,71994.67,0,3
existence,21,42555.45,52,21
precaution,3,56699.33,10,3
foster,3,72047.33,5,3
concede,3,48961.33,10,2
precipitate,3,67650.67,8,2
frigid,3,59970.0,2,3
acquisition,4,53098.67,11,4
practitioner,3,57938.0,13,3
admit,6,45404.67,19,5
civic,5,56838.0,1,5
internal,4,56557.0,1,4
candour,4,67993.5,13,3
violate,5,59082.0,19,4
legitimate,4,42178.17,2,4
illicit,3,54690.0,0,3
intercourse,6,58558.27,14,6
scouringbrush,3,12732.0,6,3
puberty,3,75407.33,3,3
repository,4,60020.17,11,3
adduce,4,47568.67,17,1
exponent,3,63935.33,8,2
exotic,3,69884.67,1,3
sublime,3,37198.67,4,3
apartment,8,31533.21,26,8
unanimous,3,56397.33,5,3
vigil,4,49444.0,8,4
occurrence,6,43024.27,14,6
divergent,3,57888.67,6,2
phase,4,70605.5,11,4
successively,10,27123.38,2,10
secure,6,59831.6,11,5
congestion,3,73270.67,7,2
candidate,4,30817.17,15,4
medial,3,68468.67,0,3
pressure,6,41839.07,19,5
premature,4,64629.83,0,4
exemplify,3,64545.33,9,3
species,4,53493.5,8,4
supernumerary,3,55862.0,9,3
hypothesis,3,73376.67,9,3
antecedent,3,67350.67,4,3
conviction,4,55100.5,7,4
copulation,4,73091.33,11,3
impression,10,39922.29,25,10
refer,3,49078.67,12,2
hitherto,3,61772.0,0,3
invest,3,66084.67,14,3
ecclesiastical,4,51534.17,1,4
chimney,4,43841.83,8,3
recess,3,63873.33,7,3
obliterate,5,63278.8,7,5
distraction,3,71826.67,7,2
mananaun,3,21379.33,5,2
nocturnal,10,35348.42,1,10
hey,4,6298.0,4,3
presto,3,89969.33,5,3
clanbrassil,4,57786.83,0,4
paternal,3,66949.33,6,2
waif,3,72076.0,14,3
bridie,4,7612.67,6,1
murk,3,20193.33,10,3
huuh,3,399.33,3,1
scorpion,3,82197.33,8,3
somnolent,4,57733.83,1,4
magnitude,6,32627.4,20,6
millicent,6,38468.13,7,6
penultimate,3,65303.33,0,3
sapphire,4,15663.33,4,4
allay,3,66852.0,11,1
camel,5,35556.4,13,5
booth,3,68842.0,8,3
confusion,4,71657.33,6,4
label,6,43376.47,16,6
lunar,3,64141.33,1,3
individual,9,32486.11,19,9
visual,3,65732.0,0,3
exhibit,5,43460.0,12,4
symptom,4,59532.33,10,4
thereabouts,3,62515.33,2,3
complexion,4,67749.67,7,4
observation,5,40502.4,9,5
recollect,6,30114.07,22,4
eventually,5,34689.0,2,5
involuntarily,3,71157.33,0,3
eccentric,4,61590.17,3,4
resident,9,43346.17,34,8
st,7,54236.67,4,7
outset,3,52270.67,10,3
scientific,3,59427.33,2,2
factor,4,44745.67,13,4
device,3,15602.0,7,2
passive,5,47460.6,9,4
lurk,3,17388.67,8,3
religious,7,45850.86,9,7
majority,3,83316.67,9,3
undoubtedly,3,49596.0,0,3
seemingly,5,32571.4,0,5
succumb,3,39517.33,14,3
probability,5,42237.0,12,5
increasingly,8,31273.96,1,8
notably,3,38202.67,0,3
maternal,3,64768.0,4,3
nevertheless,6,27808.87,2,6
omnivorous,3,20289.33,0,3
apparently,5,33159.4,0,5
staggering,5,37806.0,2,5
esthete,3,47956.67,5,3
30,8,49287.71,10,8
31,3,68675.33,2,3
presumably,6,41298.87,7,6
doady,3,176.0,3,3
observer,3,70272.0,5,3
alert,3,36430.67,2,3
pose,7,49350.95,15,7
tag,3,82643.33,12,3
progenitor,4,55716.83,10,4
vos,4,27469.33,4,4
avant,4,22462.5,5,3
steve,3,19028.0,5,2
creed,3,56050.0,6,3
beatitude,3,17024.0,23,1
spurt,3,40861.33,3,3
cabby,4,38676.67,7,4
stimulate,6,46008.87,15,4
absinthe,3,32382.0,6,0
timepiece,4,47094.67,9,3
pectoral,3,63560.0,2,3
jock,3,18150.0,6,1
cove,4,65942.5,9,3
mattress,5,55842.2,14,5
_ad,3,62281.33,6,3
nae,3,636.67,0,3
fou,3,637.33,14,0
reservoir,3,53627.33,12,2
pal,5,30613.4,12,3
hed,17,20974.18,3,17
rhodes,3,13418.0,0,3
deposit,6,44649.67,25,4
pflaap,5,8131.2,5,1
brigade,5,11777.6,19,2
proposition,4,53762.83,18,4
diddle,4,28439.17,9,4
nighttown,4,30208.83,7,3
fan,16,16791.12,43,8
gondola,3,79184.0,6,3
snow,4,68662.67,8,4
crawl,4,43360.83,15,3
navvy,14,8564.96,39,9
compton,18,20174.01,30,11
virago,3,30908.67,7,2
croppe,3,46331.33,9,2
the_,4,23567.17,0,4
spaniel,3,13440.0,8,3
illustrate,5,40552.8,12,3
truculent,3,66178.0,0,3
trotter,5,37743.2,9,5
aurora,3,21904.0,0,3
motorman,3,43.33,7,2
providential,3,33553.33,6,1
calle,3,82629.33,7,3
impassive,3,25508.0,12,3
spy,3,68448.67,8,1
contribute,4,44130.33,12,4
retriever,7,21857.81,16,5
weiss,3,11223.33,3,3
feeble,3,41262.67,1,3
severely,3,14874.0,10,3
keyless,3,57354.0,1,3
attach,8,39666.29,15,8
contempt,4,60755.17,11,4
ellen,4,53811.33,10,3
cameo,4,52410.17,3,4
clumsily,3,22133.33,0,3
dreaming,5,56811.0,16,4
absolutely,7,38920.57,2,5
asylum,4,44051.33,10,3
gazelle,3,6384.67,5,3
simpson,3,68006.67,1,3
champagne,3,71279.33,2,3
sandwichboard,3,32752.0,6,3
lapel,3,24467.33,13,3
wean,3,71458.0,9,3
loiterer,4,23530.17,10,2
scaffolding,3,29390.0,5,3
shaving,7,23178.29,10,7
plasterer,3,26814.67,6,3
whores,5,18818.0,14,0
disorderly,3,62893.33,1,3
nuisance,5,67686.4,21,5
stammer,3,33441.33,11,3
signor,3,16308.67,13,1
libyan,3,54976.0,0,3
liniment,4,38526.17,10,4
27,6,46201.33,9,6
vaguely,3,26252.0,0,3
nozzle,4,30803.33,9,4
occupation,4,49299.33,14,4
accurate,5,29774.6,14,5
drawl,3,27928.67,7,2
obvious,3,29250.0,5,2
inherent,3,35803.33,1,3
driscoll,9,307.61,2,9
flannel,3,72896.67,2,3
bogus,3,37272.0,1,3
reform,5,50154.2,8,5
lapse,5,38880.4,10,5
inaudibly,3,27620.67,0,3
client,5,232.2,10,5
somnambulism,3,51232.67,4,3
narrate,4,48986.5,10,3
queens,4,63738.67,3,4
yelverton,6,12293.93,0,6
backhand,3,48964.67,5,3
performance,8,37934.29,28,8
improper,3,40983.33,0,3
bellingham,7,10511.9,0,7
muff,4,53348.67,13,3
botanical,3,55862.0,0,3
defile,3,5646.0,8,3
honouramle,5,284.6,29,0
mervy,5,284.6,0,5
talboys,7,10342.29,0,7
partially,9,31590.72,0,9
nude,5,52150.8,5,5
scourge,3,18700.67,11,1
employ,4,49705.17,18,2
satisfy,6,47717.0,22,4
worm,3,72209.33,9,2
zoe,102,11774.6,181,25
velvet,4,7151.67,0,4
cohen,10,35921.04,2,10
cylinder,4,43843.83,8,4
henceforth,3,56024.0,0,3
dice,3,27275.33,7,2
manufacture,4,34840.33,3,4
hobgoblin,3,5056.0,7,3
_and_,3,22650.67,0,3
connor,3,368.0,3,3
eminence,6,40318.2,21,6
primate,3,8604.0,6,3
dove,4,17271.83,6,4
balcony,3,52552.67,5,3
cushion,4,61251.83,10,4
era,7,35606.57,23,7
extension,3,57150.0,10,3
temporarily,4,38597.83,0,4
inhabitant,3,47328.0,8,3
m’intosh,4,50873.17,5,3
40,4,54940.83,3,4
available,3,53064.67,5,3
coupon,3,54174.67,5,3
50,5,46499.4,3,5
universe,5,44457.8,16,5
erotic,5,37124.6,2,5
hiccup,3,3165.33,17,2
perform,4,33836.5,18,2
32,5,32684.6,0,5
translation,3,46939.33,6,3
advice,5,52390.4,13,4
20,14,29023.14,11,14
festivity,3,39136.0,9,3
manual,4,39570.0,5,4
patriotism,3,32593.33,8,1
bathing,5,42104.6,10,5
oilskin,3,37600.0,4,3
mechanical,4,42592.83,0,4
aconite,6,43682.73,7,6
arsenic,3,59607.33,3,3
storey,3,50596.67,8,3
infantile,4,42434.17,0,4
condense,3,45498.0,5,2
exhibitionism,3,56316.67,8,3
perceptible,3,48546.67,5,3
respectably,3,32128.67,1,3
personage,7,17889.52,38,7
byron,3,69824.67,0,3
begit,29,45.83,77,28
noah,4,36755.5,3,4
guggenheim,3,51830.67,3,3
hirsch,3,51823.33,1,3
szombathely,6,46337.4,16,6
kneebreeche,3,13268.0,6,3
alteration,5,33463.2,14,5
pianola,13,7398.03,30,8
tlee,3,44163.33,6,2
vice,4,41066.17,9,4
ramp,5,42106.8,13,5
antlered,3,12695.33,0,3
moth,6,1766.27,11,4
grate,4,29560.67,6,4
rickett,5,3378.6,0,5
indicate,6,37897.93,26,3
gasjet,5,13237.8,10,3
series,11,22655.49,29,10
florry,42,9027.53,59,27
bolster,3,67034.0,8,3
hymn,3,40147.33,13,2
bah,3,40.0,3,1
separate,8,33531.75,13,7
antichrist,3,49.33,2,3
consummation,5,39636.8,16,5
zenith,3,48510.67,9,3
keel,4,981.17,1,4
kimono,3,57753.33,2,3
seawind,3,6662.67,6,3
wane,4,45432.67,6,3
inadvertently,3,35880.67,1,3
obviously,6,18571.73,0,6
protuberance,3,46081.33,14,3
additional,6,34676.8,0,6
product,4,40777.5,18,2
mnemotechnic,4,35336.83,4,4
parasitic,3,48294.67,0,3
mnemo,3,6736.67,3,0
consult,4,38093.33,18,2
entire,6,26637.33,2,6
1886,10,19535.02,10,10
reiterate,3,52090.67,0,3
knotty,3,24054.67,0,3
puss,4,1.67,4,3
inlaid,3,43744.0,0,3
guitar,5,47032.8,9,5
pendant,3,45393.33,2,3
lawnmower,4,34236.67,6,4
rigid,4,28179.83,5,4
sever,3,32764.67,5,3
zoe.,4,5593.0,8,3
corkscrew,3,37334.67,6,3
zigzag,3,11142.0,3,3
hobbyhorse,4,7807.5,6,4
downwards,5,2838.0,0,5
bella,37,9061.82,70,11
partly,6,24395.4,1,6
regulation,3,44219.33,3,3
impossibly,3,48547.33,4,3
bello,41,1615.98,72,4
inflict,3,42226.0,13,3
brothel,3,36102.0,9,2
gardner,7,27087.05,5,7
cockhorse,3,5949.33,2,3
me.,4,3744.67,5,3
measurement,3,44412.0,4,3
corset,3,52896.0,10,2
laundry,3,62562.0,6,3
instruction,9,19790.06,16,9
clandestine,3,47317.33,0,3
smut,3,56972.67,9,3
lecture,4,38695.33,15,4
attraction,10,32159.22,18,10
newlaid,3,59916.0,0,3
voices,6,7824.47,14,0
outdoor,3,44064.67,2,2
disperse,3,10253.33,9,2
yews,8,846.43,23,0
ssh,3,1280.0,3,2
bough,3,59367.33,8,3
testimonial,5,38198.2,7,4
waterfall,5,614.2,10,2
poulaphouca,13,12800.03,12,11
concussion,3,45292.0,6,2
jersey,6,44833.0,8,6
parting,3,56044.67,1,3
alter,4,34607.0,12,3
thicket,3,36.0,18,3
ramble,3,17323.33,6,2
ce,3,5589.33,2,2
apology,3,22560.67,12,2
dolan,3,39.33,0,3
borlan,8,246.25,10,1
hu,5,2.0,5,4
facial,3,22809.33,0,3
rmm,3,1.33,4,3
omelette,3,48.0,10,1
waltz,6,433.73,15,5
totter,3,4718.67,7,2
of_,3,19032.0,0,3
reverse,9,33008.11,17,8
65,3,35666.67,0,3
perpendicular,3,30013.33,1,3
biddy,4,1052.5,12,0
cunty,4,1224.67,13,0
granny,3,916.67,10,1
revenge,3,48550.0,3,3
fucking,4,583.83,0,4
africa,5,37391.0,9,5
clash,3,18977.33,10,1
handicap,3,31886.0,15,3
davitt,4,25384.33,0,4
epistle,3,32757.33,13,2
fuck,5,46686.8,15,4
prone,4,15844.67,9,4
ute,8,3.0,8,7
injury,4,27292.5,15,4
naturally,5,41269.4,3,4
hah,3,2.67,5,2
preparatory,3,22211.33,6,2
orthodox,4,14051.67,3,4
nonce,3,14580.67,4,3
inasmuch,5,30817.6,4,5
preliminary,4,23217.67,5,4
amiens,4,32953.33,0,4
quandary,3,10192.0,13,2
locality,5,26224.4,14,5
associate,4,15201.33,16,4
commodity,3,29512.67,10,3
complete,11,22369.24,9,11
habitual,3,17802.67,0,3
contingency,4,19688.5,9,4
invariably,5,25418.2,0,5
topic,4,13268.17,16,3
brazier,5,11029.2,12,5
coke,3,7435.33,4,3
sentrybox,5,11020.2,10,5
unusual,4,23530.5,2,4
secluded,3,28098.0,2,3
corley,11,411.75,4,11
redolent,6,25649.13,10,6
publican,3,42745.33,12,3
lodging,4,15157.0,11,4
undesirable,3,31225.33,3,3
needful,3,8902.0,4,3
erroneously,5,24030.2,5,5
billsticker,3,31872.67,7,3
sweeper,3,15318.0,6,3
palpably,5,10730.0,0,5
encounter,4,23883.0,14,3
senior,3,19158.0,4,3
cocoa,8,20433.32,20,8
accordance,3,31390.0,9,2
humorous,3,18085.33,0,3
realise,6,20260.0,27,6
confine,3,20322.0,11,2
augment,5,22701.2,18,4
adjacent,5,17318.4,4,5
anent,3,5874.0,5,3
safely,4,10557.67,0,4
preferably,3,28858.67,2,2
holland,3,27118.0,5,3
unobtrusively,3,11791.33,0,3
fort,4,28691.67,9,3
rainy,3,44208.67,0,3
finally,4,23763.67,0,4
inevitable,5,20503.2,5,5
document,3,27456.67,8,2
iceberg,3,14968.67,2,3
shanty,3,11272.0,8,3
inquire,4,10467.5,17,1
improvement,3,24541.33,8,3
sanguine,3,29723.33,9,3
actually,7,22581.33,0,7
_apropos_,3,11002.67,3,3
rejuvenation,3,19563.33,8,2
derive,6,13813.07,24,4
infancy,4,19632.83,17,3
_alias_,3,17294.0,4,3
lengthy,3,11452.0,1,3
concerned,3,9186.67,7,3
europa,3,43176.0,0,3
fourth,3,20862.0,2,3
derelict,3,38344.0,3,3
habitually,3,25139.33,0,3
contrive,3,2883.33,13,2
townclerk,3,9372.67,6,3
nasal,3,19624.0,1,3
tattoo,3,6189.33,5,3
normal,6,15498.67,2,6
namely,3,6142.67,6,3
skipper,3,2230.0,3,3
medically,3,15972.0,0,3
bareface,3,42499.33,14,3
annihilation,3,27244.0,11,3
capable,4,30813.67,19,4
exclude,3,23991.33,6,3
involve,5,19594.6,4,5
respective,7,12922.38,0,7
dramatic,3,3086.67,0,3
inspection,4,19875.83,9,4
vogue,3,9650.0,11,3
conspicuous,3,15313.33,4,3
identical,6,8523.27,12,6
etcetera,4,32141.17,10,4
sinbad,3,27404.67,12,2
temperament,4,14237.83,12,4
aforesa,4,19616.17,8,4
£,26,12237.25,85,25
100,6,19986.4,4,6
potation,3,6199.33,10,3
exertion,3,9349.33,8,3
downfall,3,3440.0,3,3
principle,5,14660.0,14,5
inwardly,3,5432.67,1,3
political,8,15408.64,2,8
alternative,3,8310.0,8,3
plung,4,31584.0,12,4
similarly,6,9751.0,4,5
perambulation,5,17637.8,12,5
ireland_,4,13935.17,10,4
largely,5,3471.2,1,5
…,3,9.33,0,3
utmost,3,14865.33,0,3
apparent,3,15642.0,3,3
continental,3,7960.0,2,3
stimulation,4,17359.0,11,4
corrigan,4,20375.33,0,4
1000,4,12657.0,0,4
sov,3,98.67,8,2
specie,3,18524.0,3,3
lb,5,32956.0,10,5
1/2,11,21030.36,1,11
reduce,12,15394.68,30,9
acute,3,30575.33,2,3
commanding,3,10409.33,2,3
proprietor,3,19427.33,4,3
attachment,3,13593.33,3,3
siren,3,4653.33,9,3
exceed,4,15281.0,5,4
matrimonial,9,11156.28,0,9
reside,4,6206.67,19,3
openly,4,23152.0,2,4
politics,6,22341.53,8,6
animosity,3,15033.33,6,3
eventuality,3,16005.33,5,3
ontario,4,27557.17,0,4
proposal,4,20995.33,7,4
epps,4,4163.67,4,4
alternately,4,16018.83,0,4
upside,3,34480.0,1,3
totally,3,17473.33,0,3
contemplate,4,9845.17,15,3
chemical,3,12644.67,0,3
matutinal,4,13300.5,0,4
bloomfield,4,26337.67,0,4
1885,3,12046.0,5,3
1888,7,8666.95,5,7
1892,6,7594.67,4,6
1893,8,11343.14,5,8
irregular,4,9993.5,0,4
destination,4,14307.0,9,4
obtain,12,8688.77,36,11
compress,3,10289.33,10,2
certify,3,15218.67,10,2
19,3,7540.67,0,3
ignite,4,9193.67,10,4
potential,3,3922.67,0,3
capacity,3,10912.0,9,3
26,3,5940.0,2,3
22,4,23522.0,6,4
unit,3,6655.33,7,3
soluble,3,1251.33,0,3
gradation,3,16000.0,10,3
hydraulic,3,11230.67,0,3
%,6,9543.33,7,6
october,4,12558.67,5,4
imped,3,13061.33,11,1
concomitant,3,12700.0,1,3
agency,3,14865.33,11,3
°,3,15469.33,9,3
masculine,5,12709.6,0,5
vertical,4,6273.83,1,4
invert,4,7049.33,0,4
/,12,17000.47,2,12
originally,4,7229.17,0,4
lacerate,6,6118.2,5,6
diffusion,4,5374.0,14,4
substitute,5,3311.6,11,5
offering,3,12652.67,9,3
ambition,4,10153.5,10,3
kinetic,3,5014.67,0,3
48,3,14025.33,3,3
49,3,14025.33,0,3
january,5,16583.4,9,5
bouverist,4,78.0,0,4
firstly,3,7408.67,4,3
secondly,3,7389.33,5,3
54,3,286.67,4,3
70,3,9901.33,8,3
0,9,5342.67,4,9
attain,4,4854.67,19,4
calculation,3,11172.67,8,2
afterwards,4,19742.33,0,4
appreciation,3,6928.0,12,3
september,6,9745.67,14,6
1894,3,13699.33,2,3
equanimity,4,9729.83,6,3
protracted,3,8550.0,1,3
reciprocal,3,12688.67,0,3
rudolf,4,9564.17,11,4
survive,3,13143.33,1,3
obsolete,3,7875.33,2,3
arithmetical,4,3177.17,0,4
23,5,17551.8,7,5
solitary,8,3959.89,5,5
verbally,3,2811.33,2,2
narration,5,8284.4,9,5
e.g.,5,5652.4,6,5
conjunction,3,8164.0,10,3
21,4,8361.67,3,4
sunset,3,28996.0,8,3
activity,3,12344.67,8,3
origin,6,5652.33,16,6
comparative,3,11286.67,0,3
suil,4,5.0,1,4
comparison,3,2340.67,8,3
exemplar,4,40.5,24,3
1901,3,6892.0,5,3
schoolfellow,3,1036.67,8,3
interrogation,6,8372.0,15,6
proximate,3,10574.67,1,3
differently,5,5222.0,6,4
cf,4,70.33,0,4
secular,3,10154.0,0,3
recurrence,3,1465.33,16,3
progression,3,5828.67,10,3
hostess,3,44.0,5,3
preclude,3,7794.67,15,1
recurrent,3,8421.33,0,3
operation,3,21340.67,7,3
locate,3,7606.67,12,3
maturity,4,5529.5,6,4
rational,4,6909.67,8,3
reagent,3,8876.0,10,3
exodus,3,7760.0,12,2
ingress,4,1525.5,5,4
maior,3,7385.33,2,3
infinitesimal,3,5437.33,1,3
1st,8,16042.25,3,8
2nd,7,13856.57,1,7
infinity,4,5771.33,7,4
chart,4,5337.0,16,4
rectangular,3,6296.0,0,3
posture,5,6442.0,15,4
prospectus,5,2798.2,15,5
0—0—1,5,36.8,0,5
0—0—4,3,14.67,0,3
consecutive,3,4386.67,1,3
firtree,3,14247.33,7,3
contemplation,4,4037.83,12,3
violator,3,4526.0,11,3
unique,3,2419.33,0,3
1/4d,3,2014.67,7,3
western,4,2954.0,2,4
45,3,9625.33,2,3
viz.,4,3912.0,2,4
im,5,13616.8,4,5
certificate,3,594.67,11,3
irrational,3,676.0,1,3
strait,3,11379.33,10,3
obviat,4,5148.83,7,4
enigma,3,47.33,6,3
washstand,3,11039.33,10,3
semen,3,442.67,3,3
hemisphere,3,85.33,16,3
limitation,3,116.67,7,3
id,38,9940.14,16,37
youd,6,5931.53,4,6
impudence,3,12013.33,4,3
cooking,3,10738.0,7,3
cant,13,8499.28,0,13
theres,8,9293.04,0,8
thatd,4,9773.5,1,4
theyd,3,5192.67,0,3
men,3,7173.33,5,3
arent,3,5114.67,0,3
wheres,6,5384.0,0,6
wogger,4,412.5,2,4
hester,3,9720.0,4,3
rubio,3,7324.67,0,3
whatyoucallit,3,518.0,2,3
millys,3,6454.0,1,3
isnt,4,3302.33,3,4
oughtnt,3,4206.0,8,3
omission,3,3768.0,4,3
